RowId,Location
1,66.36054
2,37.6447
3,31.495312
4,35.936806
5,59.50011
6,37.15454
7,74.38215
8,38.655426
9,37.551056
10,36.74529
11,23.691742
12,36.466843
13,57.39311
14,26.00153
15,80.409744
16,29.992794
17,40.910713
18,25.587769
19,16.457424
20,27.068813
21,48.58711
22,51.78724
23,63.038742
24,75.83408
25,31.505104
26,74.739914
27,46.675232
28,68.2496
29,46.144337
30,84.55431
31,67.5807
32,36.426994
33,29.138878
34,37.922455
35,59.476128
36,37.250843
37,74.7932
38,36.891773
39,36.281418
40,38.478188
41,20.885084
42,38.856857
43,56.114464
44,29.583715
45,80.500755
46,28.891354
47,37.206673
48,30.84264
49,14.310688
50,31.56102
51,48.733234
52,57.914352
53,65.90115
54,77.43206
55,34.375427
56,78.585434
57,49.628784
58,75.0029
59,49.52655
60,86.46575
61,65.16265
62,37.541832
63,31.827751
64,38.965446
65,58.93225
66,37.592476
67,70.511475
68,37.665512
69,36.922646
70,39.429024
71,25.122932
72,40.139828
73,56.021896
74,30.441975
75,75.391945
76,30.515356
77,40.12233
78,31.802286
79,18.015236
80,33.915787
81,50.09473
82,54.008163
83,63.149837
84,75.81762
85,37.117104
86,77.62076
87,49.986996
88,70.493904
89,49.809956
90,83.53644
91,65.07512
92,39.202385
93,31.789501
94,40.102936
95,58.3285
96,39.26056
97,71.51283
98,39.920776
99,37.92973
100,40.474773
101,24.484774
102,41.907974
103,55.84939
104,29.491032
105,76.663666
106,31.998192
107,39.159645
108,30.220531
109,17.49539
110,35.077267
111,49.47791
112,53.68794
113,63.834496
114,76.63652
115,35.605698
116,78.255066
117,49.107437
118,70.59273
119,49.954742
120,82.16304
121,67.92391
122,37.331825
123,28.82073
124,37.702522
125,61.26356
126,37.308815
127,73.66023
128,38.337776
129,34.61401
130,37.610657
131,22.233711
132,38.929527
133,59.08993
134,26.880245
135,79.286545
136,28.3615
137,37.42044
138,26.843061
139,14.5805855
140,31.032825
141,50.223244
142,53.303062
143,63.511677
144,77.59448
145,35.17019
146,78.07384
147,49.291664
148,69.378716
149,49.539635
150,87.66528
151,67.04452
152,37.51467
153,30.499561
154,37.18491
155,59.534863
156,37.481003
157,74.49887
158,38.760242
159,37.423042
160,38.039818
161,22.48597
162,37.98637
163,57.047897
164,28.638292
165,81.12868
166,30.682793
167,38.98787
168,28.776669
169,15.582096
170,29.830196
171,47.982437
172,53.93927
173,63.454468
174,76.842026
175,33.950455
176,77.12366
177,48.15063
178,71.76088
179,48.118404
180,83.872635
181,66.75565
182,35.831245
183,28.49187
184,36.085606
185,58.712612
186,36.331623
187,75.423965
188,36.60903
189,36.394405
190,36.888817
191,19.838432
192,36.889595
193,57.73871
194,26.566
195,81.15039
196,28.098166
197,38.466408
198,26.698711
199,12.353325
200,28.198626
201,49.93953
202,54.357735
203,64.713295
204,75.69005
205,30.349873
206,76.182144
207,48.274208
208,71.809875
209,48.441483
210,84.74925
211,67.07924
212,35.966095
213,30.549797
214,35.728424
215,59.895485
216,36.3468
217,73.82735
218,36.79536
219,37.179897
220,36.74181
221,23.169415
222,36.37967
223,57.155403
224,28.781689
225,79.53354
226,28.989464
227,38.376312
228,29.370428
229,16.47403
230,28.85358
231,49.13015
232,54.99913
233,63.668694
234,75.20538
235,34.65764
236,75.3144
237,48.86317
238,71.762634
239,48.758186
240,82.74694
241,65.37377
242,39.951298
243,32.180614
244,37.482216
245,58.85399
246,39.242714
247,72.50576
248,40.835472
249,37.915833
250,38.742958
251,24.887339
252,38.010086
253,56.684654
254,30.130869
255,79.594315
256,33.99188
257,41.622505
258,29.449028
259,16.781433
260,29.99692
261,48.520287
262,55.86028
263,61.305065
264,77.41432
265,32.118614
266,76.392456
267,46.590305
268,70.98137
269,46.51626
270,85.74997
271,66.108055
272,36.780647
273,30.956444
274,35.383892
275,59.166298
276,36.59364
277,73.40768
278,37.53579
279,37.365116
280,36.347347
281,23.517189
282,36.188324
283,58.484318
284,27.214455
285,79.652695
286,29.944294
287,39.435116
288,26.946865
289,16.303625
290,27.879942
291,48.737217
292,53.30794
293,62.193726
294,73.14073
295,32.3702
296,72.08286
297,47.657738
298,67.2633
299,47.363144
300,81.327995
301,66.556206
302,41.26954
303,32.191666
304,37.274147
305,59.759315
306,39.616913
307,73.7106
308,42.46274
309,37.81577
310,38.246567
311,24.651293
312,37.271324
313,56.823597
314,30.750578
315,81.18544
316,35.399628
317,42.404205
318,29.51205
319,17.743029
320,28.577806
321,47.531437
322,55.054688
323,59.465237
324,80.98443
325,32.79794
326,78.61032
327,45.353092
328,72.53955
329,44.815586
330,87.11091
331,65.278824
332,38.608418
333,32.18905
334,37.641727
335,58.039177
336,38.38366
337,72.109924
338,39.311275
339,38.171158
340,39.023758
341,24.45095
342,39.074192
343,55.101395
344,30.761396
345,78.38971
346,33.674953
347,41.854618
348,31.001062
349,16.289663
350,33.21945
351,49.572456
352,57.906315
353,61.76532
354,76.9798
355,34.502186
356,77.41639
357,48.24349
358,73.408005
359,48.117447
360,83.6694
361,66.143616
362,37.46112
363,30.546667
364,36.13918
365,59.375607
366,37.65507
367,72.548546
368,38.52694
369,36.26436
370,37.391014
371,24.180504
372,36.319496
373,56.931442
374,29.541523
375,78.82656
376,30.691362
377,39.900562
378,28.82853
379,16.295921
380,29.081234
381,48.130924
382,59.60965
383,61.07276
384,76.65922
385,32.41771
386,75.52985
387,46.689713
388,70.79921
389,46.149754
390,86.27744
391,66.739586
392,37.06183
393,28.893936
394,35.668327
395,59.93856
396,37.085762
397,73.501884
398,37.921455
399,35.058258
400,36.154255
401,21.723919
402,36.320065
403,56.087933
404,27.365124
405,79.88208
406,29.706491
407,39.16044
408,27.256252
409,14.414818
410,28.076168
411,45.21688
412,57.274952
413,61.79848
414,75.17377
415,30.41875
416,73.691696
417,45.48651
418,70.39072
419,45.299904
420,84.30503
421,67.37551
422,39.764
423,31.300472
424,37.033768
425,59.533287
426,39.7624
427,74.18678
428,40.957336
429,37.69744
430,38.774757
431,23.409119
432,37.618828
433,56.981052
434,30.879066
435,81.4699
436,34.227043
437,40.593266
438,30.072735
439,16.799578
440,30.129807
441,48.0474
442,59.481403
443,61.25607
444,81.83031
445,32.99292
446,80.32022
447,46.83711
448,76.797455
449,46.299534
450,88.53122
451,66.890594
452,36.57718
453,30.83035
454,35.243446
455,59.80841
456,36.984818
457,73.43307
458,37.816723
459,36.77874
460,35.709797
461,24.359169
462,35.520184
463,58.956905
464,26.501358
465,79.20175
466,29.246836
467,38.915493
468,26.18713
469,17.92971
470,27.201763
471,47.77912
472,50.55242
473,60.966377
474,72.18449
475,33.52531
476,70.982086
477,46.926514
478,65.50899
479,46.57911
480,79.00185
481,65.89002
482,38.225334
483,30.83819
484,36.21879
485,58.059124
486,38.04673
487,73.55923
488,39.032013
489,37.25698
490,37.70907
491,22.596869
492,37.25835
493,55.23155
494,29.799393
495,80.53833
496,33.08658
497,42.13469
498,29.366104
499,14.599052
500,30.9441
501,47.92796
502,59.03459
503,61.022934
504,78.194534
505,32.637264
506,77.32684
507,47.16176
508,73.97862
509,46.41341
510,84.477745
511,64.19591
512,36.414078
513,32.665802
514,37.364983
515,58.6677
516,36.80226
517,69.745346
518,36.643333
519,38.52974
520,38.29055
521,26.410597
522,38.26465
523,57.181343
524,29.411482
525,75.162766
526,30.03164
527,41.520973
528,30.773384
529,19.368616
530,33.02974
531,50.76822
532,56.21745
533,63.930115
534,70.102745
535,34.68379
536,72.02168
537,49.27272
538,67.604774
539,48.838444
540,78.54948
541,65.684944
542,35.904335
543,30.664833
544,37.028305
545,59.336227
546,36.43715
547,71.32254
548,36.24366
549,36.536076
550,37.92164
551,24.283602
552,38.07473
553,56.33481
554,29.159
555,77.17607
556,28.928139
557,38.08679
558,30.412262
559,17.014652
560,32.018845
561,48.843357
562,54.27057
563,62.54943
564,74.091194
565,37.042038
566,75.519165
567,48.939133
568,69.7943
569,48.71598
570,81.72268
571,65.81007
572,34.71275
573,30.678928
574,34.409607
575,59.34266
576,34.65316
577,72.65523
578,35.386997
579,36.200867
580,35.198517
581,23.847237
582,35.401115
583,58.41175
584,24.754715
585,78.83509
586,27.36327
587,38.352207
588,24.999989
589,16.171116
590,27.214802
591,48.160088
592,50.46004
593,62.17463
594,71.51643
595,33.40394
596,71.008896
597,48.20657
598,64.231995
599,47.647926
600,81.24776
601,63.318142
602,36.68036
603,32.72578
604,37.51555
605,56.997425
606,36.991947
607,69.02934
608,36.9097
609,38.50258
610,38.4343
611,26.18363
612,38.327503
613,54.410515
614,30.641857
615,75.252266
616,30.588259
617,40.62966
618,31.75896
619,18.431843
620,32.93962
621,47.953815
622,56.23179
623,61.927525
624,70.62702
625,36.213318
626,72.08856
627,48.232357
628,68.67721
629,48.579514
630,77.998
631,66.7073
632,36.547855
633,30.97673
634,35.171143
635,60.227642
636,35.939945
637,73.12392
638,37.979717
639,36.566345
640,35.089653
641,24.286564
642,35.941803
643,57.400463
644,26.261484
645,79.40298
646,29.79525
647,40.32186
648,25.894402
649,17.080816
650,27.998785
651,47.67662
652,56.50876
653,61.279102
654,72.5012
655,34.749886
656,70.57858
657,47.88569
658,66.60242
659,47.980927
660,81.04094
661,66.29207
662,38.452126
663,31.97072
664,36.752457
665,59.698006
666,37.708595
667,72.822495
668,39.112156
669,36.95749
670,37.43133
671,25.23929
672,36.823914
673,56.432602
674,28.277424
675,79.11969
676,30.837242
677,40.771862
678,27.894094
679,18.327477
680,28.151623
681,47.404278
682,55.67298
683,60.541115
684,77.691315
685,33.955853
686,76.55446
687,46.650677
688,70.79634
689,46.373253
690,85.115524
691,64.39093
692,40.072327
693,34.24345
694,34.32435
695,58.104446
696,39.749916
697,71.00928
698,41.431126
699,39.254757
700,36.10875
701,27.654835
702,33.160416
703,56.030327
704,32.033264
705,77.49736
706,35.120766
707,42.84387
708,29.448044
709,22.149096
710,24.472233
711,44.94675
712,57.75136
713,55.505913
714,74.88841
715,31.53304
716,70.3807
717,43.165565
718,70.826004
719,42.4981
720,78.45613
721,65.469315
722,35.813065
723,31.119476
724,38.14854
725,58.426105
726,35.82997
727,71.29956
728,36.554825
729,36.974228
730,38.008144
731,25.05294
732,39.57463
733,56.086197
734,27.093758
735,77.2354
736,28.504425
737,37.108524
738,29.987103
739,18.125353
740,32.515495
741,46.899155
742,46.983078
743,63.34522
744,70.21428
745,37.872322
746,72.35006
747,48.7859
748,63.12253
749,49.840324
750,76.98501
751,66.88089
752,35.329655
753,29.805197
754,40.154907
755,59.285683
756,36.36006
757,73.813126
758,35.208363
759,36.376713
760,39.36612
761,22.302643
762,42.084503
763,55.719025
764,26.049965
765,78.59418
766,25.569199
767,36.32843
768,29.288246
769,14.875462
770,34.495384
771,48.082672
772,55.236755
773,69.136505
774,71.79277
775,37.020226
776,75.63712
777,51.605324
778,70.26366
779,52.418785
780,82.50537
781,67.07537
782,36.32791
783,29.691294
784,36.218628
785,58.965233
786,36.826614
787,74.28765
788,37.16529
789,36.20716
790,36.92978
791,21.854788
792,36.647423
793,55.149094
794,28.22665
795,80.39995
796,28.898924
797,37.24582
798,28.84651
799,15.527691
800,27.929417
801,45.216927
802,55.874847
803,62.407738
804,78.98634
805,33.943756
806,78.62509
807,46.950935
808,74.36777
809,46.65682
810,86.19559
811,67.624985
812,36.86898
813,29.994127
814,35.19833
815,60.28136
816,36.653862
817,74.60426
818,37.798042
819,36.830612
820,35.940254
821,22.225346
822,36.1114
823,58.123592
824,26.629314
825,81.47536
826,30.085064
827,39.124184
828,26.11945
829,15.379906
830,27.967455
831,47.582954
832,54.027046
833,62.33691
834,74.91968
835,32.189316
836,74.16947
837,46.68583
838,69.348175
839,46.692627
840,83.6549
841,67.46351
842,36.948975
843,29.443802
844,36.341682
845,59.655025
846,37.45941
847,73.94191
848,37.86415
849,35.9237
850,37.844658
851,21.960808
852,37.623055
853,55.71024
854,29.888296
855,80.8644
856,30.640022
857,37.705
858,30.234772
859,14.193684
860,30.782415
861,47.438953
862,59.83347
863,61.975586
864,80.57759
865,35.36295
866,80.47706
867,48.06061
868,76.06715
869,47.642803
870,88.99259
871,65.16527
872,35.788345
873,31.899818
874,36.52567
875,59.231544
876,35.99667
877,70.44125
878,36.03553
879,37.67433
880,37.45456
881,25.76738
882,37.530624
883,56.352833
884,28.205206
885,77.70241
886,29.01985
887,39.93436
888,29.457088
889,17.238459
890,31.47327
891,48.600887
892,57.816338
893,63.836685
894,72.15616
895,34.55544
896,73.77101
897,48.07178
898,67.96852
899,47.935196
900,82.836334
901,66.17279
902,38.96212
903,30.52789
904,37.389137
905,59.203773
906,39.235653
907,73.188416
908,40.31264
909,36.99081
910,38.858845
911,23.202023
912,38.415085
913,56.956882
914,29.938494
915,79.5822
916,33.073868
917,40.458435
918,29.273045
919,15.760036
920,31.53273
921,49.64734
922,57.236862
923,61.599133
924,79.44145
925,32.430737
926,78.63908
927,47.512142
928,73.88016
929,46.92116
930,86.590164
931,64.4953
932,37.44611
933,31.662834
934,37.749283
935,58.941116
936,37.458614
937,71.29301
938,38.666515
939,37.56887
940,38.839386
941,25.03082
942,38.833347
943,55.921795
944,28.858343
945,77.58063
946,31.059439
947,40.568092
948,29.39868
949,17.356184
950,31.94556
951,50.853725
952,50.92397
953,62.951653
954,75.12753
955,36.508232
956,76.18892
957,49.290455
958,68.00312
959,49.314194
960,81.52454
961,65.49727
962,36.159023
963,30.137413
964,35.97235
965,58.524372
966,35.97947
967,71.64474
968,36.66188
969,35.380043
970,35.998577
971,24.099762
972,36.67755
973,56.393024
974,26.743206
975,77.24284
976,27.604673
977,37.596718
978,27.810635
979,16.726936
980,28.82637
981,46.6646
982,47.787365
983,60.305355
984,73.0658
985,35.41517
986,72.99741
987,47.120537
988,63.92804
989,47.304462
990,80.25935
991,67.06271
992,37.089424
993,31.858536
994,36.340843
995,60.39618
996,36.569122
997,73.729965
998,38.616943
999,37.547585
1000,36.28197
1001,25.097519
1002,36.90917
1003,57.506115
1004,26.798714
1005,79.83933
1006,29.770794
1007,40.67804
1008,26.798624
1009,18.433067
1010,28.781841
1011,47.905334
1012,56.809357
1013,62.644794
1014,72.00978
1015,35.58446
1016,70.67766
1017,48.602844
1018,66.94003
1019,48.514263
1020,80.68094
1021,65.160255
1022,36.31505
1023,32.178864
1024,35.125355
1025,58.760475
1026,36.36206
1027,71.28511
1028,37.34854
1029,37.44186
1030,36.08642
1031,25.879082
1032,35.856476
1033,56.04579
1034,27.830746
1035,77.04874
1036,29.89138
1037,41.485542
1038,27.942421
1039,18.907019
1040,28.870865
1041,47.524166
1042,55.53179
1043,60.06383
1044,72.20678
1045,34.72298
1046,71.009445
1047,46.792976
1048,67.518265
1049,46.83571
1050,77.63532
1051,65.49342
1052,38.503983
1053,31.257141
1054,37.691025
1055,59.189857
1056,38.041645
1057,72.665634
1058,39.11264
1059,36.874477
1060,38.042686
1061,24.028656
1062,38.60801
1063,57.702732
1064,27.404879
1065,78.65855
1066,30.085888
1067,39.73545
1068,27.025246
1069,15.974976
1070,28.705002
1071,49.010715
1072,53.34475
1073,63.04944
1074,74.9629
1075,32.437744
1076,74.85046
1077,47.817562
1078,68.52835
1079,48.005764
1080,84.72314
1081,67.3325
1082,37.261215
1083,30.806856
1084,34.470486
1085,60.350403
1086,36.892265
1087,74.41942
1088,38.604134
1089,36.852898
1090,35.757843
1091,22.952667
1092,35.13131
1093,57.787262
1094,27.530504
1095,81.505875
1096,31.372574
1097,39.892067
1098,26.449211
1099,16.096394
1100,26.572535
1101,48.196175
1102,57.45498
1103,60.39501
1104,77.7492
1105,32.20638
1106,75.23544
1107,46.801937
1108,71.8608
1109,46.261543
1110,84.93089
1111,67.45067
1112,38.55629
1113,29.970434
1114,36.54647
1115,59.98139
1116,38.361435
1117,74.46393
1118,39.509514
1119,35.885277
1120,37.57435
1121,22.330399
1122,37.47391
1123,57.195473
1124,29.11716
1125,81.67823
1126,31.827929
1127,38.32603
1128,28.231823
1129,15.057785
1130,28.357521
1131,46.972237
1132,57.315346
1133,60.47827
1134,83.16319
1135,33.662907
1136,82.11546
1137,46.82153
1138,76.649925
1139,46.34674
1140,90.28927
1141,65.40854
1142,37.77374
1143,30.25753
1144,38.291775
1145,58.30211
1146,37.84502
1147,72.169586
1148,38.105453
1149,36.543007
1150,38.112617
1151,22.634506
1152,39.507355
1153,56.758392
1154,28.20134
1155,77.3586
1156,30.895176
1157,38.290848
1158,28.569828
1159,15.34819
1160,32.563965
1161,49.225746
1162,54.210556
1163,64.04665
1164,73.34876
1165,33.403244
1166,74.284546
1167,48.9699
1168,69.4748
1169,49.280098
1170,83.27556
1171,64.680626
1172,36.432976
1173,30.986849
1174,35.224186
1175,58.166267
1176,36.63031
1177,71.34809
1178,37.05069
1179,36.92072
1180,36.09636
1181,23.43754
1182,35.85226
1183,55.599876
1184,28.20468
1185,78.43211
1186,30.5001
1187,40.696312
1188,27.89072
1189,15.798603
1190,28.665462
1191,46.641193
1192,54.640694
1193,60.476753
1194,72.381744
1195,31.695198
1196,72.157845
1197,45.842407
1198,68.1735
1199,45.85103
1200,80.10922
1201,64.72794
1202,39.4237
1203,31.031233
1204,40.946297
1205,58.01921
1206,39.64599
1207,71.71804
1208,39.761875
1209,36.98024
1210,40.742943
1211,23.39244
1212,43.047447
1213,55.340572
1214,28.593798
1215,76.801125
1216,31.567253
1217,38.50715
1218,29.522427
1219,16.272503
1220,35.608307
1221,48.582096
1222,52.148468
1223,64.31799
1224,76.273796
1225,34.673717
1226,78.15249
1227,49.06955
1228,69.48819
1229,49.92091
1230,81.947296
1231,65.70275
1232,36.71295
1233,31.149437
1234,35.2893
1235,58.720734
1236,36.92477
1237,72.87199
1238,37.606503
1239,37.559364
1240,36.313877
1241,23.806126
1242,35.889927
1243,58.28199
1244,27.69857
1245,78.698395
1246,30.09438
1247,39.777237
1248,27.340935
1249,16.75787
1250,28.044872
1251,48.792183
1252,53.70061
1253,61.724834
1254,72.16865
1255,32.1891
1256,71.05278
1257,47.378403
1258,67.50663
1259,47.110737
1260,79.186905
1261,66.90293
1262,35.948223
1263,29.412918
1264,34.916397
1265,60.236755
1266,35.83314
1267,73.571304
1268,37.02311
1269,34.929737
1270,34.91263
1271,22.596859
1272,35.921394
1273,56.11534
1274,25.540838
1275,79.87877
1276,28.216034
1277,38.823162
1278,25.741959
1279,15.468109
1280,27.027477
1281,44.145584
1282,55.508392
1283,61.10148
1284,73.5942
1285,32.185383
1286,71.94823
1287,45.71002
1288,67.40953
1289,45.493824
1290,82.59796
1291,65.665695
1292,35.96646
1293,31.908306
1294,34.38491
1295,58.938606
1296,35.87149
1297,71.47056
1298,37.28662
1299,37.15824
1300,35.41316
1301,25.684013
1302,35.267494
1303,57.180893
1304,27.25721
1305,77.073456
1306,29.69566
1307,41.247272
1308,27.039974
1309,18.85912
1310,28.121479
1311,48.26407
1312,54.509888
1313,59.01687
1314,73.48511
1315,35.160515
1316,72.045944
1317,46.788815
1318,67.18257
1319,46.915287
1320,78.94357
1321,65.741264
1322,35.81153
1323,30.037806
1324,36.141125
1325,58.48329
1326,35.754864
1327,72.07657
1328,36.343315
1329,35.53183
1330,35.988564
1331,23.949505
1332,36.80622
1333,56.429565
1334,26.363329
1335,77.53908
1336,27.040213
1337,37.425423
1338,27.708452
1339,16.60867
1340,29.053087
1341,46.897682
1342,47.440098
1343,61.212643
1344,72.269516
1345,35.654472
1346,72.511314
1347,47.538235
1348,63.693127
1349,47.78075
1350,79.37843
1351,64.10303
1352,36.751423
1353,32.725765
1354,36.557587
1355,58.199062
1356,37.143883
1357,70.652435
1358,37.342968
1359,37.629185
1360,36.870537
1361,26.77972
1362,36.752193
1363,53.793877
1364,28.252209
1365,76.73511
1366,29.136284
1367,40.591145
1368,29.052305
1369,19.606024
1370,28.54223
1371,43.980145
1372,55.749264
1373,60.790714
1374,73.00203
1375,35.39872
1376,72.77292
1377,45.701546
1378,67.77232
1379,45.534027
1380,80.985916
1381,69.55104
1382,37.849075
1383,31.040764
1384,35.79174
1385,61.491837
1386,37.3608
1387,77.55991
1388,40.065918
1389,37.877144
1390,36.533432
1391,23.292566
1392,36.592003
1393,59.35206
1394,24.44883
1395,83.96849
1396,30.076897
1397,39.60136
1398,24.782326
1399,17.201595
1400,26.4859
1401,45.675255
1402,51.15992
1403,63.557426
1404,75.613525
1405,29.807
1406,73.25522
1407,45.03211
1408,68.3136
1409,44.67482
1410,82.64877
1411,65.86246
1412,36.97335
1413,31.474575
1414,36.65377
1415,58.864555
1416,36.97886
1417,72.04661
1418,37.498417
1419,36.650078
1420,37.221096
1421,25.004272
1422,36.891663
1423,56.061947
1424,28.438885
1425,77.87143
1426,28.82138
1427,40.087368
1428,28.645369
1429,17.769047
1430,28.195236
1431,47.259438
1432,56.96542
1433,61.046005
1434,77.918785
1435,34.25271
1436,77.46097
1437,46.75828
1438,71.34257
1439,46.398224
1440,84.71477
1441,67.92681
1442,38.585747
1443,31.081505
1444,34.673824
1445,59.397682
1446,38.402588
1447,75.67156
1448,40.137295
1449,37.88458
1450,36.508476
1451,22.538555
1452,34.37037
1453,57.418488
1454,30.480955
1455,82.692795
1456,33.42792
1457,39.863815
1458,29.410406
1459,17.306396
1460,25.481033
1461,45.25151
1462,58.50437
1463,60.042
1464,78.94508
1465,30.761173
1466,75.64727
1467,44.787415
1468,75.072205
1469,44.08079
1470,84.30744
1471,65.45384
1472,38.342796
1473,28.405046
1474,39.944218
1475,58.442696
1476,38.401978
1477,72.83626
1478,38.596146
1479,34.78806
1480,39.41135
1481,21.079823
1482,40.90139
1483,56.2709
1484,28.597502
1485,78.3656
1486,29.596313
1487,37.577946
1488,30.06533
1489,13.7407
1490,32.970592
1491,47.128284
1492,48.33472
1493,63.640583
1494,75.18651
1495,33.204468
1496,76.832596
1497,47.61952
1498,67.574425
1499,48.736988
1500,82.111855
1501,67.98622
1502,36.631363
1503,29.600784
1504,35.945953
1505,59.75798
1506,37.049652
1507,74.46561
1508,37.681774
1509,36.39512
1510,37.593357
1511,22.051674
1512,37.384865
1513,56.111
1514,29.008377
1515,81.754326
1516,30.96429
1517,37.550323
1518,29.629343
1519,14.29126
1520,30.80354
1521,47.21167
1522,57.940773
1523,62.10446
1524,80.93501
1525,35.09066
1526,80.837814
1527,47.54148
1528,75.8883
1529,47.478943
1530,88.86871
1531,64.93318
1532,36.207306
1533,32.073147
1534,35.23755
1535,58.37549
1536,36.7669
1537,70.62591
1538,36.92743
1539,37.034412
1540,36.14398
1541,25.619427
1542,35.76992
1543,56.442886
1544,28.816975
1545,76.55792
1546,29.266197
1547,40.86192
1548,28.854403
1549,18.117756
1550,28.050076
1551,47.618946
1552,58.75888
1553,59.29624
1554,76.45682
1555,34.44078
1556,75.6636
1557,46.657658
1558,71.180695
1559,46.198463
1560,82.620514
1561,66.772446
1562,39.04701
1563,31.426514
1564,37.63244
1565,59.30478
1566,39.14543
1567,73.415085
1568,40.10597
1569,37.84332
1570,39.04273
1571,23.688255
1572,38.753498
1573,56.74301
1574,30.212639
1575,80.0967
1576,33.23846
1577,40.18022
1578,30.047762
1579,16.869684
1580,31.881514
1581,49.07365
1582,57.907913
1583,62.657143
1584,79.50084
1585,34.281437
1586,78.90044
1587,48.308846
1588,74.631714
1589,48.073765
1590,86.48467
1591,66.564606
1592,36.784897
1593,31.326286
1594,34.494713
1595,58.180252
1596,37.33213
1597,74.19408
1598,37.54756
1599,37.60253
1600,35.894196
1601,22.839981
1602,34.16553
1603,54.81953
1604,29.645798
1605,80.53291
1606,30.913462
1607,39.277348
1608,29.509459
1609,17.88258
1610,26.236832
1611,43.174133
1612,58.75099
1613,60.234818
1614,75.622406
1615,31.498438
1616,73.0697
1617,44.67242
1618,73.77391
1619,43.91455
1620,80.41673
1621,67.39639
1622,37.69477
1623,31.869888
1624,35.926926
1625,60.832817
1626,36.94434
1627,73.78993
1628,39.567814
1629,37.29284
1630,36.37424
1631,25.174952
1632,36.44169
1633,58.07129
1634,27.177927
1635,80.14673
1636,30.565903
1637,40.666775
1638,26.778877
1639,18.792595
1640,28.108063
1641,47.202415
1642,56.83103
1643,61.848946
1644,73.639114
1645,34.624775
1646,71.37447
1647,47.83304
1648,67.43812
1649,47.465687
1650,82.977806
1651,65.88403
1652,38.94117
1653,31.24683
1654,36.57531
1655,58.94684
1656,38.155907
1657,72.901215
1658,39.78614
1659,36.37085
1660,37.45655
1661,23.7145
1662,36.95011
1663,55.724174
1664,29.98659
1665,79.983
1666,32.908417
1667,40.880814
1668,29.571
1669,16.453491
1670,28.777367
1671,47.184296
1672,55.274628
1673,58.855854
1674,81.310875
1675,34.71996
1676,80.40268
1677,46.120945
1678,73.29914
1679,45.30737
1680,88.32903
1681,65.59215
1682,38.06048
1683,31.761902
1684,37.603653
1685,59.401512
1686,38.74237
1687,71.707504
1688,38.713715
1689,36.991737
1690,38.310177
1691,25.305765
1692,38.25347
1693,57.06864
1694,29.318085
1695,77.29521
1696,29.992989
1697,41.37396
1698,29.343922
1699,17.679413
1700,30.894714
1701,48.909992
1702,59.03887
1703,62.23861
1704,76.349014
1705,33.78805
1706,76.49897
1707,47.815285
1708,70.87111
1709,47.305016
1710,84.97601
1711,66.85092
1712,37.042465
1713,29.856588
1714,36.863922
1715,59.75392
1716,36.708794
1717,74.31854
1718,37.696472
1719,36.51139
1720,37.5999
1721,22.080898
1722,38.401947
1723,58.277027
1724,26.120338
1725,80.72386
1726,29.469032
1727,38.874786
1728,26.3461
1729,13.730812
1730,29.977314
1731,50.22457
1732,54.37983
1733,65.90126
1734,75.29814
1735,31.47248
1736,75.269394
1737,49.14623
1738,69.06506
1739,49.142326
1740,86.76657
1741,66.934204
1742,38.779938
1743,29.921186
1744,36.32762
1745,59.925377
1746,38.949318
1747,73.3504
1748,39.767036
1749,36.45488
1750,37.293503
1751,22.343428
1752,36.638287
1753,58.19409
1754,31.00598
1755,79.271545
1756,32.41736
1757,39.047634
1758,29.999641
1759,16.561998
1760,29.02505
1761,48.50789
1762,55.75565
1763,61.224716
1764,76.47356
1765,32.089817
1766,74.74385
1767,46.988834
1768,71.685295
1769,46.663177
1770,83.731964
1771,64.180534
1772,36.053772
1773,32.88617
1774,35.705482
1775,58.711243
1776,36.434837
1777,69.65264
1778,36.41465
1779,37.771507
1780,36.503235
1781,26.647514
1782,36.440994
1783,56.933037
1784,28.86263
1785,74.580734
1786,29.398857
1787,41.256638
1788,29.367533
1789,19.400442
1790,29.895464
1791,49.069817
1792,56.695038
1793,60.596447
1794,74.06492
1795,35.27729
1796,74.98627
1797,47.841385
1798,70.77249
1799,46.979805
1800,80.49538
1801,67.92201
1802,37.242466
1803,29.85036
1804,37.0218
1805,59.545433
1806,36.81708
1807,74.506676
1808,37.860336
1809,36.593098
1810,37.458687
1811,21.863792
1812,38.187073
1813,58.35026
1814,27.32409
1815,80.29698
1816,30.877884
1817,37.88289
1818,27.466265
1819,14.737762
1820,30.931782
1821,50.01794
1822,53.898323
1823,64.26694
1824,76.72128
1825,33.50099
1826,77.107895
1827,48.975754
1828,71.54312
1829,49.311634
1830,86.254395
1831,67.52351
1832,40.946327
1833,30.734398
1834,37.94786
1835,59.15517
1836,40.58662
1837,75.5014
1838,42.113434
1839,37.12523
1840,39.441635
1841,22.411766
1842,38.385246
1843,55.97131
1844,31.649311
1845,82.28523
1846,34.957916
1847,41.446796
1848,30.777035
1849,13.945835
1850,30.211262
1851,47.343662
1852,63.750305
1853,62.835445
1854,84.22793
1855,30.061728
1856,82.725876
1857,46.20672
1858,79.64723
1859,67.35069
1860,34.667618
1861,28.831882
1862,34.994274
1863,60.35653
1864,34.577316
1865,73.59765
1866,35.715675
1867,34.669632
1868,35.08054
1869,22.220852
1870,36.20687
1871,59.010963
1872,24.201706
1873,79.20535
1874,26.40078
1875,38.5857
1876,24.350193
1877,13.643761
1878,28.784416
1879,51.67186
1880,52.107918
1881,62.66506
1882,75.25836
1883,34.694885
1884,75.18612
1885,49.467567
1886,67.04688
1887,49.405636
1888,85.04698
1889,65.702286
1890,36.900536
1891,29.766153
1892,35.04648
1893,59.14032
1894,37.008034
1895,72.09689
1896,38.222794
1897,35.93984
1898,36.298782
1899,22.773392
1900,35.912933
1901,56.130516
1902,28.747389
1903,79.308556
1904,31.316303
1905,40.17081
1906,28.119259
1907,14.90419
1908,28.649118
1909,47.86541
1910,54.937115
1911,59.112335
1912,77.00992
1913,33.076553
1914,75.43695
1915,46.1747
1916,70.400406
1917,45.671524
1918,83.50807
1919,67.179794
1920,39.677345
1921,30.322783
1922,36.60623
1923,59.751034
1924,39.759666
1925,74.51861
1926,41.122772
1927,35.742355
1928,37.768803
1929,22.814053
1930,37.042767
1931,56.506664
1932,30.266426
1933,81.93562
1934,33.22159
1935,39.236507
1936,28.596016
1937,16.000889
1938,27.128323
1939,45.511246
1940,58.465775
1941,58.34223
1942,85.04161
1943,33.13427
1944,83.22865
1945,45.12732
1946,78.25439
1947,44.16288
1948,91.03371
1949,66.8764
1950,38.172165
1951,31.83407
1952,37.252872
1953,60.519627
1954,37.716686
1955,73.366516
1956,39.770584
1957,37.160583
1958,37.17369
1959,25.290684
1960,37.873898
1961,57.377487
1962,27.918896
1963,79.52239
1964,30.784658
1965,40.28023
1966,27.880363
1967,19.07377
1968,29.51557
1969,47.00882
1970,56.975227
1971,61.95235
1972,73.26313
1973,35.84787
1974,71.75023
1975,48.38719
1976,67.49915
1977,48.188633
1978,81.82142
1979,64.33046
1980,37.029083
1981,31.98688
1982,37.708515
1983,58.870583
1984,36.549194
1985,70.10518
1986,37.30868
1987,36.90377
1988,38.35448
1989,25.695004
1990,38.552677
1991,55.781082
1992,29.373018
1993,76.123505
1994,30.249653
1995,40.735573
1996,30.613441
1997,17.997734
1998,31.573442
1999,50.099144
2000,52.19984
2001,61.673714
2002,74.84482
2003,37.632767
2004,76.03056
2005,49.3042
2006,67.725555
2007,49.03754
2008,82.42318
2009,65.13923
2010,35.911377
2011,30.400145
2012,36.34134
2013,57.695446
2014,35.812675
2015,71.54575
2016,36.162407
2017,35.903286
2018,36.027863
2019,24.391468
2020,36.575222
2021,55.90937
2022,26.71896
2023,76.27376
2024,26.889217
2025,37.863503
2026,28.109932
2027,17.037758
2028,29.069784
2029,47.05141
2030,47.554306
2031,60.866856
2032,71.663765
2033,35.7119
2034,72.110535
2035,47.386894
2036,64.326324
2037,47.793648
2038,77.52503
2039,66.03436
2040,36.25717
2041,31.551788
2042,37.57087
2043,59.37726
2044,36.602364
2045,72.21417
2046,36.708916
2047,38.22015
2048,38.471794
2049,24.132153
2050,39.190193
2051,58.04796
2052,29.434292
2053,77.30821
2054,29.754068
2055,40.092716
2056,29.755169
2057,17.087048
2058,34.02834
2059,53.078007
2060,53.00463
2061,64.736465
2062,74.13807
2063,37.443825
2064,76.657974
2065,51.2909
2066,70.11803
2067,51.36586
2068,81.53599
2069,65.14779
2070,35.34536
2071,31.597866
2072,37.163902
2073,58.15698
2074,35.284714
2075,71.137245
2076,35.93168
2077,37.304268
2078,37.17404
2079,26.13053
2080,37.92016
2081,55.252556
2082,27.218613
2083,76.46243
2084,28.01927
2085,37.4994
2086,29.906698
2087,19.312792
2088,31.156942
2089,46.544514
2090,47.270138
2091,62.495106
2092,69.960785
2093,38.386223
2094,71.60511
2095,48.260273
2096,64.12418
2097,49.05628
2098,75.18504
2099,66.66817
2100,34.637367
2101,30.031988
2102,37.57544
2103,59.45588
2104,36.407944
2105,73.84774
2106,34.630253
2107,37.594696
2108,38.286163
2109,22.052061
2110,39.16474
2111,56.535675
2112,26.06019
2113,80.1906
2114,26.858624
2115,38.398888
2116,28.267693
2117,14.571007
2118,32.62696
2119,48.019356
2120,55.52741
2121,69.74527
2122,67.446075
2123,30.693659
2124,70.55612
2125,49.013203
2126,67.8322
2127,49.422806
2128,80.1039
2129,68.26532
2130,33.829105
2131,30.246754
2132,34.668266
2133,60.07189
2134,33.749916
2135,75.449646
2136,35.3002
2137,37.48282
2138,35.218052
2139,22.961975
2140,35.937546
2141,58.22625
2142,23.012203
2143,81.99775
2144,25.720625
2145,39.777435
2146,24.580303
2147,15.13784
2148,29.278278
2149,49.33887
2150,50.11374
2151,65.64958
2152,72.39145
2153,35.16481
2154,72.800316
2155,49.11026
2156,65.68923
2157,48.94539
2158,81.27219
2159,67.35472
2160,39.407818
2161,28.051926
2162,39.739902
2163,59.47401
2164,39.164246
2165,74.68354
2166,40.345737
2167,34.90175
2168,39.86947
2169,20.496437
2170,40.91136
2171,56.37082
2172,29.45545
2173,81.37549
2174,31.95496
2175,37.53276
2176,30.404325
2177,13.244312
2178,32.245117
2179,46.39621
2180,54.086395
2181,63.262882
2182,83.358406
2183,32.60222
2184,83.44475
2185,46.731277
2186,74.706924
2187,47.060635
2188,90.260826
2189,65.704384
2190,37.09826
2191,31.877378
2192,36.345585
2193,59.772587
2194,37.05542
2195,71.60787
2196,38.707016
2197,36.994102
2198,36.672432
2199,25.99366
2200,37.091843
2201,57.029064
2202,27.982815
2203,78.01679
2204,30.42099
2205,40.287907
2206,28.011415
2207,19.056845
2208,29.626171
2209,47.13699
2210,54.902985
2211,60.571056
2212,72.492226
2213,36.22215
2214,71.573616
2215,47.71492
2216,66.12079
2217,47.63272
2218,80.43394
2219,66.10015
2220,35.928917
2221,31.598757
2222,36.375107
2223,59.92241
2224,35.557194
2225,73.2231
2226,37.15886
2227,37.73307
2228,37.19049
2229,24.83002
2230,37.420135
2231,56.86679
2232,26.425049
2233,79.66167
2234,29.748142
2235,40.228294
2236,27.351051
2237,17.145405
2238,30.00527
2239,50.521004
2240,50.261326
2241,64.30211
2242,73.84868
2243,36.431145
2244,74.668175
2245,49.656673
2246,67.300934
2247,49.76764
2248,81.33139
2249,68.678154
2250,36.78489
2251,29.931385
2252,37.63658
2253,60.273922
2254,37.243973
2255,76.27468
2256,37.368904
2257,36.966965
2258,37.83259
2259,20.605804
2260,38.853355
2261,55.955666
2262,25.197773
2263,81.95444
2264,27.16414
2265,38.980286
2266,26.709278
2267,14.948055
2268,28.520172
2269,46.301624
2270,54.546215
2271,65.57308
2272,78.34383
2273,31.007189
2274,78.81984
2275,47.053047
2276,74.03786
2277,47.02516
2278,84.41821
2279,65.011894
2280,36.66236
2281,31.35501
2282,36.1661
2283,57.852596
2284,36.524384
2285,71.74243
2286,37.205936
2287,36.913155
2288,37.158607
2289,24.175823
2290,36.904297
2291,54.062862
2292,29.69856
2293,78.253265
2294,31.240068
2295,41.194664
2296,29.726215
2297,15.7737465
2298,30.064571
2299,48.295048
2300,57.621544
2301,59.71426
2302,78.62841
2303,35.964603
2304,79.48513
2305,47.620293
2306,74.44124
2307,47.234455
2308,86.012344
2309,66.92664
2310,40.274628
2311,30.52947
2312,37.681824
2313,59.588238
2314,40.3953
2315,74.15421
2316,41.48453
2317,36.418545
2318,38.99869
2319,22.872494
2320,38.35682
2321,57.15448
2322,31.262217
2323,81.28044
2324,33.704132
2325,39.44358
2326,29.90598
2327,15.53511
2328,29.363188
2329,47.483997
2330,59.896164
2331,60.29418
2332,83.64163
2333,33.679245
2334,82.362755
2335,46.934883
2336,78.188
2337,46.195644
2338,90.66023
2339,67.099106
2340,36.889114
2341,30.707909
2342,35.357304
2343,60.413597
2344,36.923653
2345,73.59887
2346,38.177544
2347,36.708736
2348,36.244488
2349,24.449814
2350,35.82158
2351,59.246178
2352,26.852903
2353,79.97379
2354,29.425251
2355,38.613926
2356,26.64397
2357,17.599005
2358,27.383541
2359,47.96743
2360,51.102062
2361,61.845455
2362,72.35303
2363,33.052612
2364,71.20235
2365,46.959682
2366,64.94734
2367,46.66606
2368,81.55211
2369,65.956825
2370,35.81419
2371,31.625446
2372,37.81274
2373,59.139244
2374,36.535606
2375,72.64061
2376,36.306328
2377,38.016342
2378,38.231323
2379,24.455252
2380,39.05868
2381,56.661835
2382,27.972534
2383,77.185814
2384,27.60172
2385,38.807312
2386,29.918179
2387,17.417446
2388,31.67566
2389,50.259224
2390,54.530804
2391,67.41557
2392,68.81631
2393,34.691647
2394,70.65113
2395,50.820126
2396,67.26893
2397,51.196884
2398,78.988815
2399,65.139496
2400,36.82191
2401,31.3437
2402,37.196175
2403,57.948406
2404,37.28865
2405,70.815865
2406,37.1866
2407,37.759964
2408,37.34077
2409,23.858627
2410,38.00397
2411,57.15515
2412,29.249218
2413,75.95364
2414,30.74853
2415,39.74913
2416,29.190678
2417,16.912067
2418,32.9253
2419,50.7103
2420,54.490547
2421,62.6559
2422,72.30804
2423,34.93991
2424,73.38065
2425,49.153244
2426,69.306496
2427,49.359825
2428,80.3597
2429,67.038574
2430,35.35158
2431,30.108292
2432,34.054123
2433,59.74903
2434,35.552345
2435,73.56616
2436,36.826828
2437,36.38191
2438,35.0681
2439,23.39418
2440,34.85927
2441,57.9397
2442,26.402208
2443,79.706436
2444,28.596107
2445,40.3981
2446,26.074917
2447,16.225828
2448,27.147202
2449,48.543858
2450,56.03015
2451,60.507927
2452,74.29144
2453,33.67817
2454,72.38638
2455,47.031723
2456,68.82909
2457,46.70698
2458,81.10216
2459,67.07132
2460,36.85373
2461,30.321009
2462,34.64199
2463,60.456215
2464,36.43633
2465,74.115685
2466,38.553185
2467,36.0234
2468,34.925934
2469,23.442703
2470,35.69274
2471,56.77363
2472,26.45655
2473,80.72981
2474,30.049166
2475,39.89322
2476,25.761192
2477,16.199564
2478,26.77229
2479,46.21062
2480,58.384666
2481,60.577335
2482,74.42479
2483,33.17533
2484,71.60331
2485,46.539185
2486,68.26604
2487,46.603848
2488,83.07048
2489,67.525185
2490,37.082916
2491,30.611446
2492,35.357822
2493,60.406788
2494,36.56536
2495,74.61451
2496,38.49856
2497,36.80941
2498,35.816143
2499,23.3847
2500,36.422485
2501,56.668175
2502,26.784767
2503,81.35402
2504,30.312544
2505,39.904278
2506,26.61515
2507,16.227379
2508,28.10567
2509,46.707977
2510,57.768208
2511,62.217808
2512,75.301636
2513,33.93052
2514,73.25993
2515,47.26203
2516,69.83544
2517,47.351833
2518,83.622116
2519,64.93609
2520,37.891792
2521,31.484303
2522,36.303288
2523,58.20993
2524,38.32907
2525,70.909805
2526,38.599934
2527,37.053078
2528,37.53309
2529,24.90349
2530,36.212692
2531,56.537964
2532,30.516413
2533,77.43272
2534,31.11426
2535,40.949116
2536,29.834087
2537,17.392588
2538,28.728783
2539,47.622696
2540,58.785988
2541,59.53797
2542,77.81343
2543,32.648033
2544,76.45538
2545,46.02459
2546,71.93913
2547,45.37799
2548,84.670044
2549,67.13428
2550,40.58922
2551,30.590292
2552,37.707294
2553,59.811123
2554,40.667427
2555,74.149734
2556,42.021923
2557,36.533264
2558,39.00113
2559,22.869759
2560,38.617313
2561,57.557846
2562,31.165176
2563,81.65854
2564,34.201675
2565,39.21637
2566,29.671951
2567,15.864143
2568,29.456081
2569,47.249763
2570,58.1476
2571,59.88472
2572,83.57449
2573,33.61619
2574,82.16159
2575,46.476086
2576,77.18123
2577,45.86844
2578,90.20031
2579,67.15956
2580,37.987713
2581,31.646929
2582,36.880966
2583,60.662025
2584,38.08517
2585,73.039406
2586,39.06308
2587,37.92848
2588,37.62144
2589,25.015512
2590,36.72151
2591,59.430595
2592,29.869701
2593,78.91595
2594,30.772558
2595,38.89649
2596,29.626045
2597,19.982872
2598,28.445858
2599,47.57522
2600,55.088703
2601,63.083374
2602,71.16182
2603,33.479534
2604,69.72023
2605,47.829624
2606,67.81225
2607,47.233856
2608,80.67646
2609,65.86771
2610,37.887848
2611,30.807774
2612,36.840317
2613,58.87292
2614,37.970764
2615,73.21277
2616,39.19211
2617,37.801605
2618,38.06756
2619,22.98566
2620,37.35842
2621,57.26459
2622,29.825264
2623,79.364494
2624,31.603548
2625,40.61397
2626,29.351082
2627,15.892628
2628,30.295204
2629,49.610256
2630,54.14315
2631,62.32382
2632,75.78333
2633,33.03929
2634,75.903564
2635,47.81902
2636,71.0931
2637,47.582935
2638,82.33897
2639,66.047
2640,35.246536
2641,29.909248
2642,33.993877
2643,59.50724
2644,35.472908
2645,72.585014
2646,36.38113
2647,35.847424
2648,34.823727
2649,22.776175
2650,35.187477
2651,56.688347
2652,26.434338
2653,79.33547
2654,28.735409
2655,39.975624
2656,26.004608
2657,14.637558
2658,27.333324
2659,48.362045
2660,53.809494
2661,60.186375
2662,75.000336
2663,33.8321
2664,73.85623
2665,47.129124
2666,68.4359
2667,46.49637
2668,82.56214
2669,64.884125
2670,38.872223
2671,30.330854
2672,38.109943
2673,58.06092
2674,38.75029
2675,71.864204
2676,39.792442
2677,36.48115
2678,38.163895
2679,22.783504
2680,39.330315
2681,56.7024
2682,28.613407
2683,77.50583
2684,32.90562
2685,39.505035
2686,28.403313
2687,15.670483
2688,32.367744
2689,48.662582
2690,53.296867
2691,61.624474
2692,74.505264
2693,32.441444
2694,74.28203
2695,47.605328
2696,68.999245
2697,47.562355
2698,82.497856
2699,68.37834
2700,38.71062
2701,29.482746
2702,37.822628
2703,60.965717
2704,38.20108
2705,75.64919
2706,39.686172
2707,36.37738
2708,38.362137
2709,21.513187
2710,38.39712
2711,57.753334
2712,28.454548
2713,83.17334
2714,31.651264
2715,38.773193
2716,28.95665
2717,15.12812
2718,30.094421
2719,46.978764
2720,54.827183
2721,63.854362
2722,79.08933
2723,32.96004
2724,78.35206
2725,47.084946
2726,72.413055
2727,47.125435
2728,87.45567
2729,66.18901
2730,37.9421
2731,31.08481
2732,36.046032
2733,58.686047
2734,37.577003
2735,72.67416
2736,38.64028
2737,36.67636
2738,37.181408
2739,23.981339
2740,36.176826
2741,56.897064
2742,28.906673
2743,78.69221
2744,30.97023
2745,40.922226
2746,28.23181
2747,16.59486
2748,28.636763
2749,48.53407
2750,58.865276
2751,60.32601
2752,78.75158
2753,31.789375
2754,76.91383
2755,46.221844
2756,72.033424
2757,45.72791
2758,85.62508
2759,66.629425
2760,37.92594
2761,30.991594
2762,35.74578
2763,59.7309
2764,37.76989
2765,73.06386
2766,39.131
2767,37.09648
2768,36.893288
2769,24.13863
2770,36.283905
2771,57.229534
2772,29.512377
2773,79.5573
2774,31.577276
2775,39.20471
2776,29.222359
2777,17.182713
2778,28.766434
2779,47.401466
2780,55.318947
2781,61.372192
2782,75.564896
2783,33.478863
2784,73.985825
2785,47.02953
2786,69.92629
2787,46.641567
2788,83.50118
2789,68.15613
2790,38.125984
2791,30.014645
2792,34.48193
2793,60.340576
2794,37.50751
2795,75.817696
2796,40.062996
2797,37.233307
2798,35.941597
2799,21.88132
2800,35.492546
2801,60.069016
2802,26.333504
2803,82.71015
2804,32.47687
2805,40.409126
2806,25.58411
2807,15.537018
2808,26.405132
2809,47.3556
2810,52.2061
2811,61.411003
2812,75.67888
2813,27.63106
2814,72.72077
2815,44.61207
2816,68.50346
2817,44.13789
2818,83.69729
2819,67.77844
2820,36.22603
2821,30.21614
2822,35.364044
2823,61.086395
2824,36.439434
2825,73.780914
2826,37.503788
2827,36.67344
2828,36.25256
2829,23.89849
2830,35.78048
2831,60.028664
2832,27.087015
2833,80.446106
2834,29.451265
2835,38.37728
2836,27.106703
2837,17.692707
2838,27.873024
2839,47.71696
2840,51.89654
2841,63.13238
2842,71.12125
2843,32.828033
2844,70.03268
2845,47.378036
2846,65.10424
2847,46.887333
2848,82.220665
2849,65.524025
2850,34.956352
2851,30.91112
2852,34.53244
2853,59.079178
2854,35.259693
2855,71.55845
2856,35.84121
2857,36.65342
2858,34.947475
2859,24.285679
2860,35.14624
2861,56.529156
2862,27.04649
2863,77.52788
2864,28.161854
2865,39.92932
2866,27.137802
2867,16.402447
2868,27.871977
2869,48.826214
2870,53.880646
2871,60.93385
2872,71.998695
2873,35.41621
2874,71.3298
2875,48.104527
2876,67.61234
2877,47.687977
2878,79.00581
2879,67.38747
2880,39.012035
2881,29.807007
2882,38.828552
2883,59.60263
2884,38.817467
2885,75.24641
2886,39.662846
2887,36.59608
2888,39.388786
2889,21.699898
2890,40.23512
2891,56.858627
2892,27.172077
2893,82.471176
2894,30.647696
2895,38.500755
2896,27.345772
2897,13.295593
2898,30.912899
2899,47.327244
2900,55.54948
2901,65.56989
2902,80.04991
2903,30.896456
2904,80.586586
2905,47.313988
2906,72.621925
2907,47.74081
2908,88.664055
2909,65.32574
2910,36.676636
2911,29.01667
2912,38.820568
2913,59.084534
2914,37.41341
2915,71.35211
2916,37.057785
2917,35.30287
2918,38.49676
2919,22.07748
2920,39.657516
2921,56.27886
2922,28.185364
2923,77.074844
2924,28.515137
2925,38.527206
2926,29.844215
2927,13.915863
2928,33.472885
2929,48.891216
2930,55.282368
2931,64.26199
2932,74.437584
2933,34.14354
2934,76.15765
2935,49.36548
2936,70.27715
2937,49.325577
2938,84.02429
2939,64.45318
2940,35.098896
2941,31.86245
2942,33.825203
2943,58.20594
2944,35.047634
2945,70.7827
2946,35.96233
2947,37.263622
2948,35.038857
2949,24.798037
2950,34.59854
2951,55.661198
2952,28.691044
2953,77.03299
2954,30.405228
2955,43.51806
2956,27.543905
2957,16.573992
2958,28.108578
2959,51.21407
2960,55.975613
2961,58.841583
2962,74.71459
2963,35.360107
2964,74.96019
2965,47.933167
2966,69.85533
2967,47.22529
2968,83.07509
2969,64.19093
2970,39.293064
2971,30.256786
2972,35.50048
2973,57.38879
2974,39.121258
2975,71.10486
2976,40.296776
2977,36.005615
2978,36.81527
2979,23.390562
2980,34.839787
2981,54.77386
2982,31.539024
2983,77.61263
2984,34.105747
2985,42.55718
2986,29.317066
2987,15.720871
2988,26.80267
2989,46.891396
2990,58.789307
2991,56.11242
2992,79.65263
2993,30.767487
2994,77.57512
2995,43.972443
2996,74.4854
2997,43.53692
2998,85.17541
2999,64.302414
3000,37.379524
3001,32.926247
3002,37.99901
3003,58.48076
3004,38.04732
3005,69.6319
3006,37.8064
3007,38.555573
3008,38.924866
3009,26.813597
3010,39.159946
3011,56.781914
3012,30.12992
3013,75.47627
3014,30.077152
3015,39.893295
3016,31.129515
3017,19.222954
3018,32.78598
3019,49.02579
3020,57.956436
3021,63.51217
3022,72.96832
3023,35.955803
3024,74.78789
3025,48.899437
3026,69.80022
3027,48.872234
3028,81.32161
3029,65.53368
3030,35.753563
3031,30.677402
3032,34.023384
3033,58.93057
3034,36.24018
3035,71.55754
3036,36.946297
3037,36.222683
3038,35.31861
3039,24.161531
3040,34.911263
3041,57.046288
3042,27.55749
3043,77.347336
3044,29.610752
3045,40.682068
3046,26.917171
3047,17.01872
3048,27.909254
3049,48.455513
3050,55.4527
3051,58.924057
3052,74.393074
3053,34.06048
3054,72.650055
3055,46.67387
3056,68.72685
3057,46.550827
3058,80.566376
3059,66.7283
3060,35.26912
3061,30.170673
3062,33.80963
3063,59.398945
3064,35.481
3065,73.331024
3066,36.785866
3067,36.219826
3068,34.822662
3069,23.40255
3070,34.68583
3071,57.282394
3072,26.120228
3073,79.30881
3074,28.41214
3075,40.611877
3076,25.72265
3077,16.167805
3078,26.862381
3079,47.626877
3080,56.267723
3081,60.13826
3082,73.788185
3083,33.114388
3084,71.87657
3085,46.341606
3086,68.434586
3087,46.23433
3088,80.82408
3089,65.92946
3090,35.383255
3091,30.070766
3092,35.656563
3093,59.10836
3094,35.64684
3095,72.87676
3096,35.931602
3097,36.27067
3098,35.900284
3099,22.77721
3100,36.360172
3101,58.78372
3102,25.680378
3103,78.390366
3104,27.204247
3105,38.352684
3106,25.868097
3107,15.064056
3108,28.364475
3109,49.783146
3110,53.164127
3111,63.809586
3112,70.50724
3113,32.844963
3114,70.51702
3115,49.21897
3116,65.854965
3117,48.741467
3118,80.23856
3119,67.02143
3120,37.90713
3121,30.223717
3122,35.168076
3123,59.6659
3124,37.50599
3125,73.76244
3126,38.68422
3127,36.356636
3128,35.999893
3129,22.514633
3130,35.63797
3131,57.40798
3132,28.512989
3133,79.823135
3134,31.777962
3135,38.71493
3136,27.569946
3137,16.556557
3138,27.471233
3139,46.468266
3140,54.614693
3141,60.35432
3142,75.32658
3143,31.736526
3144,73.09837
3145,45.916004
3146,70.47103
3147,45.67052
3148,82.23605
3149,66.597534
3150,36.762505
3151,32.194035
3152,36.3817
3153,59.48693
3154,36.967274
3155,72.982216
3156,37.631783
3157,38.04813
3158,37.128716
3159,25.563953
3160,37.110348
3161,55.30114
3162,28.301071
3163,79.38887
3164,28.845129
3165,41.61225
3166,28.880684
3167,18.36513
3168,29.183805
3169,46.07222
3170,58.620876
3171,63.22239
3172,76.95352
3173,34.773117
3174,76.18308
3175,46.4447
3176,71.32667
3177,45.937366
3178,84.28369
3179,66.39897
3180,39.037743
3181,31.393505
3182,37.552006
3183,58.95459
3184,38.410305
3185,73.57893
3186,39.662323
3187,36.6419
3188,38.393234
3189,23.378109
3190,39.327576
3191,55.13712
3192,29.583302
3193,80.65366
3194,32.974976
3195,41.19641
3196,29.700504
3197,14.700291
3198,31.5797
3199,47.37141
3200,59.013874
3201,60.83101
3202,83.00593
3203,35.39023
3204,82.99202
3205,47.857765
3206,76.09476
3207,47.33629
3208,90.18712
3209,66.0462
3210,37.505905
3211,31.731339
3212,37.0
3213,59.920586
3214,37.359116
3215,72.327446
3216,38.83741
3217,37.1606
3218,37.132904
3219,25.393726
3220,37.853355
3221,57.035187
3222,28.037584
3223,78.5238
3224,30.446163
3225,40.42797
3226,28.371695
3227,18.610748
3228,30.249605
3229,47.483517
3230,55.34527
3231,61.454895
3232,72.92462
3233,35.857285
3234,72.22891
3235,47.991627
3236,66.98841
3237,48.008232
3238,80.74061
3239,65.52887
3240,37.896072
3241,30.401278
3242,38.30251
3243,58.087845
3244,37.939816
3245,72.25356
3246,38.25573
3247,36.836914
3248,38.39746
3249,22.565945
3250,39.473606
3251,57.016716
3252,29.016144
3253,77.27915
3254,31.535908
3255,38.88565
3256,29.18404
3257,15.5070305
3258,33.25128
3259,50.35029
3260,54.40708
3261,63.453762
3262,74.483604
3263,34.224266
3264,75.623764
3265,49.47744
3266,70.79704
3267,49.607132
3268,83.30522
3269,66.384895
3270,37.771133
3271,28.618069
3272,38.8133
3273,59.12857
3274,37.558933
3275,73.20389
3276,38.70862
3277,34.702805
3278,38.64741
3279,21.59145
3280,40.184597
3281,55.47792
3282,28.226538
3283,79.93193
3284,30.570908
3285,37.32655
3286,29.746416
3287,14.627602
3288,31.98325
3289,45.14009
3290,50.27982
3291,61.621223
3292,79.433014
3293,34.865383
3294,79.793
3295,46.606556
3296,69.90773
3297,46.88651
3298,85.626434
3299,64.73823
3300,38.004025
3301,30.427397
3302,35.187874
3303,58.032166
3304,37.777203
3305,71.570496
3306,38.636192
3307,36.256126
3308,36.382187
3309,23.356081
3310,34.947712
3311,55.237038
3312,30.4939
3313,78.20629
3314,32.69722
3315,41.78836
3316,28.763416
3317,15.919037
3318,27.671581
3319,47.647823
3320,57.027554
3321,57.420322
3322,78.25877
3323,32.517475
3324,77.1004
3325,45.376156
3326,73.23018
3327,44.925766
3328,84.37748
3329,67.65002
3330,36.247166
3331,30.457134
3332,35.54108
3333,61.05018
3334,36.47599
3335,73.4865
3336,37.241356
3337,36.705452
3338,36.471992
3339,24.057602
3340,36.002975
3341,59.82898
3342,27.547382
3343,79.871994
3344,29.131353
3345,38.349724
3346,27.60156
3347,17.75716
3348,27.944141
3349,48.276836
3350,52.969997
3351,63.351494
3352,71.88991
3353,33.230873
3354,71.17936
3355,47.90394
3356,66.62619
3357,47.38917
3358,82.82912
3359,64.09111
3360,36.193497
3361,31.338274
3362,40.006695
3363,57.072365
3364,36.36039
3365,70.66254
3366,36.408577
3367,37.133812
3368,39.29004
3369,25.276768
3370,41.04615
3371,54.362495
3372,27.752296
3373,75.091965
3374,27.517336
3375,37.50739
3376,31.295425
3377,18.032112
3378,33.947372
3379,47.30642
3380,47.106686
3381,64.41455
3382,69.652725
3383,39.07035
3384,72.99881
3385,49.715385
3386,64.13927
3387,51.235676
3388,75.330795
3389,66.9373
3390,36.27304
3391,31.075733
3392,35.32882
3393,60.19207
3394,36.614056
3395,73.13554
3396,37.79312
3397,37.196487
3398,36.25316
3399,24.81423
3400,35.84928
3401,60.034607
3402,26.583723
3403,78.86777
3404,29.052229
3405,38.89746
3406,26.543858
3407,18.074036
3408,28.505796
3409,49.67859
3410,50.2809
3411,62.433674
3412,70.86258
3413,33.818817
3414,70.35155
3415,48.194374
3416,64.1698
3417,47.83868
3418,79.85846
3419,67.21146
3420,37.11933
3421,29.226086
3422,36.46572
3423,59.21663
3424,37.35499
3425,73.847244
3426,37.624153
3427,35.93574
3428,37.812645
3429,21.3313
3430,37.55784
3431,55.883404
3432,29.887278
3433,80.5991
3434,31.127415
3435,38.015503
3436,29.940147
3437,13.45924
3438,31.300617
3439,48.67467
3440,59.094833
3441,61.942177
3442,80.43524
3443,34.54559
3444,80.36467
3445,48.37378
3446,75.97434
3447,47.890984
3448,88.89632
3449,67.797195
3450,36.18383
3451,30.37909
3452,34.639
3453,60.25386
3454,36.112972
3455,73.787964
3456,37.19159
3457,36.65759
3458,35.668236
3459,22.96423
3460,35.30908
3461,57.442917
3462,27.893621
3463,81.03807
3464,30.2842
3465,38.624245
3466,27.79007
3467,16.258114
3468,27.372093
3469,46.32182
3470,56.121315
3471,61.114017
3472,75.85933
3473,33.757755
3474,74.54767
3475,46.79415
3476,71.07912
3477,46.50279
3478,84.21244
3479,64.69186
3480,35.412918
3481,30.974756
3482,35.477
3483,58.08999
3484,35.483616
3485,70.92037
3486,36.0933
3487,36.47649
3488,36.61654
3489,24.274548
3490,36.74741
3491,55.19176
3492,28.616919
3493,77.14064
3494,30.081726
3495,40.872936
3496,28.584366
3497,15.760513
3498,30.439445
3499,50.279114
3500,55.493504
3501,59.535114
3502,77.81948
3503,37.228737
3504,79.35867
3505,48.684124
3506,72.85117
3507,48.32733
3508,85.29914
3509,65.89282
3510,37.20814
3511,31.336485
3512,36.14834
3513,59.093918
3514,36.826527
3515,71.503784
3516,37.725224
3517,36.723183
3518,36.926292
3519,24.251522
3520,36.87585
3521,57.514465
3522,29.234425
3523,78.36363
3524,31.939047
3525,39.20936
3526,29.862873
3527,17.993942
3528,29.696049
3529,47.39151
3530,51.348072
3531,60.2872
3532,73.95883
3533,34.05071
3534,73.81311
3535,46.75462
3536,66.90946
3537,46.57832
3538,82.80273
3539,67.852646
3540,33.30413
3541,30.455116
3542,34.349945
3543,59.862648
3544,33.05831
3545,74.96051
3546,34.28113
3547,37.1361
3548,34.71124
3549,23.355396
3550,35.89481
3551,58.01339
3552,22.423615
3553,81.00586
3554,24.18695
3555,39.970352
3556,23.851118
3557,14.531052
3558,28.670383
3559,51.118786
3560,51.338924
3561,65.75075
3562,73.635925
3563,36.864635
3564,74.95036
3565,50.597263
3566,67.21614
3567,50.631607
3568,82.106926
3569,64.962326
3570,38.779083
3571,29.079372
3572,39.901615
3573,58.638958
3574,38.434002
3575,71.83259
3576,39.089096
3577,34.947693
3578,39.477917
3579,22.158985
3580,40.99285
3581,56.58953
3582,29.313118
3583,77.78441
3584,30.563343
3585,37.944607
3586,30.663233
3587,14.629227
3588,32.828484
3589,47.555847
3590,49.021347
3591,62.709908
3592,75.628555
3593,34.28498
3594,76.90916
3595,47.854908
3596,66.647644
3597,48.674046
3598,84.01256
3599,66.14987
3600,38.910503
3601,30.75673
3602,37.66419
3603,58.8067
3604,39.09008
3605,74.266624
3606,40.434692
3607,37.694668
3608,38.834694
3609,22.533216
3610,38.265793
3611,57.003403
3612,29.685713
3613,80.06145
3614,32.13752
3615,40.247875
3616,29.23186
3617,16.239864
3618,30.026094
3619,48.455856
3620,53.61191
3621,62.786964
3622,76.40008
3623,32.50509
3624,76.05498
3625,47.519997
3626,71.55701
3627,47.406727
3628,82.28021
3629,66.08714
3630,40.335716
3631,32.312527
3632,37.245914
3633,59.152416
3634,39.693787
3635,73.45565
3636,41.594387
3637,38.23503
3638,38.63622
3639,24.84536
3640,37.68053
3641,57.049446
3642,30.04971
3643,80.32004
3644,34.010086
3645,41.680275
3646,28.998886
3647,17.250029
3648,29.056978
3649,47.70704
3650,56.497467
3651,60.932682
3652,78.305046
3653,31.620844
3654,76.498276
3655,46.039925
3656,71.78171
3657,45.6811
3658,85.94925
3659,67.30206
3660,36.909805
3661,31.262054
3662,33.695976
3663,59.718258
3664,37.3888
3665,73.90088
3666,38.31273
3667,37.89806
3668,35.579136
3669,23.71931
3670,33.265285
3671,56.785866
3672,30.328568
3673,81.336975
3674,31.752087
3675,40.530365
3676,29.339478
3677,17.887024
3678,25.697626
3679,45.19139
3680,58.29097
3681,60.099495
3682,75.44745
3683,31.07119
3684,72.93115
3685,44.507828
3686,72.359436
3687,43.91719
3688,82.59766
3689,65.826706
3690,35.958336
3691,31.280907
3692,36.661587
3693,59.39866
3694,36.960876
3695,71.68046
3696,36.291225
3697,37.662247
3698,38.04464
3699,23.920252
3700,37.749054
3701,57.91516
3702,29.654083
3703,76.48128
3704,29.755207
3705,40.286926
3706,30.182724
3707,17.764286
3708,32.911144
3709,51.257492
3710,54.538963
3711,63.68105
3712,72.21654
3713,34.48741
3714,73.837265
3715,49.451366
3716,69.91593
3717,48.929657
3718,80.24467
3719,67.1875
3720,38.32988
3721,31.425655
3722,37.84515
3723,60.44919
3724,38.2454
3725,73.74289
3726,39.33281
3727,37.679237
3728,37.52081
3729,24.565174
3730,38.171124
3731,58.981045
3732,27.472143
3733,79.627975
3734,31.3868
3735,39.073616
3736,27.407883
3737,19.045424
3738,30.26778
3739,48.33061
3740,50.92834
3741,63.172432
3742,71.90055
3743,34.85673
3744,70.96345
3745,48.15341
3746,65.6712
3747,47.94816
3748,79.54412
3749,65.634705
3750,37.270683
3751,32.35544
3752,36.68662
3753,59.79137
3754,37.170063
3755,71.58159
3756,38.72843
3757,37.466087
3758,36.953377
3759,26.387373
3760,37.44584
3761,57.069534
3762,28.15008
3763,77.682175
3764,30.675526
3765,40.794186
3766,28.479977
3767,19.72464
3768,30.341557
3769,47.549973
3770,54.1352
3771,60.76656
3772,71.62462
3773,36.058098
3774,70.83855
3775,47.70359
3776,65.56626
3777,47.636604
3778,78.6661
3779,64.36122
3780,38.169624
3781,32.90141
3782,37.26892
3783,58.978836
3784,38.254684
3785,70.49925
3786,39.397697
3787,38.7462
3788,38.819725
3789,26.473965
3790,38.09357
3791,56.894604
3792,30.572517
3793,76.591515
3794,32.700237
3795,41.72533
3796,30.634289
3797,19.521107
3798,32.042328
3799,51.707314
3800,52.361885
3801,62.559765
3802,72.79351
3803,35.86777
3804,73.301216
3805,49.097645
3806,67.53386
3807,49.046906
3808,79.625725
3809,66.42639
3810,38.35235
3811,30.498976
3812,36.44429
3813,59.39203
3814,37.520332
3815,73.42001
3816,39.46427
3817,37.053593
3818,36.850166
3819,22.949345
3820,37.485992
3821,58.541584
3822,27.242645
3823,79.4074
3824,32.514645
3825,39.479645
3826,26.402609
3827,16.200388
3828,29.746725
3829,49.34219
3830,51.599495
3831,61.6391
3832,74.28303
3833,32.317375
3834,73.274994
3835,47.327744
3836,67.88151
3837,47.09716
3838,82.08696
3839,66.00531
3840,36.80453
3841,32.06358
3842,36.121876
3843,60.045567
3844,36.67092
3845,71.991455
3846,38.49009
3847,37.5562
3848,36.54004
3849,26.25678
3850,36.764824
3851,57.823112
3852,27.669476
3853,78.22455
3854,30.0471
3855,40.743347
3856,27.756662
3857,19.15385
3858,29.511024
3859,48.29487
3860,55.03332
3861,61.83789
3862,70.94906
3863,35.72713
3864,70.142685
3865,48.1942
3866,65.14727
3867,48.178654
3868,80.076035
3869,65.69035
3870,36.013443
3871,30.295197
3872,36.253872
3873,58.55332
3874,35.869694
3875,71.91228
3876,36.743515
3877,35.757637
3878,36.20109
3879,24.3757
3880,36.978634
3881,56.57084
3882,26.446041
3883,77.33351
3884,27.329517
3885,37.642715
3886,27.808771
3887,16.940512
3888,29.393726
3889,47.247032
3890,47.274033
3891,61.269386
3892,72.233696
3893,36.084457
3894,72.50815
3895,47.71275
3896,63.449142
3897,47.987923
3898,79.26072
3899,72.60993
3900,33.36904
3901,27.141563
3902,32.48229
3903,62.350792
3904,33.953484
3905,80.657005
3906,35.00812
3907,36.022335
3908,33.713085
3909,17.283527
3910,32.97673
3911,59.214973
3912,24.299334
3913,89.160965
3914,25.925018
3915,37.592896
3916,24.387001
3917,9.432602
3918,23.550728
3919,46.457718
3920,59.607506
3921,65.73521
3922,81.17813
3923,29.35131
3924,80.04419
3925,46.173958
3926,77.791245
3927,46.11501
3928,90.9191
3929,67.35457
3930,39.410786
3931,30.028618
3932,37.675056
3933,59.715088
3934,39.448307
3935,74.32851
3936,40.451225
3937,36.905727
3938,39.21428
3939,22.332888
3940,38.328648
3941,57.122402
3942,30.879946
3943,81.130516
3944,32.965378
3945,40.360172
3946,30.563818
3947,14.7108
3948,31.411987
3949,48.30496
3950,60.917503
3951,62.65675
3952,81.96293
3953,31.445114
3954,81.50729
3955,46.611317
3956,76.899025
3957,46.27072
3958,89.64105
3959,65.88561
3960,39.163795
3961,31.377735
3962,40.433105
3963,58.641533
3964,39.11621
3965,72.8666
3966,39.6952
3967,37.97381
3968,40.7153
3969,23.482882
3970,42.370472
3971,56.39726
3972,28.832561
3973,78.16283
3974,31.67337
3975,39.048706
3976,29.738224
3977,16.360268
3978,35.3991
3979,50.189236
3980,53.911297
3981,65.68643
3982,76.94168
3983,35.03379
3984,78.79614
3985,49.96299
3986,71.1609
3987,50.665916
3988,83.10374
3989,66.28075
3990,35.165985
3991,28.534546
3992,38.419132
3993,59.309475
3994,36.618446
3995,72.74616
3996,35.389297
3997,34.885925
3998,38.367718
3999,20.615702
4000,40.486458
4001,55.985626
4002,28.359282
4003,77.5945
4004,26.506828
4005,37.594368
4006,29.789913
4007,12.318886
4008,33.170273
4009,52.01198
4010,57.893604
4011,65.467606
4012,76.71319
4013,36.517616
4014,79.46878
4015,52.07421
4016,74.065155
4017,52.12391
4018,85.52522
4019,66.83828
4020,37.62947
4021,31.33332
4022,36.1892
4023,60.260323
4024,37.72225
4025,72.77317
4026,38.695946
4027,37.436752
4028,37.13823
4029,24.31709
4030,36.049232
4031,59.97103
4032,30.045935
4033,78.647224
4034,31.122677
4035,40.140373
4036,29.111164
4037,18.396257
4038,28.225574
4039,50.555195
4040,56.491276
4041,61.43966
4042,73.96179
4043,33.76616
4044,72.32477
4045,48.758995
4046,70.155624
4047,47.68935
4048,82.1568
4049,66.01643
4050,35.4552
4051,31.028759
4052,33.91438
4053,59.419285
4054,35.493767
4055,72.001434
4056,36.82016
4057,36.387444
4058,34.95097
4059,24.851997
4060,34.65792
4061,57.95524
4062,26.648495
4063,77.79607
4064,28.778887
4065,40.778915
4066,26.106724
4067,17.823555
4068,27.040632
4069,48.485725
4070,54.43996
4071,59.301945
4072,73.32782
4073,34.5132
4074,71.49762
4075,46.89288
4076,66.8789
4077,46.65544
4078,79.80321
4079,67.23042
4080,38.88051
4081,28.78311
4082,39.675064
4083,59.510124
4084,38.44976
4085,74.32106
4086,39.88363
4087,35.380043
4088,39.667824
4089,21.5355
4090,40.702503
4091,56.15532
4092,28.85279
4093,80.885124
4094,31.33797
4095,37.718887
4096,30.269981
4097,14.404961
4098,32.40103
4099,45.979717
4100,52.27928
4101,63.606575
4102,81.16874
4103,33.637047
4104,81.45336
4105,46.907444
4106,72.32135
4107,47.296833
4108,87.89377
4109,65.55676
4110,35.809143
4111,32.095448
4112,37.627754
4113,58.977543
4114,36.140446
4115,71.32758
4116,36.551598
4117,37.784737
4118,38.35437
4119,25.615198
4120,39.654408
4121,55.487762
4122,28.176937
4123,77.50421
4124,29.716425
4125,38.08274
4126,30.194782
4127,17.79264
4128,34.004982
4129,48.88552
4130,53.263172
4131,63.38913
4132,73.24178
4133,38.90838
4134,75.07904
4135,49.711197
4136,68.263596
4137,50.126495
4138,80.8351
4139,67.14475
4140,34.26779
4141,30.452719
4142,36.00373
4143,59.522358
4144,34.112183
4145,74.0909
4146,35.312325
4147,37.428146
4148,36.277657
4149,23.609772
4150,37.21302
4151,57.098415
4152,24.174692
4153,80.612976
4154,26.007496
4155,39.738678
4156,26.404135
4157,15.513615
4158,30.93747
4159,49.62538
4160,50.36335
4161,65.365616
4162,72.69263
4163,37.04628
4164,73.79994
4165,49.761417
4166,66.53377
4167,49.629738
4168,80.45945
4169,63.769207
4170,36.334988
4171,32.862526
4172,37.195198
4173,58.03961
4174,36.853256
4175,69.26677
4176,37.309887
4177,38.684513
4178,38.16437
4179,27.148682
4180,37.73609
4181,56.21251
4182,29.800808
4183,74.592026
4184,30.298912
4185,41.2088
4186,30.56487
4187,20.148565
4188,32.18941
4189,51.514748
4190,50.54927
4191,61.54118
4192,72.268906
4193,39.037704
4194,73.65882
4195,49.573784
4196,67.507454
4197,49.80224
4198,76.606926
4199,66.28506
4200,38.10833
4201,31.586502
4202,35.64511
4203,60.04989
4204,37.817047
4205,72.44902
4206,39.62413
4207,37.128994
4208,36.13656
4209,24.92722
4210,36.375
4211,57.06679
4212,28.85232
4213,79.432106
4214,32.601982
4215,40.968365
4216,27.94141
4217,18.01035
4218,28.909338
4219,47.507298
4220,57.44491
4221,60.03492
4222,74.404655
4223,34.02056
4224,71.813644
4225,46.932743
4226,68.53392
4227,46.921535
4228,81.85667
4229,64.80547
4230,39.624725
4231,30.94839
4232,41.434498
4233,58.220978
4234,39.895603
4235,71.81799
4236,40.022755
4237,36.96157
4238,40.919266
4239,23.53862
4240,43.14474
4241,55.81882
4242,28.446539
4243,76.46412
4244,31.108047
4245,38.430748
4246,29.302511
4247,16.687805
4248,35.272552
4249,48.479156
4250,50.32383
4251,64.82438
4252,74.96296
4253,34.71264
4254,77.2151
4255,48.967163
4256,67.6537
4257,49.92575
4258,80.75292
4259,66.24883
4260,36.748943
4261,31.653446
4262,35.635395
4263,59.756992
4264,37.22886
4265,72.17583
4266,38.151573
4267,37.237385
4268,36.339043
4269,25.611324
4270,36.064957
4271,58.883522
4272,27.192175
4273,78.02823
4274,29.60053
4275,38.735573
4276,27.14008
4277,19.470222
4278,28.231222
4279,47.73187
4280,50.18043
4281,60.987194
4282,70.882126
4283,34.633343
4284,70.0245
4285,47.318718
4286,64.02974
4287,47.103485
4288,78.69327
4289,66.48955
4290,36.67323
4291,31.582333
4292,36.658516
4293,60.099026
4294,36.971916
4295,72.197174
4296,37.50772
4297,38.102665
4298,37.855606
4299,24.354406
4300,37.292656
4301,59.176666
4302,29.872313
4303,77.30275
4304,30.748604
4305,40.961227
4306,29.8807
4307,18.536846
4308,31.809982
4309,51.545437
4310,54.867714
4311,63.393238
4312,72.57698
4313,34.37173
4314,73.33778
4315,49.523262
4316,69.913734
4317,48.640526
4318,80.71635
4319,66.272675
4320,38.138542
4321,30.277933
4322,38.444572
4323,58.96405
4324,38.953598
4325,73.57065
4326,39.08047
4327,37.038986
4328,39.69738
4329,22.766264
4330,39.08984
4331,54.77049
4332,31.799385
4333,79.720474
4334,31.965916
4335,38.732468
4336,33.049156
4337,16.368187
4338,32.081074
4339,46.228893
4340,59.003963
4341,63.128338
4342,78.25783
4343,34.298027
4344,78.59138
4345,47.674118
4346,76.31485
4347,47.32099
4348,84.78378
4349,63.825443
4350,36.285778
4351,32.789207
4352,35.574505
4353,57.7748
4354,35.7737
4355,69.59388
4356,36.918125
4357,37.79803
4358,36.753616
4359,26.607777
4360,36.552116
4361,54.518646
4362,29.331821
4363,76.04573
4364,31.625244
4365,41.66463
4366,29.374184
4367,18.736176
4368,30.433828
4369,49.00104
4370,53.979366
4371,58.47242
4372,74.74893
4373,37.958126
4374,75.47892
4375,47.94415
4376,69.35753
4377,47.703205
4378,81.28973
4379,65.788895
4380,35.978363
4381,30.99776
4382,36.244522
4383,59.683994
4384,36.56466
4385,71.441025
4386,36.337303
4387,37.041283
4388,37.190445
4389,23.895424
4390,36.88382
4391,57.548958
4392,29.579739
4393,76.602264
4394,29.85715
4395,40.47686
4396,30.01309
4397,17.7096
4398,31.287477
4399,49.86845
4400,54.99794
4401,62.76098
4402,72.104195
4403,33.995323
4404,72.98302
4405,48.810127
4406,69.622055
4407,48.07716
4408,80.403366
4409,67.264275
4410,37.961693
4411,27.9578
4412,38.84942
4413,59.431828
4414,37.916515
4415,74.61595
4416,38.869667
4417,34.66184
4418,38.75836
4419,20.435799
4420,40.129288
4421,55.850323
4422,27.982697
4423,81.22569
4424,30.2311
4425,37.33271
4426,29.256159
4427,13.345604
4428,31.566418
4429,45.70096
4430,52.324608
4431,62.98886
4432,81.135895
4433,33.210655
4434,81.43021
4435,46.594467
4436,72.74908
4437,46.897957
4438,87.317345
4439,66.459206
4440,36.715424
4441,30.632084
4442,36.063694
4443,58.742302
4444,37.088223
4445,73.567635
4446,37.61724
4447,37.18093
4448,36.88516
4449,22.96458
4450,36.50277
4451,55.973106
4452,28.62237
4453,79.19876
4454,29.419731
4455,38.676315
4456,28.908184
4457,16.679169
4458,28.518581
4459,47.08766
4460,54.949318
4461,62.1881
4462,75.90372
4463,33.869026
4464,75.29158
4465,47.411976
4466,71.79187
4467,47.074238
4468,82.33039
4469,65.87668
4470,38.714783
4471,31.608006
4472,36.050056
4473,59.580536
4474,37.771526
4475,73.605156
4476,39.810276
4477,37.251247
4478,36.774815
4479,24.032154
4480,36.302464
4481,56.2847
4482,27.875458
4483,80.40053
4484,32.096283
4485,41.609028
4486,27.155313
4487,17.474823
4488,27.078222
4489,46.88374
4490,52.826954
4491,60.49929
4492,75.658936
4493,32.086338
4494,73.690926
4495,45.59739
4496,68.24423
4497,45.138855
4498,82.621765
4499,67.60782
4500,37.5915
4501,28.876175
4502,37.882175
4503,59.44933
4504,37.647278
4505,75.03607
4506,38.096382
4507,36.42712
4508,38.21479
4509,20.401054
4510,39.001102
4511,58.331116
4512,27.850224
4513,80.38654
4514,30.45691
4515,38.371674
4516,27.897886
4517,13.154991
4518,31.86193
4519,51.209553
4520,55.7197
4521,65.83413
4522,76.55827
4523,31.905582
4524,77.340675
4525,49.647583
4526,73.53404
4527,49.734825
4528,85.67169
4529,65.57428
4530,38.828323
4531,29.809402
4532,38.633198
4533,58.63725
4534,39.21694
4535,72.54547
4536,39.807945
4537,36.2811
4538,39.522312
4539,22.520145
4540,39.879547
4541,55.19185
4542,29.60617
4543,79.65633
4544,31.773699
4545,38.56732
4546,29.728277
4547,14.882568
4548,32.286644
4549,46.753563
4550,53.822968
4551,61.6658
4552,79.02319
4553,33.173714
4554,79.864876
4555,46.26168
4556,71.76511
4557,46.561535
4558,84.45232
4559,68.07818
4560,37.538765
4561,29.426155
4562,34.765293
4563,59.77121
4564,37.77247
4565,75.912384
4566,38.967533
4567,36.227238
4568,36.2819
4569,20.570068
4570,35.0432
4571,57.126606
4572,28.729162
4573,83.20064
4574,32.386223
4575,39.691666
4576,27.390776
4577,13.180862
4578,26.721813
4579,48.284935
4580,60.00676
4581,60.768047
4582,80.93254
4583,30.079323
4584,78.22702
4585,46.159355
4586,76.81654
4587,45.515682
4588,87.558784
4589,66.90694
4590,35.77117
4591,30.366882
4592,33.493637
4593,59.714397
4594,35.693024
4595,73.354965
4596,37.253296
4597,36.299896
4598,34.932953
4599,23.693588
4600,34.234108
4601,57.586765
4602,26.811983
4603,79.762634
4604,29.447887
4605,40.465336
4606,26.041386
4607,16.682503
4608,26.223166
4609,47.73314
4610,56.212414
4611,59.16176
4612,75.810776
4613,33.190853
4614,73.26292
4615,46.031937
4616,69.5508
4617,45.722324
4618,82.50194
4619,68.171165
4620,33.1047
4621,29.982286
4622,34.368393
4623,60.467327
4624,32.466656
4625,74.73506
4626,35.254696
4627,36.816315
4628,34.490322
4629,23.508049
4630,35.49819
4631,60.008537
4632,21.866924
4633,81.062454
4634,24.944613
4635,39.726078
4636,22.84397
4637,15.293552
4638,28.260208
4639,51.801003
4640,50.820644
4641,65.27634
4642,72.38076
4643,37.029182
4644,72.30464
4645,51.266895
4646,63.815243
4647,50.980553
4648,83.62
4649,66.24232
4650,35.446865
4651,29.646023
4652,34.908646
4653,59.71038
4654,35.478134
4655,73.02229
4656,36.387627
4657,35.249523
4658,34.764484
4659,23.069086
4660,35.618965
4661,56.028187
4662,25.374529
4663,78.982506
4664,27.785236
4665,39.24614
4666,25.705162
4667,15.654205
4668,27.340363
4669,44.84892
4670,55.497406
4671,61.41812
4672,71.25378
4673,32.389286
4674,69.962845
4675,46.157845
4676,65.89917
4677,45.956818
4678,80.39575
4679,64.25488
4680,37.49092
4681,31.777245
4682,37.867107
4683,57.364086
4684,37.33763
4685,71.01608
4686,38.14989
4687,37.031296
4688,38.878654
4689,24.878914
4690,39.55667
4691,53.107334
4692,30.112047
4693,77.28462
4694,32.209415
4695,40.832108
4696,31.02366
4697,16.050968
4698,32.975872
4699,48.60318
4700,57.172844
4701,60.6734
4702,79.40485
4703,37.76903
4704,80.923584
4705,48.752518
4706,74.50768
4707,48.86579
4708,85.89288
4709,67.39816
4710,39.455025
4711,30.318497
4712,36.38922
4713,59.28737
4714,39.659622
4715,75.078926
4716,40.914875
4717,37.28594
4718,38.20393
4719,22.027897
4720,36.67733
4721,56.759094
4722,30.651491
4723,82.328156
4724,34.08277
4725,40.553207
4726,29.452156
4727,15.260754
4728,29.113445
4729,47.43315
4730,60.070343
4731,60.970547
4732,82.44859
4733,31.286404
4734,80.318756
4735,46.06202
4736,77.94749
4737,45.361595
4738,88.512
4739,66.88627
4740,35.304337
4741,31.356457
4742,36.481987
4743,59.414948
4744,36.05579
4745,73.57034
4746,35.892216
4747,38.09413
4748,37.396194
4749,24.037067
4750,37.339783
4751,56.60375
4752,28.47879
4753,78.61206
4754,27.77204
4755,38.352566
4756,30.014563
4757,17.24126
4758,30.644197
4759,49.929665
4760,55.226707
4761,66.47832
4762,71.36518
4763,35.15969
4764,72.67301
4765,50.120125
4766,70.14449
4767,50.450066
4768,79.984055
4769,66.851845
4770,40.33694
4771,29.969204
4772,37.32896
4773,59.344498
4774,40.403732
4775,74.36118
4776,41.406487
4777,35.85465
4778,38.35599
4779,21.895786
4780,37.960598
4781,56.45892
4782,30.925146
4783,81.30804
4784,33.531044
4785,39.1106
4786,29.308712
4787,15.484962
4788,28.34235
4789,46.04623
4790,58.898384
4791,59.13194
4792,84.200905
4793,32.56195
4794,82.41768
4795,45.804222
4796,78.41399
4797,45.03949
4798,89.19037
4799,67.1857
4800,34.03215
4801,30.625988
4802,34.389214
4803,59.543747
4804,33.72578
4805,74.12988
4806,36.074726
4807,37.246426
4808,34.77976
4809,23.542425
4810,35.224792
4811,58.323517
4812,22.751335
4813,80.01491
4814,26.498787
4815,40.072063
4816,23.587383
4817,16.53947
4818,28.145296
4819,49.796772
4820,49.77423
4821,62.307003
4822,72.75035
4823,35.968597
4824,71.88463
4825,48.97924
4826,65.18585
4827,48.30032
4828,79.65149
4829,66.24919
4830,35.40924
4831,29.727661
4832,34.97357
4833,59.809624
4834,35.479393
4835,73.10922
4836,36.373043
4837,35.419197
4838,34.953873
4839,23.073837
4840,35.635494
4841,56.30116
4842,25.50882
4843,78.97125
4844,27.7357
4845,39.390926
4846,25.867382
4847,15.590309
4848,27.44826
4849,45.4588
4850,55.76049
4851,61.910233
4852,71.34518
4853,32.261444
4854,70.33472
4855,46.47386
4856,66.384186
4857,46.341873
4858,80.92563
4859,65.59401
4860,38.580273
4861,30.662277
4862,38.551247
4863,58.861694
4864,38.597828
4865,72.06102
4866,39.5497
4867,36.754646
4868,39.385593
4869,23.66349
4870,39.953762
4871,55.57203
4872,29.659746
4873,79.09946
4874,31.936897
4875,38.631126
4876,30.01207
4877,15.692841
4878,32.598076
4879,48.093025
4880,53.922504
4881,61.832138
4882,79.76787
4883,35.369873
4884,80.82764
4885,47.50429
4886,71.76479
4887,47.797497
4888,85.85661
4889,67.52861
4890,38.11689
4891,28.778801
4892,39.08998
4893,59.14629
4894,38.732452
4895,75.01979
4896,38.675713
4897,36.11103
4898,39.497482
4899,19.89563
4900,40.634003
4901,56.892952
4902,29.840439
4903,81.06653
4904,30.49516
4905,38.740578
4906,30.40644
4907,11.931812
4908,33.53945
4909,50.048042
4910,59.56372
4911,64.42309
4912,80.55159
4913,32.92952
4914,82.231964
4915,49.023354
4916,77.82544
4917,49.20999
4918,87.39233
4919,64.43169
4920,39.317505
4921,31.525309
4922,40.860886
4923,57.953613
4924,39.20834
4925,71.5258
4926,39.528687
4927,37.107384
4928,40.56312
4929,24.309217
4930,42.70331
4931,55.503036
4932,27.713825
4933,76.55292
4934,31.422941
4935,38.741848
4936,28.832645
4937,16.891441
4938,35.202995
4939,48.690926
4940,50.363853
4941,64.5278
4942,74.10156
4943,35.169373
4944,76.456276
4945,49.071476
4946,66.71836
4947,49.968597
4948,80.40245
4949,66.566956
4950,38.807022
4951,30.116413
4952,36.861835
4953,59.132965
4954,39.152077
4955,73.941414
4956,39.72137
4957,35.631165
4958,37.93051
4959,22.404745
4960,37.41156
4961,55.88309
4962,29.987278
4963,80.82497
4964,32.09434
4965,38.918297
4966,29.072636
4967,15.351116
4968,28.429203
4969,46.05097
4970,58.822586
4971,59.49675
4972,83.3509
4973,33.41926
4974,82.257385
4975,46.164783
4976,77.77491
4977,45.51186
4978,89.75263
4979,67.48908
4980,37.04096
4981,29.824497
4982,37.481876
4983,59.60831
4984,37.41707
4985,73.54446
4986,37.3927
4987,36.186314
4988,37.91709
4989,22.183556
4990,38.46381
4991,57.084736
4992,29.498808
4993,78.92368
4994,29.5685
4995,37.786045
4996,30.116362
4997,15.690018
4998,31.568302
4999,49.38997
5000,55.71759
5001,63.61812
5002,77.05203
5003,35.465916
5004,77.556496
5005,49.4509
5006,72.77999
5007,49.36417
5008,84.677086
5009,66.57683
5010,36.289352
5011,30.239223
5012,35.02942
5013,59.914246
5014,36.565887
5015,73.49529
5016,37.16345
5017,37.00432
5018,36.104366
5019,22.786736
5020,35.835297
5021,59.495537
5022,27.400604
5023,79.79619
5024,29.339197
5025,39.28926
5026,26.992336
5027,15.685989
5028,28.039509
5029,49.59253
5030,54.12651
5031,63.036396
5032,71.87007
5033,31.257011
5034,70.83214
5035,48.010662
5036,67.12056
5037,47.550407
5038,81.54253
5039,65.658226
5040,36.82253
5041,30.439562
5042,36.479977
5043,59.10952
5044,37.085083
5045,71.74445
5046,37.647762
5047,37.096107
5048,37.1568
5049,23.656363
5050,37.069878
5051,57.20981
5052,29.104767
5053,77.77612
5054,30.674603
5055,40.114735
5056,29.242146
5057,16.415459
5058,31.081211
5059,49.77855
5060,54.585022
5061,62.04695
5062,73.31538
5063,34.449127
5064,73.175385
5065,48.539345
5066,69.713165
5067,48.07394
5068,80.18711
5069,68.42513
5070,37.235786
5071,28.785522
5072,36.007595
5073,59.946167
5074,37.36286
5075,75.39391
5076,38.377586
5077,35.844032
5078,37.643932
5079,20.843153
5080,37.40805
5081,56.90774
5082,29.014736
5083,82.50071
5084,31.375881
5085,37.774117
5086,29.007004
5087,12.756027
5088,30.41561
5089,48.29338
5090,59.009834
5091,62.391113
5092,81.95049
5093,33.684677
5094,81.32332
5095,47.765064
5096,76.407646
5097,47.430416
5098,91.04845
5099,64.88948
5100,40.326008
5101,31.719725
5102,41.32551
5103,58.42242
5104,39.876205
5105,72.04411
5106,40.717068
5107,37.20771
5108,40.804337
5109,24.588398
5110,42.927177
5111,56.150505
5112,27.792675
5113,77.22861
5114,32.085587
5115,38.749306
5116,28.515644
5117,17.380526
5118,34.603874
5119,48.410774
5120,50.15077
5121,64.513306
5122,74.92615
5123,35.010033
5124,76.55225
5125,48.81391
5126,66.23717
5127,49.632248
5128,81.5381
5129,64.492455
5130,34.998024
5131,31.282307
5132,39.947426
5133,56.64634
5134,36.995926
5135,71.45526
5136,34.874935
5137,37.27745
5138,39.712418
5139,23.978
5140,40.722588
5141,51.236095
5142,29.072472
5143,76.12077
5144,25.44014
5145,36.748184
5146,32.233276
5147,17.080519
5148,33.448925
5149,44.223015
5150,57.976334
5151,66.313385
5152,73.82811
5153,36.961548
5154,77.47523
5155,48.946636
5156,73.24434
5157,49.660915
5158,81.47259
5159,64.367874
5160,36.715538
5161,31.334381
5162,36.207294
5163,57.77527
5164,37.310883
5165,71.69938
5166,37.45873
5167,37.518982
5168,37.223484
5169,23.573956
5170,36.41199
5171,55.445904
5172,30.071922
5173,76.835236
5174,30.269644
5175,40.37394
5176,30.04474
5177,17.010372
5178,29.650366
5179,47.81747
5180,55.211445
5181,61.364876
5182,72.48493
5183,33.318882
5184,72.57127
5185,47.44653
5186,70.28257
5187,47.030937
5188,78.707275
5189,65.354065
5190,35.20643
5191,32.63365
5192,33.727173
5193,58.684162
5194,35.267197
5195,71.53726
5196,36.259186
5197,38.80268
5198,35.279404
5199,25.611725
5200,34.006477
5201,56.977547
5202,27.375956
5203,78.9821
5204,30.135492
5205,41.14177
5206,27.453335
5207,18.302258
5208,27.139936
5209,47.008965
5210,55.402245
5211,61.427544
5212,69.5604
5213,32.20469
5214,68.9845
5215,46.175644
5216,66.50714
5217,45.978485
5218,78.69405
5219,65.96117
5220,38.673584
5221,31.143555
5222,38.51454
5223,58.33881
5224,38.653606
5225,73.25994
5226,39.256992
5227,36.927708
5228,39.208393
5229,22.924435
5230,40.635574
5231,54.539036
5232,30.094963
5233,80.10074
5234,32.307693
5235,41.394165
5236,30.662754
5237,13.577126
5238,33.58973
5239,48.581966
5240,60.41726
5241,62.036533
5242,82.57696
5243,36.01754
5244,83.741714
5245,48.923306
5246,77.25334
5247,48.72711
5248,89.5306
5249,65.592606
5250,41.294903
5251,31.267998
5252,38.36728
5253,58.546246
5254,40.4186
5255,72.114
5256,41.860935
5257,36.336636
5258,39.318604
5259,23.872105
5260,38.951973
5261,56.640865
5262,31.877237
5263,78.93089
5264,35.364216
5265,42.384407
5266,30.562397
5267,15.11301
5268,31.2984
5269,49.199364
5270,59.333412
5271,60.293404
5272,81.99348
5273,31.69049
5274,80.68372
5275,46.864082
5276,74.38672
5277,46.14496
5278,91.34111
5279,66.485214
5280,35.138306
5281,30.550592
5282,33.515
5283,59.451736
5284,35.126255
5285,72.88724
5286,36.383854
5287,36.059044
5288,34.512386
5289,23.939009
5290,34.495407
5291,57.085472
5292,26.093786
5293,78.932335
5294,28.15474
5295,40.333992
5296,25.622524
5297,16.847523
5298,26.409595
5299,47.212395
5300,55.569542
5301,59.45476
5302,73.7151
5303,33.871956
5304,71.75166
5305,46.301422
5306,67.51704
5307,46.310978
5308,80.96245
5309,65.682175
5310,37.19863
5311,32.140793
5312,35.36557
5313,58.50686
5314,37.50486
5315,72.27492
5316,37.917778
5317,37.472992
5318,36.466164
5319,24.655159
5320,36.07923
5321,55.708252
5322,28.778452
5323,78.306244
5324,30.487087
5325,42.353485
5326,28.70209
5327,18.044147
5328,28.09638
5329,47.50502
5330,57.800995
5331,59.56391
5332,77.931335
5333,32.88342
5334,76.573715
5335,45.507828
5336,72.04375
5337,44.805832
5338,82.377335
5339,65.52912
5340,36.452427
5341,31.214285
5342,38.668507
5343,58.861153
5344,36.871555
5345,72.602905
5346,36.944016
5347,37.730156
5348,39.440403
5349,23.86096
5350,40.56788
5351,56.637253
5352,26.981659
5353,78.28399
5354,28.88493
5355,39.134636
5356,28.81029
5357,15.988384
5358,33.879852
5359,50.36422
5360,52.467422
5361,66.35788
5362,71.979385
5363,35.485146
5364,74.872696
5365,50.38608
5366,68.01071
5367,50.852844
5368,80.456375
5369,66.61493
5370,36.498337
5371,30.881895
5372,36.090527
5373,58.83778
5374,36.465446
5375,73.92879
5376,36.748302
5377,36.89946
5378,36.726364
5379,22.754566
5380,36.609093
5381,55.885586
5382,27.269632
5383,79.57048
5384,28.501062
5385,41.173084
5386,27.498894
5387,15.372334
5388,28.127342
5389,48.514652
5390,58.256428
5391,62.822643
5392,79.01561
5393,32.062016
5394,78.69478
5395,47.026726
5396,73.95539
5397,46.692314
5398,85.830605
5399,70.412834
5400,35.54783
5401,29.359272
5402,35.678967
5403,61.438095
5404,36.194668
5405,77.52754
5406,36.521667
5407,37.227646
5408,36.11364
5409,20.594025
5410,35.643555
5411,59.103973
5412,27.096584
5413,83.71109
5414,27.306028
5415,37.464005
5416,27.58154
5417,13.400902
5418,26.402714
5419,47.74705
5420,61.676174
5421,68.15326
5422,76.17439
5423,29.078587
5424,75.41946
5425,48.01796
5426,76.54324
5427,48.068504
5428,87.4781
5429,64.60134
5430,35.91013
5431,31.490993
5432,35.179832
5433,58.112724
5434,36.13319
5435,70.56929
5436,36.943928
5437,37.44948
5438,35.99608
5439,24.922466
5440,36.365402
5441,56.992775
5442,27.530708
5443,75.93897
5444,29.921507
5445,41.38102
5446,27.720575
5447,17.595158
5448,30.458735
5449,49.99574
5450,53.66028
5451,60.51995
5452,71.0859
5453,34.866203
5454,70.5642
5455,47.98522
5456,66.235954
5457,47.95625
5458,76.91817
5459,66.61572
5460,38.49805
5461,28.8498
5462,39.461525
5463,59.32165
5464,38.178467
5465,73.55382
5466,39.31271
5467,35.387413
5468,39.25573
5469,21.713293
5470,40.41224
5471,56.41719
5472,28.357897
5473,79.90149
5474,30.803335
5475,37.987404
5476,29.76674
5477,15.072594
5478,32.511963
5479,46.074066
5480,49.81747
5481,63.189667
5482,77.610085
5483,33.5263
5484,78.02062
5485,46.779873
5486,68.87236
5487,47.261154
5488,83.97492
5489,67.58976
5490,39.890312
5491,30.276218
5492,38.018063
5493,60.07982
5494,39.02304
5495,75.11763
5496,40.88505
5497,36.952446
5498,38.897373
5499,22.481201
5500,39.140903
5501,58.289013
5502,27.413776
5503,82.68936
5504,32.03323
5505,39.324196
5506,26.561512
5507,14.410442
5508,29.495607
5509,47.902737
5510,54.628002
5511,64.021286
5512,80.00436
5513,30.333458
5514,79.25385
5515,46.3908
5516,71.24321
5517,46.618088
5518,88.6452
5519,64.94137
5520,36.674835
5521,31.926498
5522,37.17147
5523,58.11177
5524,37.203373
5525,71.50755
5526,37.09675
5527,37.91706
5528,37.87369
5529,24.7832
5530,37.90008
5531,55.87396
5532,29.83775
5533,76.17108
5534,29.571045
5535,38.9714
5536,30.73509
5537,18.8218
5538,30.55362
5539,48.75951
5540,54.31906
5541,63.30143
5542,71.81332
5543,35.425625
5544,72.535545
5545,48.846764
5546,69.2971
5547,48.86236
5548,79.15929
5549,64.039566
5550,37.05148
5551,32.53186
5552,38.271626
5553,58.367256
5554,37.33091
5555,69.02952
5556,37.04525
5557,37.146515
5558,38.856815
5559,26.211124
5560,39.145576
5561,55.526447
5562,30.400116
5563,73.83943
5564,30.367392
5565,40.497234
5566,31.954025
5567,19.372953
5568,33.50535
5569,49.308834
5570,53.804092
5571,62.12789
5572,72.695595
5573,36.932022
5574,74.497665
5575,49.142204
5576,68.45382
5577,48.97657
5578,80.124146
5579,64.90655
5580,36.018753
5581,31.550732
5582,34.89733
5583,58.526535
5584,35.731747
5585,71.36835
5586,36.52876
5587,37.08493
5588,35.360146
5589,24.49923
5590,35.546005
5591,55.490204
5592,26.395147
5593,78.470535
5594,29.67232
5595,40.469048
5596,26.625717
5597,17.011639
5598,27.609234
5599,45.11377
5600,53.286167
5601,60.711807
5602,70.51113
5603,32.31215
5604,69.80144
5605,45.496883
5606,65.4812
5607,45.69851
5608,78.26514
5609,67.255974
5610,40.015026
5611,29.749979
5612,37.60824
5613,59.881878
5614,39.87293
5615,74.41561
5616,41.192818
5617,36.690952
5618,38.777473
5619,22.066446
5620,38.113968
5621,57.606686
5622,31.27348
5623,81.08043
5624,33.53676
5625,39.405678
5626,30.524645
5627,15.276054
5628,30.156105
5629,48.0687
5630,57.907215
5631,61.88404
5632,80.56178
5633,32.190746
5634,79.04002
5635,46.984306
5636,75.366714
5637,46.52672
5638,87.32844
5639,67.08855
5640,39.542595
5641,30.139751
5642,37.439316
5643,59.367683
5644,39.47408
5645,74.36764
5646,40.304222
5647,36.05684
5648,38.436584
5649,22.144207
5650,38.009384
5651,56.32103
5652,30.51948
5653,81.35634
5654,32.61641
5655,38.892303
5656,29.612507
5657,15.310902
5658,28.87837
5659,46.528374
5660,59.41695
5661,60.340687
5662,84.178055
5663,33.20576
5664,83.01756
5665,46.569416
5666,78.64461
5667,45.982216
5668,90.54114
5669,66.59264
5670,37.09398
5671,30.121689
5672,35.7343
5673,59.70624
5674,37.159676
5675,74.50517
5676,38.165882
5677,37.057896
5678,36.26037
5679,22.31508
5680,36.065247
5681,56.2722
5682,27.288794
5683,81.2029
5684,30.119108
5685,40.004444
5686,27.059107
5687,15.643902
5688,27.63699
5689,46.602474
5690,52.930904
5691,62.57015
5692,74.22157
5693,31.237488
5694,72.82555
5695,45.688614
5696,68.75011
5697,45.807926
5698,81.25307
5699,66.59909
5700,35.584473
5701,29.917236
5702,37.704853
5703,58.538216
5704,36.369213
5705,73.99564
5706,36.068596
5707,36.712673
5708,37.987152
5709,21.943663
5710,38.715157
5711,54.810158
5712,28.11963
5713,79.30695
5714,27.203413
5715,37.25992
5716,29.868244
5717,14.89106
5718,31.065357
5719,47.720055
5720,55.537926
5721,65.46017
5722,76.00723
5723,35.74643
5724,77.59598
5725,49.501972
5726,73.16135
5727,49.66929
5728,83.8091
5729,67.84083
5730,37.05793
5731,30.609509
5732,36.08014
5733,60.570976
5734,36.958725
5735,74.647766
5736,38.53105
5737,37.245686
5738,37.00077
5739,23.958351
5740,36.698204
5741,59.95666
5742,26.300205
5743,80.666145
5744,29.467344
5745,38.645664
5746,26.330996
5747,17.011602
5748,28.510223
5749,49.841614
5750,51.419975
5751,64.247665
5752,72.40895
5753,32.75706
5754,71.741684
5755,48.17411
5756,65.88895
5757,48.04119
5758,81.7816
5759,65.81572
5760,36.39025
5761,31.299166
5762,37.507553
5763,58.967873
5764,37.433712
5765,71.73212
5766,36.85698
5767,37.890568
5768,38.61608
5769,23.962345
5770,38.310585
5771,57.471466
5772,30.720114
5773,76.340935
5774,29.996418
5775,40.639713
5776,31.42698
5777,17.25408
5778,33.20363
5779,51.34463
5780,58.043365
5781,64.75478
5782,72.43625
5783,33.680264
5784,73.93318
5785,49.70414
5786,71.60957
5787,49.072445
5788,81.91708
5789,64.61957
5790,40.155746
5791,32.842518
5792,36.58213
5793,58.120087
5794,39.372936
5795,71.25574
5796,41.23853
5797,38.34185
5798,38.418
5799,25.757437
5800,37.232487
5801,56.064003
5802,31.561281
5803,77.666046
5804,35.70443
5805,43.499836
5806,30.267399
5807,18.002625
5808,30.801828
5809,49.400497
5810,57.222874
5811,58.638515
5812,77.20705
5813,32.934074
5814,75.62188
5815,46.44379
5816,71.83693
5817,45.796158
5818,83.09921
5819,64.32645
5820,36.682133
5821,33.056736
5822,37.301147
5823,58.54512
5824,37.186287
5825,69.47622
5826,36.848347
5827,38.340954
5828,38.152733
5829,27.080677
5830,38.23833
5831,55.853813
5832,29.966177
5833,75.1147
5834,29.587528
5835,40.34049
5836,31.237934
5837,19.838785
5838,31.846924
5839,48.535645
5840,58.39391
5841,62.787292
5842,74.148186
5843,36.654507
5844,75.81645
5845,48.69436
5846,71.08142
5847,48.441963
5848,81.55613
5849,67.21146
5850,37.11933
5851,29.226086
5852,36.46572
5853,59.21663
5854,37.35499
5855,73.847244
5856,37.624153
5857,35.93574
5858,37.812645
5859,21.3313
5860,37.55784
5861,55.883404
5862,29.887278
5863,80.5991
5864,31.127415
5865,38.015503
5866,29.940147
5867,13.45924
5868,31.300617
5869,48.67467
5870,59.094833
5871,61.942177
5872,80.43524
5873,34.54559
5874,80.36467
5875,48.37378
5876,75.97434
5877,47.890984
5878,88.89632
5879,64.83261
5880,36.6636
5881,31.056574
5882,35.427467
5883,58.605175
5884,36.713722
5885,70.96184
5886,37.229897
5887,36.97225
5888,36.186275
5889,24.40984
5890,35.994095
5891,56.16777
5892,28.683884
5893,77.19503
5894,30.601871
5895,40.91091
5896,28.560852
5897,16.758516
5898,29.72062
5899,48.469757
5900,54.60625
5901,60.166027
5902,73.53526
5903,34.570118
5904,72.728455
5905,47.464222
5906,69.01992
5907,47.087543
5908,79.28623
5909,64.07649
5910,36.598648
5911,32.5302
5912,36.604057
5913,57.864372
5914,36.218082
5915,69.92628
5916,36.94409
5917,37.92583
5918,37.448074
5919,26.216602
5920,37.38223
5921,54.196148
5922,29.334599
5923,76.04755
5924,31.029747
5925,41.15985
5926,29.807713
5927,18.751007
5928,31.197702
5929,48.41462
5930,54.04187
5931,60.369747
5932,73.323166
5933,37.084553
5934,74.488396
5935,47.860115
5936,68.90657
5937,47.89574
5938,80.6077
5939,64.945175
5940,36.474426
5941,32.524246
5942,35.102966
5943,58.68583
5944,36.553772
5945,70.68652
5946,37.713127
5947,37.818047
5948,36.089684
5949,26.320724
5950,35.874725
5951,56.43268
5952,28.45764
5953,76.450165
5954,30.484503
5955,42.094593
5956,28.374916
5957,19.336136
5958,29.277462
5959,48.62671
5960,55.769043
5961,59.266754
5962,72.479614
5963,35.436874
5964,71.23366
5965,47.087364
5966,67.73301
5967,47.14886
5968,77.57712
5969,67.05577
5970,39.514507
5971,30.9828
5972,35.211487
5973,60.41342
5974,39.355457
5975,73.938614
5976,41.15085
5977,37.650257
5978,36.552353
5979,23.604143
5980,35.313408
5981,59.139927
5982,30.394348
5983,80.14446
5984,33.43496
5985,41.043694
5986,28.535482
5987,17.674404
5988,27.110985
5989,48.444454
5990,56.225838
5991,60.619354
5992,75.17198
5993,30.104748
5994,71.87563
5995,45.8882
5996,69.96217
5997,45.082798
5998,82.08835
5999,65.43802
6000,38.179913
6001,32.40267
6002,35.4915
6003,59.50773
6004,37.493195
6005,72.21834
6006,38.97087
6007,37.933884
6008,36.577477
6009,25.46802
6010,35.968506
6011,57.73374
6012,27.932047
6013,78.870834
6014,31.770681
6015,41.040283
6016,27.244202
6017,18.231382
6018,27.25526
6019,47.595436
6020,53.597984
6021,61.288635
6022,72.61975
6023,31.395939
6024,70.99455
6025,46.06371
6026,66.5164
6027,45.74774
6028,82.127525
6029,66.7717
6030,38.919186
6031,32.43763
6032,35.941345
6033,59.522633
6034,38.231663
6035,74.10272
6036,40.239845
6037,38.75792
6038,37.501
6039,24.865545
6040,36.368153
6041,57.240685
6042,28.857689
6043,81.29824
6044,32.865387
6045,41.654434
6046,28.081078
6047,17.327736
6048,27.928545
6049,47.44329
6050,56.129448
6051,61.34883
6052,77.24855
6053,31.650616
6054,75.28912
6055,45.918625
6056,70.85559
6057,45.5559
6058,85.20992
6059,66.742035
6060,36.508102
6061,31.743309
6062,35.60267
6063,59.167408
6064,36.878307
6065,73.18113
6066,37.802567
6067,37.751526
6068,37.10881
6069,25.17889
6070,35.839375
6071,56.724014
6072,28.783205
6073,79.45264
6074,30.459324
6075,40.380276
6076,28.74879
6077,17.388355
6078,29.085361
6079,48.23244
6080,60.70437
6081,61.919212
6082,76.15816
6083,33.58799
6084,75.06408
6085,47.42376
6086,71.26184
6087,46.97707
6088,84.92755
6089,65.50054
6090,38.618572
6091,32.353638
6092,37.518204
6093,58.815716
6094,38.15847
6095,72.71083
6096,39.261726
6097,37.75607
6098,38.48529
6099,25.150932
6100,38.23325
6101,55.53786
6102,29.391502
6103,79.49495
6104,32.08745
6105,40.616375
6106,29.623722
6107,16.689085
6108,29.958475
6109,48.008644
6110,57.268707
6111,62.272793
6112,78.168495
6113,34.021484
6114,77.91064
6115,47.641563
6116,72.26207
6117,47.43634
6118,87.08713
6119,64.72377
6120,35.80922
6121,31.159718
6122,38.400272
6123,57.553673
6124,35.809635
6125,70.96022
6126,36.2951
6127,36.988758
6128,38.21656
6129,25.288649
6130,39.483776
6131,54.895973
6132,27.283762
6133,75.97555
6134,27.895983
6135,37.421356
6136,30.529356
6137,18.034967
6138,32.449104
6139,46.88776
6140,47.213196
6141,63.30561
6142,70.15734
6143,37.918053
6144,72.500465
6145,48.590588
6146,64.17591
6147,49.91451
6148,75.67524
6149,65.758385
6150,40.668674
6151,32.493557
6152,37.207138
6153,58.804638
6154,39.772003
6155,72.63113
6156,41.73532
6157,37.825268
6158,38.918938
6159,25.379154
6160,37.92728
6161,56.24864
6162,31.113972
6163,79.60396
6164,35.761505
6165,43.02548
6166,30.258669
6167,16.92073
6168,30.836288
6169,48.31938
6170,59.125626
6171,60.53813
6172,79.64192
6173,31.857815
6174,77.71723
6175,46.326447
6176,72.64404
6177,45.52157
6178,88.06323
6179,63.58821
6180,34.9662
6181,32.04884
6182,37.23393
6183,56.696968
6184,35.40787
6185,69.80159
6186,35.202682
6187,37.470562
6188,37.154037
6189,26.254045
6190,38.176598
6191,54.08546
6192,27.664463
6193,74.45933
6194,27.33567
6195,37.790558
6196,30.412994
6197,19.481613
6198,31.19039
6199,46.227245
6200,48.98449
6201,61.690666
6202,69.48973
6203,38.89863
6204,71.519196
6205,48.491783
6206,65.015495
6207,49.27597
6208,73.99211
6209,64.89932
6210,36.873684
6211,31.021221
6212,36.098164
6213,58.939724
6214,37.025238
6215,70.88775
6216,37.457455
6217,36.870575
6218,36.776646
6219,24.527225
6220,36.567955
6221,56.262672
6222,29.267124
6223,77.20848
6224,30.3849
6225,40.29592
6226,29.34206
6227,17.110033
6228,30.09534
6229,48.246616
6230,54.692905
6231,60.69786
6232,73.21831
6233,34.96148
6234,72.81152
6235,47.644646
6236,68.93655
6237,47.259064
6238,79.795135
6239,66.402245
6240,36.863216
6241,29.331934
6242,36.58539
6243,59.40929
6244,36.83323
6245,73.73141
6246,37.454163
6247,35.907425
6248,37.286102
6249,21.506927
6250,37.78277
6251,58.382366
6252,27.061428
6253,80.01386
6254,29.265327
6255,38.523426
6256,27.080788
6257,13.64423
6258,29.508762
6259,49.187546
6260,53.909252
6261,63.4281
6262,76.01814
6263,32.068016
6264,76.036964
6265,48.44743
6266,69.90634
6267,48.231686
6268,85.30849
6269,65.143875
6270,37.734108
6271,30.532955
6272,38.037895
6273,58.816612
6274,37.524746
6275,71.21937
6276,38.228817
6277,35.98459
6278,38.322144
6279,23.564999
6280,39.281067
6281,56.553623
6282,29.194342
6283,77.95064
6284,31.711254
6285,39.08429
6286,30.384373
6287,16.074423
6288,32.040188
6289,48.23269
6290,50.800446
6291,61.796303
6292,74.58552
6293,34.57958
6294,75.62303
6295,47.823795
6296,67.10416
6297,48.09604
6298,83.89879
6299,63.7987
6300,36.344704
6301,32.372787
6302,36.164665
6303,58.819775
6304,36.37039
6305,70.04719
6306,37.57335
6307,37.434822
6308,37.274796
6309,26.369072
6310,37.321312
6311,55.74991
6312,27.650522
6313,76.42218
6314,29.96495
6315,40.475166
6316,28.133966
6317,18.787334
6318,30.102926
6319,49.413372
6320,49.828804
6321,60.75005
6322,73.00041
6323,37.785522
6324,73.574356
6325,48.625843
6326,65.006775
6327,48.40756
6328,79.12762
6329,67.827324
6330,37.94416
6331,29.698767
6332,37.140675
6333,59.802963
6334,37.1909
6335,75.293396
6336,39.00779
6337,36.782623
6338,37.496754
6339,21.933273
6340,38.20072
6341,58.208534
6342,26.68591
6343,81.417885
6344,31.64297
6345,38.413208
6346,26.912048
6347,14.18454
6348,30.179192
6349,49.295235
6350,54.26648
6351,64.85056
6352,77.41661
6353,31.72313
6354,76.91061
6355,48.137066
6356,71.54957
6357,48.225132
6358,87.62094
6359,67.52176
6360,39.95116
6361,29.860237
6362,36.710915
6363,59.903934
6364,39.78536
6365,74.6597
6366,41.221127
6367,35.971
6368,38.075714
6369,21.974308
6370,37.58647
6371,57.819786
6372,30.357315
6373,81.8802
6374,33.652313
6375,38.734665
6376,28.725388
6377,14.997734
6378,28.237694
6379,47.410633
6380,58.126984
6381,59.542004
6382,84.73932
6383,32.7162
6384,82.95093
6385,46.384144
6386,78.03313
6387,45.620075
6388,91.06355
6389,66.12831
6390,34.260174
6391,29.101364
6392,34.95102
6393,59.546696
6394,35.454536
6395,73.62917
6396,34.467705
6397,35.113457
6398,35.13777
6399,20.859486
6400,36.336475
6401,55.25097
6402,25.547865
6403,79.768585
6404,26.814064
6405,39.172752
6406,26.373339
6407,13.549469
6408,28.020155
6409,45.772804
6410,54.61918
6411,63.69354
6412,71.46545
6413,31.180218
6414,72.0029
6415,47.09871
6416,68.31004
6417,46.90439
6418,81.28343
6419,65.59621
6420,35.791733
6421,29.809603
6422,36.434334
6423,58.01298
6424,35.685402
6425,72.04312
6426,36.18477
6427,35.58818
6428,36.18506
6429,23.65892
6430,37.08527
6431,56.099472
6432,26.467972
6433,77.000305
6434,27.018806
6435,37.70221
6436,28.007133
6437,15.8871765
6438,29.695799
6439,47.644863
6440,47.574158
6441,61.609364
6442,72.23062
6443,35.579887
6444,72.86626
6445,47.774994
6446,64.82186
6447,48.33325
6448,78.66133
6449,66.73689
6450,37.45598
6451,31.21619
6452,35.24713
6453,60.843597
6454,37.474525
6455,72.02513
6456,38.77552
6457,37.30282
6458,36.56243
6459,25.051514
6460,34.959217
6461,60.77985
6462,29.607128
6463,78.398994
6464,31.32856
6465,39.86949
6466,28.48779
6467,19.720852
6468,27.812222
6469,49.041084
6470,53.63003
6471,60.681114
6472,71.30716
6473,32.683968
6474,69.2177
6475,47.189175
6476,65.552795
6477,46.18431
6478,80.9773
6479,68.738365
6480,36.68003
6481,28.602364
6482,36.86463
6483,61.21972
6484,36.565308
6485,74.85803
6486,37.607605
6487,35.167713
6488,37.356667
6489,21.539469
6490,38.148354
6491,58.844868
6492,26.816864
6493,81.091774
6494,28.521544
6495,37.62492
6496,26.912863
6497,13.718468
6498,30.87328
6499,50.381264
6500,54.883343
6501,63.6316
6502,79.89653
6503,34.82251
6504,80.28997
6505,49.17844
6506,72.51132
6507,49.18841
6508,89.10744
6509,66.30745
6510,37.597786
6511,30.639128
6512,37.237343
6513,60.097088
6514,37.6853
6515,72.47708
6516,38.67288
6517,36.356495
6518,37.473724
6519,23.68503
6520,38.54139
6521,56.684982
6522,28.930828
6523,78.80762
6524,30.826225
6525,39.277443
6526,29.066818
6527,16.462097
6528,31.364223
6529,48.43362
6530,58.84536
6531,62.339508
6532,74.68487
6533,35.33279
6534,73.97227
6535,49.01614
6536,70.37273
6537,49.075165
6538,83.31881
6539,66.36716
6540,35.0849
6541,30.327183
6542,37.372864
6543,59.505703
6544,36.420666
6545,73.25572
6546,35.54865
6547,37.747612
6548,38.255093
6549,22.686516
6550,38.865284
6551,57.5944
6552,28.708199
6553,77.87802
6554,27.823719
6555,39.755615
6556,30.01081
6557,15.059387
6558,32.98958
6559,53.550537
6560,55.707516
6561,67.8886
6562,70.78798
6563,34.099854
6564,73.59434
6565,51.597286
6566,70.74856
6567,51.863914
6568,80.2758
6569,67.153366
6570,36.68042
6571,31.235725
6572,36.41546
6573,60.00243
6574,37.005863
6575,73.393585
6576,37.538067
6577,37.48127
6578,37.236767
6579,24.156153
6580,37.60197
6581,57.02762
6582,27.555054
6583,79.61081
6584,30.455822
6585,38.53175
6586,28.237642
6587,17.12083
6588,30.9007
6589,48.047447
6590,54.78392
6591,63.74072
6592,74.78399
6593,34.8065
6594,74.85391
6595,48.334866
6596,70.491646
6597,48.385063
6598,82.989395
6599,67.238686
6600,37.27462
6601,29.406158
6602,36.68644
6603,59.33959
6604,37.44183
6605,73.7985
6606,38.133896
6607,35.93246
6608,38.055016
6609,21.714378
6610,37.815662
6611,55.604164
6612,29.752146
6613,80.73347
6614,30.949558
6615,37.843056
6616,30.010963
6617,13.869171
6618,31.209803
6619,47.473118
6620,59.55858
6621,61.828533
6622,80.70987
6623,35.090813
6624,80.49463
6625,48.10346
6626,75.78139
6627,47.595757
6628,89.31912
6629,65.94397
6630,37.23563
6631,30.848719
6632,36.711967
6633,59.949795
6634,37.241726
6635,72.03108
6636,38.366905
6637,36.411156
6638,36.663044
6639,24.184975
6640,37.770462
6641,57.028988
6642,28.17882
6643,78.36021
6644,30.567387
6645,39.832855
6646,28.09979
6647,16.831589
6648,30.44517
6649,48.572235
6650,57.638214
6651,61.661697
6652,72.94293
6653,35.26227
6654,72.0388
6655,48.741276
6656,68.23309
6657,48.78517
6658,81.24107
6659,68.84531
6660,36.472977
6661,28.960342
6662,35.561592
6663,60.92337
6664,36.121994
6665,76.14041
6666,37.603935
6667,36.300076
6668,36.37424
6669,21.060463
6670,36.484444
6671,58.054028
6672,26.494873
6673,83.32346
6674,29.749804
6675,38.26543
6676,26.927479
6677,13.894001
6678,28.678024
6679,47.61893
6680,54.483685
6681,63.658752
6682,78.777565
6683,32.459488
6684,78.06758
6685,46.92121
6686,72.675
6687,47.058746
6688,86.90274
6689,65.11879
6690,36.576965
6691,31.54507
6692,35.011986
6693,58.27553
6694,37.2404
6695,71.623924
6696,37.394424
6697,36.891323
6698,36.331955
6699,24.970613
6700,35.45674
6701,55.995575
6702,29.42843
6703,77.764694
6704,30.320454
6705,40.97352
6706,28.93608
6707,16.830282
6708,28.043758
6709,47.696426
6710,59.783318
6711,59.646095
6712,77.39558
6713,32.80963
6714,76.30283
6715,46.032402
6716,72.08479
6717,45.59878
6718,84.97052
6719,65.44348
6720,35.969166
6721,30.207317
6722,35.583275
6723,58.274178
6724,35.80499
6725,72.2939
6726,36.795788
6727,35.98385
6728,36.609802
6729,23.094551
6730,36.975315
6731,54.971066
6732,28.336641
6733,79.030136
6734,30.504206
6735,40.690113
6736,28.201227
6737,14.111225
6738,29.797844
6739,49.51126
6740,56.62189
6741,59.489628
6742,80.764015
6743,36.064926
6744,81.79716
6745,47.908607
6746,74.70071
6747,47.6503
6748,88.08774
6749,66.04561
6750,40.07492
6751,32.35708
6752,36.585484
6753,59.20302
6754,38.854843
6755,73.36777
6756,41.06592
6757,38.099735
6758,37.61885
6759,24.833605
6760,36.65685
6761,55.589886
6762,30.45318
6763,80.235275
6764,34.181618
6765,42.352222
6766,29.590443
6767,18.441278
6768,28.174265
6769,46.69112
6770,55.822945
6771,59.926994
6772,77.93716
6773,32.27545
6774,75.59238
6775,45.18993
6776,71.461136
6777,44.704422
6778,83.91374
6779,66.31523
6780,38.751175
6781,30.89927
6782,37.84833
6783,58.7559
6784,38.994537
6785,72.88028
6786,39.667713
6787,37.145252
6788,39.187397
6789,23.42099
6790,38.925568
6791,55.78264
6792,30.765388
6793,79.59226
6794,32.77451
6795,39.686172
6796,30.92367
6797,16.174065
6798,32.14608
6799,48.170223
6800,59.079033
6801,61.65526
6802,80.82213
6803,34.424637
6804,80.49172
6805,47.70463
6806,75.831314
6807,47.34795
6808,87.790665
6809,64.232185
6810,36.947937
6811,31.704983
6812,36.618958
6813,57.476788
6814,36.70398
6815,70.94304
6816,37.676266
6817,36.796295
6818,37.795967
6819,24.964321
6820,37.87246
6821,53.20949
6822,29.5873
6823,77.48177
6824,31.852005
6825,41.239708
6826,30.060637
6827,15.905861
6828,31.104256
6829,48.24371
6830,57.770428
6831,59.748123
6832,78.80981
6833,37.069595
6834,79.74571
6835,48.127064
6836,74.05612
6837,47.94922
6838,85.97267
6839,65.172745
6840,36.342644
6841,31.665745
6842,36.307472
6843,57.84507
6844,36.30742
6845,71.51178
6846,37.296844
6847,37.692196
6848,37.698883
6849,24.720789
6850,37.446964
6851,54.753105
6852,30.07227
6853,78.01423
6854,31.573158
6855,41.418373
6856,30.385548
6857,16.282808
6858,31.624786
6859,50.087555
6860,57.17183
6861,60.16411
6862,78.52794
6863,37.54483
6864,79.804405
6865,48.766808
6866,74.70988
6867,48.429256
6868,85.045
6869,65.693504
6870,35.58678
6871,30.493721
6872,36.14086
6873,58.4701
6874,35.546932
6875,72.030945
6876,36.32495
6877,35.919052
6878,35.91043
6879,24.642206
6880,36.79258
6881,56.66568
6882,25.92413
6883,77.15407
6884,26.940308
6885,37.562134
6886,27.52475
6887,17.412203
6888,29.21945
6889,47.124832
6890,46.493877
6891,61.128944
6892,71.22075
6893,36.08163
6894,71.529854
6895,47.683033
6896,62.918285
6897,47.81875
6898,77.70053
6899,65.85487
6900,35.73228
6901,31.890694
6902,36.664597
6903,59.56491
6904,36.519318
6905,71.20204
6906,36.453358
6907,38.54859
6908,38.05889
6909,24.922323
6910,37.694675
6911,58.97904
6912,30.072065
6913,76.175125
6914,29.882942
6915,41.045086
6916,30.237543
6917,18.651226
6918,33.339714
6919,52.64399
6920,54.696293
6921,64.17275
6922,70.995346
6923,35.440525
6924,72.90704
6925,50.41088
6926,69.09416
6927,49.81043
6928,79.65114
6929,66.42
6930,36.650978
6931,30.793741
6932,37.946434
6933,59.342266
6934,36.890938
6935,72.69641
6936,37.66305
6937,36.914467
6938,38.802
6939,23.74653
6940,40.23389
6941,55.530106
6942,28.600712
6943,78.85988
6944,30.360107
6945,37.70057
6946,30.307043
6947,15.672592
6948,33.829613
6949,49.022472
6950,55.78399
6951,63.431473
6952,77.64021
6953,37.572826
6954,78.945885
6955,49.445755
6956,72.524155
6957,49.802
6958,84.52783
6959,65.146996
6960,36.17044
6961,33.207478
6962,36.36712
6963,58.85126
6964,36.62639
6965,71.02217
6966,36.387177
6967,39.722507
6968,37.75261
6969,26.284456
6970,36.551735
6971,57.482475
6972,28.272182
6973,76.251236
6974,30.351051
6975,41.22113
6976,29.246986
6977,20.333675
6978,30.910158
6979,49.417274
6980,54.658455
6981,64.8467
6982,66.43728
6983,32.26531
6984,67.58919
6985,48.270256
6986,66.85573
6987,48.107044
6988,75.29326
6989,64.735
6990,38.03636
6991,32.14952
6992,38.058952
6993,57.677517
6994,38.032032
6995,71.454056
6996,38.372772
6997,37.904114
6998,39.123978
6999,24.46719
7000,39.566437
7001,54.270176
7002,30.611137
7003,77.492584
7004,32.580097
7005,41.042747
7006,31.341875
7007,16.397484
7008,33.71064
7009,49.038593
7010,57.66166
7011,62.421955
7012,75.458984
7013,35.3394
7014,76.530975
7015,48.80693
7016,72.60574
7017,48.921886
7018,82.569824
7019,63.809616
7020,37.345276
7021,33.340103
7022,37.113964
7023,58.11634
7024,37.013687
7025,69.44268
7026,37.72625
7027,38.35399
7028,38.1989
7029,27.542994
7030,37.67265
7031,55.225273
7032,30.309084
7033,74.92665
7034,31.184292
7035,41.95683
7036,31.193544
7037,19.917904
7038,31.435884
7039,49.82435
7040,54.031345
7041,60.951275
7042,75.3761
7043,37.945686
7044,76.22151
7045,48.62037
7046,70.25659
7047,48.656322
7048,80.1992
7049,67.158676
7050,36.569084
7051,31.036064
7052,35.317215
7053,60.081497
7054,35.96764
7055,73.9763
7056,37.97968
7057,36.80453
7058,35.634415
7059,23.939777
7060,36.481857
7061,56.01626
7062,26.407145
7063,80.51435
7064,29.765238
7065,39.90912
7066,26.35979
7067,16.713501
7068,28.248482
7069,46.70208
7070,57.657608
7071,61.751595
7072,74.83948
7073,35.450394
7074,72.98486
7075,47.730446
7076,69.05944
7077,47.942574
7078,83.02292
7079,67.14412
7080,38.96915
7081,30.64384
7082,36.40856
7083,60.71257
7084,38.508743
7085,73.460266
7086,39.865482
7087,36.839165
7088,37.486504
7089,23.648787
7090,36.8468
7091,60.76561
7092,29.130077
7093,79.83105
7094,31.902718
7095,39.481213
7096,27.776073
7097,17.466345
7098,28.114582
7099,49.9065
7100,52.615376
7101,62.12941
7102,74.66555
7103,32.113922
7104,73.01951
7105,47.44991
7106,67.72884
7107,46.70181
7108,84.42062
7109,67.24297
7110,35.252502
7111,29.003626
7112,35.75973
7113,60.206947
7114,35.26718
7115,73.259125
7116,36.228485
7117,34.86249
7118,35.790092
7119,22.247972
7120,36.85464
7121,58.35072
7122,25.128984
7123,79.000404
7124,27.087315
7125,38.637703
7126,25.332611
7127,14.044247
7128,29.756706
7129,50.689934
7130,52.710632
7131,62.88289
7132,75.57863
7133,34.789356
7134,75.56079
7135,49.168877
7136,67.88677
7137,49.22782
7138,85.08568
7139,66.146324
7140,36.836983
7141,30.64592
7142,36.555508
7143,59.38768
7144,37.423126
7145,71.89726
7146,37.423897
7147,36.419342
7148,37.217804
7149,23.721972
7150,37.69668
7151,56.27939
7152,28.5008
7153,77.95247
7154,30.640097
7155,38.219406
7156,29.034958
7157,16.94196
7158,31.291092
7159,47.172195
7160,54.360012
7161,62.154778
7162,74.5276
7163,34.45768
7164,74.472565
7165,47.66655
7166,70.210495
7167,47.720493
7168,82.386
7169,64.62094
7170,35.067886
7171,31.225365
7172,35.70354
7173,58.384632
7174,35.486805
7175,70.11153
7176,35.73023
7177,37.194866
7178,36.952473
7179,24.731405
7180,36.450447
7181,56.959656
7182,29.109322
7183,75.49794
7184,29.147518
7185,41.96806
7186,28.672157
7187,16.432346
7188,31.1156
7189,53.3093
7190,57.267517
7191,61.816334
7192,74.01726
7193,35.837555
7194,75.92355
7195,50.11057
7196,70.81435
7197,49.399834
7198,84.148476
7199,67.799515
7200,34.00432
7201,30.023233
7202,34.722122
7203,60.14221
7204,33.800232
7205,74.29002
7206,36.005436
7207,36.645897
7208,35.50306
7209,22.976498
7210,36.30835
7211,58.157127
7212,23.463139
7213,81.10537
7214,26.286118
7215,39.735626
7216,24.573395
7217,14.984306
7218,29.273119
7219,50.135605
7220,52.284733
7221,63.484146
7222,75.07031
7223,36.769775
7224,75.062614
7225,49.620907
7226,66.98535
7227,49.122353
7228,83.90077
7229,65.368065
7230,35.659325
7231,31.238379
7232,34.86485
7233,59.09426
7234,35.73826
7235,71.129196
7236,36.76584
7237,37.047768
7238,35.657383
7239,24.733023
7240,35.568382
7241,56.360916
7242,28.16828
7243,77.6293
7244,29.530046
7245,40.30306
7246,28.39078
7247,17.106308
7248,28.696125
7249,48.22981
7250,54.285583
7251,60.318466
7252,72.97333
7253,35.380867
7254,72.03741
7255,47.6428
7256,68.05577
7257,47.289032
7258,79.72979
7259,66.60861
7260,35.664047
7261,30.160606
7262,37.035553
7263,59.35603
7264,36.522987
7265,73.649864
7266,36.182743
7267,36.8365
7268,37.74278
7269,22.529016
7270,38.158195
7271,55.806557
7272,28.664223
7273,79.05182
7274,28.282972
7275,38.05772
7276,30.058186
7277,15.266548
7278,31.186188
7279,49.298058
7280,55.265167
7281,65.64137
7282,74.168
7283,34.837563
7284,75.55905
7285,49.768097
7286,71.661316
7287,50.08909
7288,82.45742
7289,68.12541
7290,39.334133
7291,30.206593
7292,36.517403
7293,60.067352
7294,39.535538
7295,75.85315
7296,40.96585
7297,36.40506
7298,37.72239
7299,22.434113
7300,36.874367
7301,56.610447
7302,29.667456
7303,83.68184
7304,32.81208
7305,39.66804
7306,28.194157
7307,15.415604
7308,27.15323
7309,45.547764
7310,59.10398
7311,59.24659
7312,85.83187
7313,33.19895
7314,83.96886
7315,45.128002
7316,79.085175
7317,44.085194
7318,91.648895
7319,65.34012
7320,37.05781
7321,32.105576
7322,36.660385
7323,58.453995
7324,37.434536
7325,71.73549
7326,37.71473
7327,38.357063
7328,37.61253
7329,24.977024
7330,37.231827
7331,56.526104
7332,30.099892
7333,76.79216
7334,30.338621
7335,39.83193
7336,30.490799
7337,19.351364
7338,30.208092
7339,48.847103
7340,55.2277
7341,62.745434
7342,72.466064
7343,35.356564
7344,72.504974
7345,48.611103
7346,69.875336
7347,48.228497
7348,79.0318
7349,66.50658
7350,38.736465
7351,30.56351
7352,35.237167
7353,58.572273
7354,38.26576
7355,73.9229
7356,39.5935
7357,36.23698
7358,36.776096
7359,22.306381
7360,36.188557
7361,55.429432
7362,29.840778
7363,81.689186
7364,33.898026
7365,41.334373
7366,28.597582
7367,14.100792
7368,28.232388
7369,46.539383
7370,59.061996
7371,58.29359
7372,83.28148
7373,32.579205
7374,81.361435
7375,45.546093
7376,76.21975
7377,44.774036
7378,89.773125
7379,65.61044
7380,36.12326
7381,31.052532
7382,34.798904
7383,59.464256
7384,36.389675
7385,71.29683
7386,37.056145
7387,36.83064
7388,35.630417
7389,24.723104
7390,35.314503
7391,57.995987
7392,27.94171
7393,77.456215
7394,29.796131
7395,41.26576
7396,27.144615
7397,16.467468
7398,29.605753
7399,50.268787
7400,56.854458
7401,60.797577
7402,73.48309
7403,33.35389
7404,72.56687
7405,47.779663
7406,68.1111
7407,47.33987
7408,82.27339
7409,66.913475
7410,36.806038
7411,30.718208
7412,35.40989
7413,59.44745
7414,36.75636
7415,74.5225
7416,37.858204
7417,37.56774
7418,36.32062
7419,22.993372
7420,36.14427
7421,57.51581
7422,27.041134
7423,81.3309
7424,30.078491
7425,39.08526
7426,27.323158
7427,16.794777
7428,27.566616
7429,45.794834
7430,51.440945
7431,61.73471
7432,73.217
7433,31.683132
7434,72.260956
7435,45.906647
7436,67.43835
7437,45.802578
7438,80.81636
7439,65.98075
7440,39.54243
7441,30.602962
7442,36.321037
7443,58.373665
7444,39.091595
7445,73.2915
7446,40.489506
7447,36.96843
7448,37.975544
7449,22.537537
7450,37.022903
7451,56.729576
7452,30.865417
7453,80.17134
7454,34.547867
7455,42.571293
7456,29.600542
7457,15.089836
7458,30.556042
7459,48.621037
7460,57.768906
7461,59.281307
7462,79.60718
7463,31.636257
7464,78.09738
7465,46.247272
7466,73.99778
7467,45.34174
7468,85.25662
7469,65.40236
7470,35.52125
7471,30.888422
7472,34.567234
7473,58.77664
7474,35.79142
7475,71.718765
7476,36.948578
7477,36.29767
7478,35.389557
7479,24.570736
7480,35.642902
7481,57.279785
7482,26.273657
7483,77.15455
7484,28.839598
7485,40.165314
7486,26.241325
7487,17.49158
7488,28.16557
7489,48.226368
7490,52.715378
7491,59.41494
7492,72.94226
7493,35.0104
7494,71.80972
7495,46.996384
7496,66.182846
7497,47.056084
7498,79.021645
7499,65.40837
7500,37.261414
7501,31.63666
7502,35.81604
7503,58.106987
7504,37.154438
7505,71.30092
7506,38.07843
7507,37.806496
7508,36.10456
7509,24.274857
7510,36.38414
7511,57.79368
7512,28.279984
7513,76.60806
7514,31.789433
7515,40.104317
7516,27.545067
7517,17.541729
7518,30.13918
7519,49.796192
7520,52.663612
7521,60.193077
7522,73.72377
7523,34.10325
7524,73.222244
7525,47.547016
7526,68.74518
7527,47.766155
7528,79.79351
7529,67.938354
7530,36.59123
7531,29.641863
7532,35.40001
7533,60.377945
7534,36.835693
7535,75.46887
7536,37.4369
7537,37.12292
7538,36.031075
7539,21.780113
7540,35.68203
7541,57.392815
7542,27.288624
7543,82.082214
7544,29.32744
7545,39.092228
7546,27.086952
7547,15.172901
7548,27.616898
7549,47.043434
7550,56.085274
7551,64.33406
7552,73.88652
7553,30.868324
7554,72.65191
7555,46.424156
7556,70.71099
7557,46.41686
7558,83.06206
7559,65.805305
7560,38.69431
7561,31.995468
7562,37.849205
7563,59.099052
7564,38.08516
7565,72.955826
7566,39.31518
7567,37.71359
7568,38.79476
7569,24.793865
7570,38.488964
7571,56.087753
7572,29.231312
7573,79.98189
7574,31.88125
7575,40.496536
7576,29.537533
7577,16.19622
7578,30.382847
7579,48.35999
7580,56.700504
7581,63.18848
7582,78.09445
7583,33.78208
7584,78.1348
7585,47.884373
7586,72.0265
7587,47.732822
7588,87.54231
7589,67.76074
7590,36.837646
7591,30.984386
7592,37.47908
7593,59.579838
7594,37.672127
7595,74.812225
7596,37.527267
7597,37.831993
7598,38.634018
7599,23.384966
7600,37.83289
7601,55.45966
7602,28.944096
7603,81.64244
7604,28.940617
7605,38.61514
7606,29.852972
7607,16.257242
7608,29.838667
7609,45.79582
7610,59.763138
7611,65.04747
7612,79.8131
7613,33.609825
7614,80.547646
7615,47.160088
7616,76.01474
7617,46.798553
7618,88.36346
7619,65.24423
7620,40.070786
7621,31.516464
7622,40.54216
7623,58.303806
7624,40.34386
7625,71.94629
7626,40.853935
7627,37.892883
7628,41.245583
7629,23.89891
7630,42.233086
7631,56.05333
7632,30.45132
7633,77.46999
7634,33.23342
7635,39.479973
7636,30.940575
7637,17.001417
7638,35.9235
7639,49.51481
7640,54.212013
7641,63.912743
7642,77.65048
7643,34.6239
7644,78.986755
7645,48.819958
7646,71.35623
7647,49.41772
7648,82.701744
7649,64.32006
7650,36.065945
7651,32.376534
7652,36.007954
7653,57.99909
7654,36.318127
7655,70.11618
7656,36.215477
7657,38.078182
7658,36.71939
7659,25.437502
7660,36.661335
7661,55.719425
7662,28.616703
7663,76.79359
7664,29.537241
7665,40.074047
7666,29.326014
7667,17.698488
7668,30.001995
7669,47.116196
7670,56.790665
7671,62.819305
7672,69.048096
7673,32.99427
7674,69.613495
7675,47.132187
7676,67.09856
7677,47.354816
7678,79.16225
7679,66.01018
7680,36.62127
7681,31.84002
7682,36.16019
7683,58.857323
7684,37.032997
7685,72.54323
7686,37.431408
7687,38.572823
7688,37.29178
7689,24.453485
7690,36.88147
7691,57.47541
7692,29.62796
7693,77.65752
7694,30.051298
7695,39.863758
7696,30.00171
7697,18.466839
7698,29.972073
7699,50.108944
7700,55.063217
7701,63.393234
7702,72.45564
7703,34.60634
7704,72.5824
7705,48.937126
7706,70.072784
7707,48.73049
7708,79.24814
7709,67.24288
7710,36.196495
7711,30.56741
7712,36.21183
7713,59.784645
7714,36.120026
7715,74.54436
7716,37.148804
7717,37.135124
7718,36.77282
7719,22.826073
7720,37.660156
7721,58.807102
7722,25.344421
7723,80.78172
7724,29.02227
7725,39.002403
7726,26.273674
7727,15.519775
7728,29.662842
7729,49.245186
7730,49.867226
7731,64.30992
7732,73.2538
7733,33.146893
7734,73.48917
7735,48.68064
7736,66.50935
7737,48.689213
7738,81.719345
7739,67.38498
7740,35.708267
7741,30.26786
7742,35.44126
7743,59.85054
7744,35.768295
7745,74.951164
7746,36.436203
7747,37.455612
7748,36.45448
7749,22.272
7750,36.472782
7751,59.25197
7752,25.690044
7753,81.03784
7754,28.029533
7755,39.07907
7756,26.116726
7757,14.376602
7758,28.540462
7759,50.005653
7760,54.693947
7761,65.999916
7762,72.144684
7763,30.51395
7764,72.22823
7765,48.711205
7766,68.19896
7767,48.639484
7768,82.83956
7769,66.25844
7770,35.683846
7771,32.15143
7772,36.185616
7773,59.8323
7774,36.12406
7775,71.612305
7776,36.51036
7777,38.762276
7778,37.601463
7779,25.086142
7780,37.256966
7781,58.92528
7782,30.207054
7783,77.086945
7784,30.236332
7785,41.198284
7786,30.367105
7787,18.64084
7788,32.777954
7789,52.51765
7790,55.396835
7791,63.793415
7792,71.97011
7793,36.02788
7794,73.558365
7795,50.35541
7796,69.97656
7797,49.774017
7798,80.289536
7799,66.641754
7800,35.1344
7801,29.331379
7802,34.316628
7803,60.308563
7804,34.96206
7805,73.354294
7806,36.223873
7807,34.92414
7808,34.221455
7809,22.887547
7810,35.21507
7811,56.927185
7812,24.895647
7813,79.462906
7814,27.404133
7815,39.055717
7816,25.057268
7817,15.302521
7818,26.740383
7819,45.556328
7820,54.637062
7821,61.490517
7822,71.27787
7823,32.37331
7824,69.82889
7825,46.33578
7826,64.80232
7827,46.313747
7828,81.37073
7829,66.20884
7830,35.785313
7831,30.051659
7832,35.496826
7833,59.292313
7834,35.87516
7835,73.50922
7836,36.3536
7837,36.224674
7838,35.7627
7839,22.800882
7840,36.38926
7841,58.698944
7842,25.087666
7843,79.47923
7844,27.921524
7845,39.05216
7846,25.07911
7847,14.880371
7848,28.028288
7849,49.332188
7850,51.733864
7851,63.10526
7852,71.92407
7853,32.272793
7854,71.67044
7855,48.30108
7856,65.4605
7857,47.954147
7858,80.75136
7859,67.76424
7860,36.780647
7861,28.643572
7862,37.12097
7863,60.864113
7864,36.99258
7865,73.528946
7866,37.608643
7867,34.558887
7868,37.262234
7869,21.711897
7870,38.389946
7871,58.914623
7872,27.04866
7873,79.17807
7874,28.344952
7875,37.31851
7876,26.823263
7877,14.194622
7878,30.744522
7879,50.52903
7880,52.93882
7881,63.16537
7882,77.55257
7883,34.872498
7884,78.07797
7885,49.296223
7886,69.75465
7887,49.48548
7888,87.40996
7889,68.54219
7890,38.0019
7891,28.867886
7892,37.925816
7893,59.889748
7894,38.295647
7895,75.89833
7896,38.899708
7897,36.23147
7898,38.665607
7899,20.19485
7900,39.412334
7901,57.588684
7902,29.002676
7903,82.50216
7904,30.667818
7905,38.15088
7906,29.13427
7907,12.584438
7908,31.875288
7909,48.988453
7910,58.6177
7911,63.782745
7912,81.6346
7913,32.96795
7914,82.17289
7915,48.24243
7916,77.68434
7917,48.379868
7918,87.916985
7919,66.72727
7920,38.68986
7921,28.045286
7922,39.631073
7923,58.93201
7924,38.863228
7925,74.20296
7926,39.430225
7927,34.741035
7928,39.597374
7929,20.37296
7930,40.857452
7931,55.5069
7932,29.027046
7933,80.535835
7934,30.87828
7935,37.18599
7936,30.21529
7937,13.70491
7938,32.370354
7939,45.567303
7940,52.98057
7941,62.898987
7942,81.08511
7943,32.842304
7944,81.5374
7945,46.534878
7946,73.37816
7947,46.898396
7948,86.89607
7949,65.62826
7950,36.16678
7951,31.750662
7952,35.38427
7953,58.864212
7954,36.31172
7955,72.22913
7956,36.942474
7957,37.921318
7958,36.427757
7959,24.66822
7960,35.996643
7961,58.4487
7962,28.04077
7963,77.934166
7964,29.460688
7965,39.553078
7966,27.979187
7967,17.755249
7968,28.865068
7969,49.71103
7970,53.66931
7971,62.189056
7972,71.71972
7973,34.466812
7974,71.09851
7975,48.80523
7976,67.23355
7977,48.439518
7978,78.99499
7979,66.46033
7980,39.021812
7981,30.21876
7982,36.2443
7983,59.458
7984,39.09955
7985,73.22529
7986,40.079964
7987,35.796608
7988,37.705513
7989,22.899656
7990,36.798428
7991,57.258945
7992,30.065586
7993,79.978584
7994,32.62621
7995,38.777473
7996,28.410828
7997,15.961536
7998,27.880707
7999,47.33886
8000,57.299973
8001,59.217407
8002,82.31764
8003,32.87159
8004,80.76342
8005,46.36559
8006,76.22786
8007,45.70519
8008,89.0453
8009,66.214615
8010,38.144516
8011,31.320467
8012,35.581203
8013,59.312744
8014,37.326973
8015,73.02214
8016,39.29823
8017,36.33559
8018,36.425972
8019,23.937878
8020,35.848488
8021,56.50865
8022,28.681374
8023,80.058914
8024,32.176346
8025,40.874245
8026,28.017986
8027,16.906357
8028,27.12394
8029,47.124466
8030,53.85234
8031,59.163376
8032,78.91414
8033,33.376778
8034,77.4176
8035,45.584805
8036,70.53587
8037,44.8475
8038,87.26135
8039,66.031944
8040,37.609818
8041,28.592888
8042,38.93927
8043,58.88422
8044,37.608177
8045,72.92708
8046,38.20043
8047,34.973213
8048,38.693546
8049,21.498955
8050,40.028027
8051,55.61937
8052,28.056353
8053,79.270706
8054,29.90377
8055,37.747074
8056,29.605373
8057,14.728561
8058,32.344193
8059,45.812992
8060,49.812386
8061,62.773514
8062,76.473076
8063,33.750706
8064,77.15042
8065,46.764107
8066,68.124146
8067,47.28916
8068,82.90396
8069,66.68715
8070,38.836365
8071,27.756763
8072,38.96074
8073,58.85636
8074,39.83549
8075,74.792625
8076,39.189934
8077,34.68972
8078,39.526993
8079,18.915703
8080,39.383713
8081,54.428238
8082,31.521135
8083,81.106445
8084,31.670956
8085,38.537586
8086,31.993664
8087,11.963432
8088,31.587318
8089,45.83459
8090,61.47997
8091,62.90397
8092,81.36432
8093,30.946247
8094,82.17266
8095,46.808586
8096,79.99975
8097,46.455704
8098,89.16448
8099,67.253426
8100,35.330788
8101,30.302683
8102,35.360268
8103,59.89203
8104,35.96779
8105,74.42368
8106,36.007282
8107,36.159775
8108,36.13966
8109,23.092922
8110,36.15913
8111,56.414932
8112,26.203259
8113,80.50777
8114,27.05909
8115,39.046394
8116,26.77905
8117,15.250408
8118,27.999037
8119,46.58085
8120,56.362183
8121,63.139626
8122,76.66066
8123,32.28791
8124,76.86168
8125,46.54137
8126,71.15152
8127,46.351154
8128,85.71011
8129,66.21059
8130,39.113613
8131,30.556225
8132,35.669327
8133,60.019817
8134,39.188774
8135,72.21176
8136,40.47229
8137,37.01745
8138,36.870667
8139,23.542488
8140,35.90127
8141,60.22769
8142,30.888077
8143,77.32247
8144,32.9404
8145,40.959858
8146,29.027828
8147,17.346125
8148,28.10549
8149,51.07515
8150,57.03254
8151,60.8649
8152,74.4003
8153,30.143106
8154,71.937744
8155,47.358803
8156,71.24548
8157,46.74844
8158,81.95129
8159,66.37682
8160,40.39009
8161,30.73952
8162,39.700325
8163,58.723885
8164,40.592995
8165,74.08783
8166,41.505142
8167,37.940285
8168,40.31121
8169,23.122498
8170,40.93352
8171,55.290146
8172,30.253502
8173,81.06253
8174,33.03475
8175,39.51452
8176,30.192465
8177,15.9497795
8178,32.811134
8179,46.649296
8180,55.186226
8181,62.99278
8182,80.05817
8183,33.32388
8184,80.18005
8185,46.339886
8186,73.34888
8187,46.49992
8188,85.038086
8189,64.82882
8190,36.13005
8191,32.58494
8192,35.881657
8193,58.40142
8194,36.110954
8195,70.80785
8196,36.604717
8197,38.436867
8198,36.938347
8199,25.79741
8200,36.436687
8201,55.61073
8202,28.831356
8203,77.9751
8204,30.387756
8205,40.615177
8206,29.56781
8207,17.88834
8208,30.20311
8209,47.405865
8210,56.260223
8211,62.711926
8212,70.72727
8213,33.870865
8214,71.19406
8215,47.316887
8216,67.54929
8217,47.345238
8218,80.17232
8219,65.96344
8220,38.926453
8221,30.147886
8222,37.430805
8223,58.449516
8224,38.718132
8225,72.849014
8226,39.614334
8227,36.690315
8228,37.78808
8229,22.455454
8230,37.657227
8231,57.715424
8232,29.812431
8233,78.049835
8234,32.743015
8235,39.448315
8236,29.066212
8237,15.81295
8238,30.554325
8239,49.44903
8240,54.893585
8241,61.636692
8242,75.39089
8243,31.648937
8244,74.58179
8245,47.415554
8246,70.68472
8247,47.02937
8248,84.21071
8249,67.04732
8250,39.838432
8251,30.199764
8252,36.998928
8253,59.580334
8254,39.80509
8255,74.61965
8256,41.03328
8257,35.739346
8258,37.9721
8259,22.381535
8260,37.584923
8261,55.8748
8262,30.187435
8263,81.96143
8264,32.918144
8265,39.068245
8266,28.862041
8267,15.450085
8268,27.511059
8269,45.043777
8270,58.83156
8271,58.908234
8272,84.807396
8273,32.94708
8274,83.14137
8275,45.28115
8276,78.21985
8277,44.574333
8278,90.48289
8279,67.15735
8280,38.064846
8281,29.206165
8282,38.188683
8283,58.747574
8284,38.078583
8285,74.11792
8286,38.609653
8287,35.862457
8288,38.358234
8289,21.284725
8290,38.979576
8291,56.878204
8292,28.957365
8293,79.756836
8294,31.657017
8295,37.77697
8296,29.45431
8297,13.772484
8298,31.778118
8299,49.056404
8300,56.569077
8301,63.979458
8302,78.64058
8303,32.623653
8304,79.11983
8305,48.451088
8306,73.93492
8307,48.428646
8308,88.987206
8309,67.628075
8310,34.828903
8311,29.670216
8312,36.06437
8313,59.780094
8314,34.72337
8315,75.0298
8316,35.98332
8317,36.82274
8318,36.114166
8319,22.180813
8320,37.49073
8321,57.172005
8322,24.50447
8323,81.34978
8324,26.184845
8325,39.510513
8326,26.011887
8327,14.0887375
8328,29.751537
8329,49.614544
8330,53.539753
8331,65.667404
8332,74.349335
8333,35.86501
8334,74.75294
8335,49.754047
8336,68.31525
8337,49.730225
8338,83.40969
8339,67.93419
8340,36.99761
8341,28.330166
8342,36.6707
8343,59.856445
8344,37.26622
8345,76.11845
8346,37.55434
8347,35.25817
8348,37.38282
8349,19.117622
8350,37.514927
8351,55.513947
8352,28.535275
8353,83.05492
8354,30.283186
8355,39.12008
8356,29.05038
8357,11.796631
8358,29.739756
8359,46.267746
8360,58.505173
8361,63.836685
8362,79.789856
8363,30.88167
8364,80.138504
8365,46.799988
8366,76.569405
8367,46.520267
8368,88.49634
8369,66.38912
8370,38.448944
8371,29.782434
8372,37.225594
8373,59.27431
8374,38.586327
8375,73.8779
8376,39.578518
8377,35.409172
8378,38.002193
8379,22.464699
8380,37.815475
8381,56.3114
8382,28.311264
8383,79.85945
8384,30.382435
8385,38.729477
8386,27.545101
8387,15.391121
8388,28.362085
8389,46.642136
8390,56.24652
8391,60.4784
8392,81.27011
8393,32.973442
8394,80.379036
8395,46.57553
8396,74.59421
8397,45.992527
8398,87.548965
8399,67.58138
8400,37.44511
8401,30.322884
8402,34.953583
8403,60.798515
8404,37.2519
8405,74.088455
8406,38.88142
8407,36.392002
8408,35.88146
8409,23.91306
8410,35.353653
8411,59.892395
8412,26.849161
8413,80.65378
8414,30.004143
8415,38.85869
8416,25.993807
8417,17.192642
8418,26.275482
8419,47.68017
8420,51.33552
8421,60.898266
8422,73.79562
8423,31.822622
8424,71.88661
8425,45.963684
8426,65.44209
8427,45.564823
8428,83.156494
8429,65.58563
8430,37.630253
8431,31.383202
8432,37.971535
8433,59.05457
8434,38.489113
8435,72.15493
8436,38.31731
8437,37.115784
8438,38.662254
8439,24.773163
8440,38.561222
8441,55.989674
8442,29.201841
8443,78.05995
8444,29.390951
8445,40.82318
8446,29.5657
8447,17.057253
8448,31.238705
8449,47.935947
8450,58.392273
8451,63.336334
8452,75.879845
8453,33.778564
8454,76.582565
8455,47.58185
8456,70.90957
8457,47.215866
8458,84.71728
8459,64.008514
8460,35.94593
8461,31.50786
8462,35.085644
8463,57.71534
8464,36.45256
8465,70.06427
8466,36.841587
8467,37.167404
8468,35.733177
8469,25.094368
8470,36.23065
8471,56.333168
8472,27.524742
8473,75.234985
8474,29.864666
8475,41.063644
8476,27.625862
8477,17.857132
8478,30.035858
8479,48.86681
8480,52.92127
8481,59.380184
8482,70.9022
8483,34.759953
8484,70.349594
8485,47.23802
8486,65.86386
8487,47.173573
8488,76.060165
8489,65.46303
8490,37.200024
8491,32.50309
8492,38.27263
8493,58.897774
8494,37.524597
8495,71.65662
8496,37.483498
8497,38.275158
8498,38.9328
8499,26.359562
8500,39.31465
8501,55.01038
8502,29.321014
8503,78.122086
8504,29.241644
8505,39.41404
8506,30.836275
8507,18.602245
8508,32.066616
8509,46.13966
8510,58.72695
8511,64.23268
8512,76.0813
8513,37.39518
8514,77.46646
8515,48.33453
8516,71.58917
8517,48.331284
8518,85.45513
8519,67.28996
8520,36.539993
8521,28.116047
8522,37.134495
8523,59.762707
8524,37.30295
8525,75.56927
8526,37.018875
8527,34.98551
8528,37.549477
8529,19.09232
8530,38.255745
8531,55.354477
8532,27.920403
8533,81.9791
8534,29.186718
8535,39.013916
8536,28.802734
8537,11.7925415
8538,30.148323
8539,46.399006
8540,57.456833
8541,64.81773
8542,77.16022
8543,30.383396
8544,78.05226
8545,47.184143
8546,74.26199
8547,46.877155
8548,86.856094
8549,66.49939
8550,37.329067
8551,33.373966
8552,36.930214
8553,59.89806
8554,36.876617
8555,73.130844
8556,39.000732
8557,39.709698
8558,38.45162
8559,26.5755
8560,38.22879
8561,57.282112
8562,28.932869
8563,79.91584
8564,32.332268
8565,41.207176
8566,29.322695
8567,18.95061
8568,31.556374
8569,52.60461
8570,52.173397
8571,64.11024
8572,77.196915
8573,38.336807
8574,77.57437
8575,50.614174
8576,70.57347
8577,50.696636
8578,82.86692
8579,65.8981
8580,35.87131
8581,31.259327
8582,35.22276
8583,59.28984
8584,35.760975
8585,72.506134
8586,36.80362
8587,37.52131
8588,36.363495
8589,24.26252
8590,36.281242
8591,59.22467
8592,26.87368
8593,78.61958
8594,29.265213
8595,39.2833
8596,27.103386
8597,16.518982
8598,29.215376
8599,50.01516
8600,52.70771
8601,63.32051
8602,71.2146
8603,33.112503
8604,70.80948
8605,48.87014
8606,65.52495
8607,48.624928
8608,81.18273
8609,65.54387
8610,37.53752
8611,30.541916
8612,36.659683
8613,59.21481
8614,37.329533
8615,71.625275
8616,38.34047
8617,36.72873
8618,37.55845
8619,23.81955
8620,37.460434
8621,56.984715
8622,29.09805
8623,78.20198
8624,31.154251
8625,40.44664
8626,29.10762
8627,15.794624
8628,31.000767
8629,49.810143
8630,54.7363
8631,60.755493
8632,76.4819
8633,34.899822
8634,76.27592
8635,48.19819
8636,70.70001
8637,47.682682
8638,83.02382
8639,67.78978
8640,33.824623
8641,30.615849
8642,36.40778
8643,59.487186
8644,34.98677
8645,75.25198
8646,34.455006
8647,37.84371
8648,37.172638
8649,22.714432
8650,37.538776
8651,55.767006
8652,27.040607
8653,80.26837
8654,25.805904
8655,37.099846
8656,29.39131
8657,15.868446
8658,30.785494
8659,49.287663
8660,55.483406
8661,68.3759
8662,72.544495
8663,36.38509
8664,74.58416
8665,51.056953
8666,72.28955
8667,51.569263
8668,80.60025
8669,65.79527
8670,39.338585
8671,31.470798
8672,36.683647
8673,59.349022
8674,39.475193
8675,71.796936
8676,40.881775
8677,37.889473
8678,37.56685
8679,24.69499
8680,36.932198
8681,57.60303
8682,30.716988
8683,78.401306
8684,34.234375
8685,41.245205
8686,29.687632
8687,18.08289
8688,30.258316
8689,48.601215
8690,57.911137
8691,60.004692
8692,74.51454
8693,32.501434
8694,71.99461
8695,46.567627
8696,70.6248
8697,46.59571
8698,79.78762
8699,64.37842
8700,39.853012
8701,32.386715
8702,40.292004
8703,57.736748
8704,39.871086
8705,70.71821
8706,40.64876
8707,38.33026
8708,41.06916
8709,25.270327
8710,42.01633
8711,55.653908
8712,30.735401
8713,75.957
8714,33.441643
8715,39.73808
8716,31.41782
8717,18.28929
8718,35.847904
8719,49.595116
8720,54.30909
8721,63.154163
8722,76.37646
8723,35.74509
8724,77.688126
8725,48.97508
8726,70.34389
8727,49.644264
8728,81.99364
8729,67.47581
8730,36.31904
8731,30.799187
8732,35.12389
8733,61.06059
8734,36.50575
8735,73.154495
8736,37.59079
8737,37.318893
8738,36.57448
8739,24.409262
8740,35.73079
8741,61.282864
8742,27.559357
8743,79.308624
8744,29.531187
8745,39.30332
8746,26.889725
8747,17.519949
8748,28.375242
8749,51.296204
8750,52.26574
8751,63.814945
8752,71.90709
8753,33.116817
8754,71.26004
8755,48.976116
8756,65.84401
8757,48.38496
8758,83.13948
8759,66.28655
8760,39.139633
8761,29.008253
8762,39.784836
8763,58.943733
8764,38.80961
8765,73.493744
8766,39.841164
8767,35.627365
8768,39.536297
8769,21.850702
8770,40.49273
8771,56.19854
8772,28.771065
8773,79.47337
8774,31.249737
8775,38.545303
8776,30.001411
8777,15.3040695
8778,32.825092
8779,46.1916
8780,49.41172
8781,63.23883
8782,76.77629
8783,33.255928
8784,77.08139
8785,46.66423
8786,68.79126
8787,47.348118
8788,82.15671
8789,66.509514
8790,33.25998
8791,30.518047
8792,36.28752
8793,56.99331
8794,34.536522
8795,75.95882
8796,33.585175
8797,38.00057
8798,36.98134
8799,21.155823
8800,37.623665
8801,53.079918
8802,24.98396
8803,81.69427
8804,24.01746
8805,37.1155
8806,27.560713
8807,13.098862
8808,29.37891
8809,46.1027
8810,56.382927
8811,67.40405
8812,75.08739
8813,35.18592
8814,77.50606
8815,49.46239
8816,73.35156
8817,50.37817
8818,82.67975
8819,66.346954
8820,37.912655
8821,28.99802
8822,37.954086
8823,57.183937
8824,38.308884
8825,75.79379
8826,38.335228
8827,36.597534
8828,38.561493
8829,19.467312
8830,39.06974
8831,53.240276
8832,29.243788
8833,82.81795
8834,30.992115
8835,39.611423
8836,29.911901
8837,11.158291
8838,31.912983
8839,45.985638
8840,59.97411
8841,63.587383
8842,80.63822
8843,32.302658
8844,81.13352
8845,46.99132
8846,76.95693
8847,46.887672
8848,88.08772
8849,66.13338
8850,37.805027
8851,30.94384
8852,37.887733
8853,58.23385
8854,37.625435
8855,73.21002
8856,38.393036
8857,37.699528
8858,38.718616
8859,23.041485
8860,39.03687
8861,55.223557
8862,28.27349
8863,80.06242
8864,32.181442
8865,40.611374
8866,29.163145
8867,15.153103
8868,33.718136
8869,48.76349
8870,56.94251
8871,63.532764
8872,77.76232
8873,33.431217
8874,78.36287
8875,47.607193
8876,73.167435
8877,47.13895
8878,84.23452
8879,66.483826
8880,36.73426
8881,30.504635
8882,37.32982
8883,58.853195
8884,36.742195
8885,74.678894
8886,37.484222
8887,37.9246
8888,37.103176
8889,22.282831
8890,38.32239
8891,55.688244
8892,25.682766
8893,80.07686
8894,28.549347
8895,40.57864
8896,26.481773
8897,16.035662
8898,30.338661
8899,47.538902
8900,55.796368
8901,65.85538
8902,71.47708
8903,31.975193
8904,71.28259
8905,47.977905
8906,68.81367
8907,47.908848
8908,78.76484
8909,68.31255
8910,38.04407
8911,27.814724
8912,40.92681
8913,58.854473
8914,39.328804
8915,76.53903
8916,38.808838
8917,36.673958
8918,41.135796
8919,18.686663
8920,41.872597
8921,54.12335
8922,30.843311
8923,82.459564
8924,30.282137
8925,39.28711
8926,32.829094
8927,10.938393
8928,35.990707
8929,48.870773
8930,60.860165
8931,68.831985
8932,82.79996
8933,32.611893
8934,85.17476
8935,49.24632
8936,81.54654
8937,49.604607
8938,89.72272
8939,66.1138
8940,37.253433
8941,31.129925
8942,38.646248
8943,58.727856
8944,37.21661
8945,73.11359
8946,37.36637
8947,37.011326
8948,38.45667
8949,24.224184
8950,39.193176
8951,55.68676
8952,27.371063
8953,78.68041
8954,29.139877
8955,40.166016
8956,28.464779
8957,16.60187
8958,32.228893
8959,48.090538
8960,57.582
8961,64.00835
8962,75.42053
8963,34.919376
8964,76.683136
8965,48.606163
8966,71.14186
8967,48.536602
8968,84.88303
8969,66.87561
8970,35.99788
8971,29.534824
8972,33.8883
8973,57.88233
8974,36.751465
8975,75.40556
8976,38.020874
8977,37.46381
8978,35.877274
8979,20.356354
8980,34.18394
8981,55.250084
8982,29.037817
8983,83.301155
8984,31.2379
8985,41.15333
8986,28.338316
8987,12.776672
8988,27.34824
8989,48.102615
8990,58.960545
8991,60.516228
8992,79.73862
8993,31.36702
8994,78.53562
8995,46.06497
8996,75.73069
8997,45.506382
8998,86.40988
8999,66.33971
9000,38.145477
9001,30.945198
9002,37.362167
9003,58.949196
9004,37.491627
9005,72.997604
9006,38.99286
9007,36.53791
9008,37.735035
9009,24.064816
9010,37.61141
9011,55.744778
9012,28.282276
9013,79.31851
9014,31.393543
9015,40.6621
9016,28.430958
9017,16.62011
9018,30.750198
9019,47.326725
9020,57.476692
9021,60.73259
9022,78.88347
9023,34.291786
9024,78.19769
9025,46.754787
9026,72.330505
9027,46.174194
9028,87.11427
9029,65.93518
9030,39.60086
9031,30.321629
9032,37.69208
9033,57.958656
9034,39.837154
9035,74.05128
9036,40.703903
9037,38.052456
9038,38.746338
9039,21.609016
9040,38.077133
9041,56.38875
9042,32.277462
9043,80.230896
9044,34.34532
9045,42.197273
9046,32.15606
9047,14.724609
9048,32.143738
9049,48.60534
9050,60.308926
9051,63.867405
9052,75.0791
9053,28.799854
9054,73.88562
9055,46.539757
9056,74.16528
9057,46.204704
9058,82.9899
9059,65.628265
9060,36.074253
9061,30.00056
9062,36.43525
9063,57.876072
9064,36.404167
9065,73.286736
9066,37.31836
9067,36.86517
9068,37.372288
9069,21.485373
9070,38.193874
9071,55.63774
9072,26.69144
9073,80.32878
9074,29.029995
9075,39.613155
9076,27.291069
9077,12.803776
9078,29.880802
9079,48.659824
9080,53.300114
9081,62.322414
9082,75.15715
9083,32.928772
9084,75.88841
9085,47.73684
9086,69.44266
9087,48.44416
9088,81.01521
9089,68.07501
9090,38.116074
9091,29.059155
9092,35.977257
9093,59.002556
9094,37.674675
9095,77.42343
9096,39.190742
9097,37.133644
9098,36.944885
9099,19.01163
9100,36.91379
9101,56.23771
9102,27.711187
9103,85.06378
9104,32.160614
9105,40.72498
9106,27.17916
9107,11.633259
9108,29.101715
9109,47.463623
9110,58.007973
9111,63.7792
9112,79.46452
9113,29.265274
9114,78.34222
9115,46.22926
9116,75.34569
9117,46.0048
9118,87.14312
9119,66.93146
9120,36.75647
9121,27.666458
9122,37.774876
9123,57.69042
9124,37.92399
9125,74.93585
9126,37.614925
9127,35.72047
9128,38.677826
9129,17.995737
9130,39.583263
9131,54.49052
9132,28.451265
9133,83.112564
9134,30.863632
9135,38.858925
9136,29.672905
9137,9.68317
9138,33.936707
9139,47.218826
9140,58.57263
9141,64.03454
9142,78.50711
9143,30.371567
9144,80.0205
9145,47.063396
9146,75.51956
9147,47.14564
9148,86.18998
9149,66.454956
9150,35.965675
9151,29.492865
9152,37.022133
9153,57.03572
9154,36.673286
9155,76.09741
9156,36.59826
9157,38.15028
9158,38.03273
9159,19.137486
9160,38.717155
9161,53.793644
9162,28.145836
9163,82.86063
9164,29.851995
9165,40.78872
9166,29.467966
9167,10.572819
9168,32.885323
9169,49.355137
9170,59.966534
9171,66.086426
9172,77.68197
9173,32.38813
9174,79.57573
9175,49.103653
9176,76.066864
9177,49.474907
9178,86.235016
9179,65.26754
9180,38.589058
9181,29.241577
9182,37.96972
9183,57.091618
9184,38.70807
9185,74.602394
9186,39.37227
9187,37.188313
9188,38.983383
9189,19.762512
9190,39.59408
9191,54.258076
9192,28.95265
9193,81.61387
9194,32.116096
9195,41.417446
9196,29.429539
9197,11.898529
9198,32.84349
9199,47.784798
9200,55.90317
9201,63.566338
9202,76.74429
9203,30.01876
9204,77.15366
9205,46.553345
9206,72.25818
9207,46.889423
9208,82.60721
9209,68.019775
9210,37.0142
9211,27.75839
9212,37.028446
9213,58.73781
9214,37.858124
9215,76.76996
9216,38.122482
9217,36.7291
9218,38.263084
9219,17.937347
9220,37.574436
9221,56.67054
9222,30.304081
9223,83.5183
9224,31.30739
9225,40.11532
9226,30.26674
9227,10.365162
9228,31.814323
9229,50.888996
9230,61.004974
9231,65.07211
9232,80.258255
9233,30.89555
9234,81.316216
9235,48.79588
9236,79.164085
9237,48.309566
9238,89.15886
9239,64.691895
9240,37.870247
9241,30.639801
9242,36.771355
9243,56.76611
9244,38.313972
9245,72.73822
9246,38.846176
9247,37.62787
9248,38.100075
9249,21.985184
9250,36.746826
9251,54.68131
9252,31.859104
9253,79.45744
9254,32.024803
9255,41.25675
9256,31.61604
9257,14.114361
9258,30.126257
9259,48.31314
9260,60.40974
9261,60.65945
9262,76.907394
9263,31.925098
9264,76.43235
9265,46.90835
9266,75.1209
9267,46.6807
9268,82.93777
9269,66.10147
9270,35.27104
9271,28.509657
9272,37.360092
9273,56.781586
9274,36.65417
9275,74.86843
9276,35.77801
9277,36.43968
9278,38.137093
9279,18.47327
9280,39.939392
9281,52.565025
9282,27.487812
9283,82.2903
9284,28.701437
9285,39.411568
9286,29.374306
9287,9.199612
9288,34.308716
9289,47.8956
9290,60.390663
9291,65.24224
9292,78.56003
9293,32.878994
9294,81.21373
9295,48.664894
9296,76.48152
9297,49.15112
9298,85.90275
9299,68.81253
9300,35.56469
9301,28.561142
9302,34.78376
9303,59.387474
9304,35.116516
9305,77.55175
9306,36.475113
9307,36.37771
9308,35.290516
9309,18.734856
9310,36.701946
9311,55.285534
9312,24.231096
9313,85.04627
9314,28.36224
9315,39.90071
9316,24.52458
9317,10.622139
9318,28.148281
9319,46.921017
9320,57.186104
9321,63.660507
9322,81.95064
9323,31.75346
9324,81.89107
9325,46.510483
9326,76.49625
9327,46.62212
9328,87.37046
9329,67.106926
9330,37.874275
9331,28.580172
9332,36.986187
9333,58.18495
9334,38.347992
9335,75.992905
9336,39.136383
9337,37.24532
9338,38.25675
9339,18.847382
9340,37.596325
9341,56.671516
9342,30.28662
9343,82.6763
9344,32.813168
9345,40.786808
9346,30.0955
9347,11.820831
9348,31.827766
9349,50.365112
9350,58.62326
9351,63.664635
9352,78.644585
9353,30.587175
9354,78.87684
9355,48.032936
9356,76.61206
9357,47.561974
9358,86.16458
9359,68.81717
9360,36.861393
9361,28.32156
9362,36.95408
9363,58.777103
9364,37.03244
9365,78.591194
9366,37.22904
9367,37.34117
9368,37.108322
9369,18.020344
9370,38.004707
9371,56.324024
9372,25.445824
9373,84.9655
9374,28.28963
9375,39.710278
9376,26.039078
9377,10.298401
9378,29.403172
9379,47.245213
9380,58.728615
9381,69.140076
9382,77.50502
9383,27.263279
9384,77.39435
9385,47.527885
9386,75.3477
9387,47.793667
9388,87.29542
9389,64.97893
9390,36.98483
9391,29.859688
9392,35.291862
9393,56.135086
9394,38.492134
9395,72.9283
9396,39.37377
9397,37.400208
9398,37.230232
9399,20.944965
9400,35.837105
9401,53.549427
9402,30.945086
9403,80.9522
9404,33.11507
9405,41.619553
9406,30.597681
9407,12.916725
9408,30.064259
9409,47.30056
9410,59.289345
9411,58.483555
9412,79.76825
9413,31.347485
9414,78.986534
9415,45.059437
9416,76.10993
9417,44.86414
9418,83.88504
9419,68.292725
9420,39.145428
9421,29.69208
9422,36.470078
9423,59.053165
9424,38.636185
9425,77.647644
9426,40.210503
9427,38.183754
9428,37.589394
9429,19.589268
9430,37.06768
9431,56.74357
9432,28.729288
9433,84.826996
9434,33.413273
9435,40.989647
9436,28.132664
9437,12.939892
9438,29.38833
9439,47.248608
9440,59.50335
9441,65.6925
9442,76.54403
9443,27.301426
9444,74.76573
9445,46.07857
9446,74.678345
9447,45.978363
9448,85.73286
9449,66.43012
9450,36.116867
9451,29.874908
9452,37.593536
9453,58.558674
9454,35.62312
9455,74.722336
9456,36.15081
9457,37.54931
9458,37.13183
9459,21.148722
9460,38.969193
9461,56.19696
9462,24.915958
9463,80.673904
9464,27.85227
9465,40.3809
9466,26.658203
9467,13.319881
9468,31.364727
9469,48.69369
9470,56.509357
9471,68.20822
9472,71.34842
9473,31.352972
9474,72.60266
9475,49.420353
9476,68.912315
9477,49.86115
9478,82.76976
9479,66.33768
9480,35.695328
9481,29.080402
9482,36.925934
9483,57.711533
9484,36.221367
9485,75.54875
9486,36.268433
9487,37.3184
9488,37.62156
9489,19.216095
9490,38.8378
9491,54.495453
9492,26.898218
9493,82.24044
9494,28.393482
9495,40.274628
9496,27.968405
9497,10.986904
9498,32.299763
9499,48.961903
9500,56.59802
9501,65.684456
9502,75.558784
9503,32.16074
9504,77.45422
9505,48.68141
9506,72.91541
9507,49.143467
9508,82.88131
9509,67.67067
9510,36.268074
9511,28.976307
9512,34.49553
9513,58.18577
9514,36.85925
9515,76.18388
9516,37.98203
9517,37.06523
9518,36.107674
9519,19.074696
9520,36.003845
9521,54.978207
9522,27.282238
9523,84.72064
9524,31.190945
9525,40.42855
9526,27.120087
9527,10.914719
9528,28.866676
9529,46.477978
9530,58.734184
9531,62.184937
9532,78.38982
9533,28.87024
9534,77.63383
9535,44.92641
9536,74.962585
9537,45.003002
9538,84.81236
9539,65.63994
9540,39.78415
9541,29.776398
9542,37.530052
9543,57.128895
9544,39.976982
9545,73.888824
9546,41.14163
9547,37.1784
9548,38.927097
9549,20.828243
9550,39.02672
9551,54.359425
9552,29.840637
9553,81.851654
9554,34.692818
9555,41.618458
9556,29.517717
9557,12.750454
9558,32.691467
9559,46.759735
9560,57.993248
9561,61.10855
9562,79.08681
9563,29.73423
9564,78.22749
9565,45.11964
9566,74.16043
9567,45.00314
9568,84.139015
9569,66.91123
9570,40.301342
9571,29.87545
9572,38.36929
9573,58.833263
9574,39.969185
9575,74.81523
9576,41.183556
9577,37.284912
9578,39.417637
9579,20.977798
9580,39.066807
9581,56.636734
9582,32.3291
9583,81.55782
9584,34.597725
9585,41.6726
9586,32.248234
9587,13.801201
9588,32.85545
9589,49.054512
9590,60.57297
9591,63.23124
9592,79.83995
9593,30.657936
9594,79.24243
9595,47.035458
9596,76.54311
9597,46.605507
9598,87.73697
9599,65.41021
9600,37.47936
9601,29.813738
9602,37.971535
9603,57.190216
9604,38.443275
9605,73.32783
9606,38.237823
9607,37.245785
9608,38.816933
9609,20.871357
9610,39.970837
9611,53.929886
9612,29.265995
9613,80.70712
9614,31.82961
9615,40.208595
9616,30.276878
9617,12.867111
9618,34.557125
9619,47.838173
9620,57.20176
9621,64.09143
9622,75.557304
9623,31.96427
9624,76.84569
9625,47.435516
9626,72.530594
9627,47.940735
9628,82.01068
9629,66.243675
9630,35.470108
9631,29.649895
9632,35.753616
9633,58.705795
9634,34.9039
9635,74.72435
9636,36.039124
9637,36.82798
9638,35.50356
9639,20.976912
9640,37.373642
9641,56.28423
9642,24.06189
9643,81.091125
9644,27.723259
9645,41.177143
9646,24.412855
9647,13.010811
9648,29.411572
9649,49.66186
9650,54.51234
9651,64.50838
9652,73.16585
9653,33.4996
9654,73.93974
9655,48.812027
9656,67.87041
9657,49.02675
9658,82.47347
9659,67.09221
9660,36.58515
9661,30.016802
9662,36.288
9663,58.072365
9664,36.532722
9665,75.8609
9666,37.062798
9667,37.130005
9668,36.8843
9669,20.249262
9670,37.891212
9671,53.95465
9672,26.471775
9673,83.57715
9674,29.330807
9675,39.64082
9676,26.83958
9677,12.149796
9678,29.698109
9679,46.331417
9680,58.17258
9681,63.802326
9682,78.693794
9683,32.69871
9684,78.93759
9685,47.23436
9686,74.69063
9687,47.789337
9688,86.130844
9689,67.13196
9690,40.073364
9691,30.0197
9692,37.571114
9693,58.783432
9694,39.81832
9695,75.366776
9696,41.24955
9697,37.777115
9698,38.932762
9699,20.833872
9700,38.09509
9701,56.636578
9702,32.54915
9703,82.59395
9704,35.00248
9705,41.92828
9706,32.175194
9707,13.599609
9708,31.83355
9709,48.676216
9710,61.49154
9711,63.117115
9712,79.55503
9713,29.73273
9714,78.625046
9715,46.450676
9716,77.078354
9717,46.022205
9718,87.60362
9719,65.90405
9720,36.46022
9721,29.96016
9722,37.18846
9723,57.662167
9724,36.757896
9725,74.84134
9726,36.785706
9727,37.522503
9728,37.440777
9729,20.844137
9730,38.591923
9731,54.081135
9732,27.199244
9733,80.82334
9734,28.817001
9735,40.814144
9736,28.136614
9737,13.239822
9738,31.175072
9739,47.606724
9740,56.718533
9741,65.305374
9742,75.16604
9743,33.204597
9744,75.76334
9745,48.466095
9746,71.34838
9747,48.90246
9748,81.58659
9749,65.85001
9750,36.36803
9751,30.450453
9752,36.762623
9753,57.194595
9754,37.222233
9755,73.4486
9756,37.308834
9757,37.456158
9758,37.85359
9759,21.416456
9760,39.355736
9761,52.623737
9762,28.557968
9763,81.844864
9764,31.155403
9765,40.715546
9766,29.82932
9767,12.506992
9768,33.838333
9769,46.98302
9770,58.900124
9771,62.5658
9772,77.58419
9773,34.22551
9774,78.88981
9775,47.27597
9776,74.0152
9777,47.750088
9778,83.592514
9779,65.690186
9780,38.20565
9781,30.017569
9782,35.42312
9783,57.76796
9784,38.723846
9785,73.74286
9786,39.05561
9787,37.471535
9788,36.383896
9789,21.280191
9790,36.181427
9791,57.64894
9792,30.315048
9793,80.53954
9794,32.434402
9795,41.422783
9796,28.840487
9797,15.860847
9798,28.347195
9799,47.5386
9800,54.098175
9801,59.111786
9802,74.57173
9803,30.932507
9804,72.7473
9805,45.50617
9806,68.980545
9807,44.93403
9808,79.82074
9809,65.26463
9810,37.280037
9811,30.238123
9812,37.873528
9813,58.179104
9814,37.21778
9815,72.91554
9816,37.62951
9817,37.197372
9818,37.88434
9819,21.96595
9820,39.229816
9821,55.025803
9822,27.942192
9823,79.26993
9824,30.351986
9825,40.847733
9826,28.641464
9827,14.762032
9828,32.63263
9829,48.776333
9830,56.223892
9831,63.60498
9832,74.491425
9833,34.568
9834,75.6276
9835,48.623104
9836,70.54324
9837,48.568657
9838,82.31912
9839,65.38777
9840,35.2742
9841,30.807043
9842,35.426414
9843,56.75157
9844,35.98055
9845,73.8101
9846,36.227287
9847,38.237785
9848,36.42819
9849,21.810959
9850,36.179146
9851,54.19433
9852,27.830574
9853,80.02281
9854,28.04166
9855,40.50659
9856,28.547995
9857,15.272198
9858,28.257587
9859,46.659016
9860,57.71398
9861,62.218327
9862,76.13413
9863,34.222458
9864,76.16796
9865,47.237064
9866,73.89222
9867,47.498837
9868,80.23445
9869,66.6453
9870,39.401115
9871,30.352926
9872,38.891266
9873,58.440792
9874,39.713978
9875,73.52374
9876,40.244812
9877,37.8274
9878,39.675106
9879,22.047626
9880,40.37539
9881,55.47997
9882,31.988789
9883,79.774445
9884,33.437286
9885,42.87713
9886,32.499626
9887,14.148418
9888,35.19632
9889,50.36402
9890,61.529682
9891,62.150276
9892,82.90446
9893,34.98159
9894,83.03246
9895,48.179424
9896,79.57462
9897,48.017757
9898,85.91813
9899,66.35414
9900,35.896233
9901,30.822437
9902,37.17142
9903,58.240894
9904,36.552547
9905,74.71304
9906,36.806896
9907,38.2623
9908,36.940845
9909,22.439648
9910,38.162308
9911,56.030567
9912,25.147337
9913,79.34567
9914,27.744549
9915,40.25711
9916,26.35469
9917,16.616426
9918,30.02543
9919,47.04625
9920,56.154854
9921,65.57417
9922,69.64557
9923,32.22072
9924,69.747765
9925,48.156982
9926,69.28418
9927,48.000835
9928,75.740234
9929,68.279236
9930,36.807716
9931,29.383133
9932,36.438145
9933,59.656467
9934,36.936916
9935,76.29913
9936,37.831085
9937,37.87767
9938,37.078423
9939,20.940588
9940,37.012894
9941,57.396263
9942,27.873575
9943,82.96945
9944,29.975826
9945,40.68764
9946,28.249374
9947,13.588722
9948,29.983303
9949,49.10633
9950,59.025635
9951,65.68967
9952,75.707756
9953,30.559425
9954,75.349655
9955,47.383327
9956,73.06623
9957,47.295403
9958,86.20944
9959,67.99585
9960,36.808983
9961,29.761621
9962,36.477444
9963,59.523804
9964,36.88799
9965,75.38158
9966,37.25842
9967,37.137093
9968,36.93612
9969,21.826305
9970,36.86792
9971,55.857708
9972,27.85656
9973,82.58165
9974,28.972687
9975,40.56547
9976,28.299057
9977,14.912041
9978,29.277985
9979,46.059288
9980,59.666534
9981,63.02647
9982,78.85376
9983,32.679226
9984,78.70327
9985,46.163147
9986,74.816025
9987,45.55036
9988,86.85871
9989,65.82899
9990,40.540688
9991,30.691942
9992,35.602905
9993,58.29988
9994,39.9342
9995,72.96274
9996,42.414726
9997,37.547234
9998,37.33133
9999,22.780987
10000,35.988045
10001,57.85881
10002,30.35276
10003,81.19685
10004,35.670048
10005,41.94588
10006,27.949074
10007,15.270321
10008,28.156818
10009,46.86004
10010,54.946243
10011,57.85392
10012,77.84307
10013,28.487785
10014,74.62933
10015,43.18002
10016,70.38813
10017,43.23654
10018,82.394035
10019,67.81715
10020,36.95813
10021,29.599604
10022,37.57895
10023,58.896812
10024,38.081444
10025,76.25392
10026,37.38166
10027,38.011864
10028,38.28842
10029,19.63963
10030,37.975136
10031,55.45822
10032,30.995892
10033,83.17021
10034,30.482428
10035,39.684196
10036,31.854406
10037,12.975487
10038,31.871964
10039,48.407692
10040,62.41662
10041,66.556725
10042,76.112015
10043,31.381649
10044,77.45442
10045,48.459038
10046,77.668915
10047,48.423683
10048,85.75694
10049,66.29412
10050,36.808563
10051,30.03394
10052,38.410866
10053,57.942577
10054,38.296864
10055,74.48509
10056,36.8919
10057,38.044468
10058,38.654247
10059,20.361538
10060,39.22621
10061,54.472622
10062,31.183437
10063,80.62103
10064,30.029648
10065,39.60593
10066,32.370728
10067,13.805679
10068,33.417076
10069,48.556343
10070,61.041897
10071,66.336716
10072,73.79403
10073,32.58079
10074,75.7821
10075,49.096226
10076,75.68624
10077,49.320625
10078,82.84741
10079,64.93564
10080,36.55788
10081,31.147526
10082,36.35122
10083,57.080452
10084,37.133667
10085,72.66841
10086,37.511234
10087,38.12423
10088,37.371075
10089,22.304115
10090,37.578953
10091,55.53178
10092,28.66113
10093,79.66482
10094,30.684166
10095,40.83249
10096,29.108288
10097,14.6629715
10098,30.52049
10099,48.95314
10100,55.30533
10101,61.851715
10102,74.6156
10103,33.02938
10104,74.89388
10105,47.82698
10106,70.31941
10107,48.20668
10108,79.49995
10109,66.67741
10110,35.170067
10111,29.064093
10112,38.615143
10113,56.916824
10114,36.347343
10115,76.33188
10116,35.032497
10117,37.504456
10118,38.930813
10119,18.335152
10120,40.399635
10121,52.344116
10122,28.493938
10123,82.57414
10124,27.647205
10125,38.620773
10126,30.798824
10127,9.952965
10128,34.63389
10129,48.62622
10130,62.308624
10131,68.247314
10132,78.732895
10133,34.837845
10134,82.310715
10135,50.9701
10136,79.13721
10137,51.467754
10138,87.7195
10139,67.08696
10140,36.14855
10141,30.421593
10142,35.592148
10143,59.11071
10144,36.04211
10145,74.112946
10146,36.526077
10147,36.766354
10148,35.971832
10149,23.117186
10150,36.01805
10151,54.823196
10152,27.688324
10153,81.11377
10154,28.646374
10155,39.752052
10156,28.20935
10157,16.248833
10158,28.056852
10159,44.504276
10160,58.919262
10161,60.752533
10162,77.88246
10163,34.23716
10164,77.43273
10165,45.4724
10166,73.09621
10167,45.09325
10168,86.019325
10169,64.00234
10170,37.743378
10171,31.384228
10172,37.682262
10173,55.819267
10174,38.910614
10175,72.6516
10176,38.309143
10177,38.88734
10178,38.75212
10179,22.107347
10180,37.92127
10181,53.42392
10182,32.181168
10183,78.65579
10184,32.125504
10185,41.614246
10186,32.409035
10187,15.61953
10188,32.29296
10189,47.83137
10190,59.101517
10191,62.119835
10192,74.96378
10193,33.094112
10194,75.16725
10195,47.64149
10196,74.66133
10197,47.769184
10198,78.75061
10199,66.610825
10200,39.698097
10201,28.682596
10202,37.807095
10203,58.106647
10204,40.309155
10205,74.66649
10206,40.93837
10207,36.35836
10208,38.981358
10209,19.366554
10210,38.584473
10211,55.5701
10212,32.16864
10213,82.21105
10214,34.592613
10215,40.586906
10216,32.059357
10217,12.574192
10218,32.819176
10219,46.55788
10220,59.8584
10221,61.965576
10222,79.201836
10223,28.944477
10224,78.24481
10225,45.348137
10226,76.23069
10227,44.830143
10228,85.43702
10229,66.89019
10230,36.726833
10231,29.131014
10232,37.710686
10233,57.57751
10234,37.133743
10235,76.10046
10236,37.16292
10237,37.251625
10238,38.530567
10239,19.01912
10240,39.643173
10241,53.863174
10242,28.640411
10243,83.16235
10244,30.4459
10245,40.23366
10246,29.8602
10247,10.392689
10248,33.67453
10249,48.96591
10250,60.933662
10251,65.74826
10252,79.8477
10253,33.221504
10254,81.515015
10255,49.36341
10256,77.94884
10257,49.526226
10258,87.58936
10259,66.83125
10260,32.89474
10261,29.343052
10262,34.18644
10263,59.091537
10264,33.64006
10265,74.52101
10266,34.1751
10267,36.28759
10268,34.149803
10269,21.087364
10270,34.98301
10271,56.22818
10272,24.705406
10273,80.73302
10274,24.727541
10275,40.365314
10276,25.030691
10277,13.654411
10278,27.21515
10279,48.687233
10280,54.532608
10281,62.94346
10282,73.28871
10283,35.73074
10284,74.150475
10285,48.856556
10286,68.77144
10287,48.76526
10288,82.36847
10289,65.49067
10290,36.461056
10291,30.404556
10292,35.7107
10293,58.004314
10294,36.59965
10295,73.99538
10296,38.13669
10297,37.77908
10298,37.06505
10299,22.052164
10300,36.638527
10301,56.788513
10302,27.99701
10303,80.08283
10304,29.563826
10305,41.531963
10306,27.765781
10307,14.237194
10308,28.514828
10309,50.18172
10310,53.581207
10311,61.326084
10312,76.25313
10313,32.848198
10314,76.45562
10315,47.523796
10316,71.45636
10317,47.484013
10318,81.36129
10319,66.05296
10320,34.39239
10321,30.03682
10322,37.216507
10323,57.58792
10324,35.87056
10325,73.03413
10326,34.910225
10327,36.725304
10328,37.489655
10329,21.725903
10330,39.545067
10331,54.015926
10332,27.187096
10333,80.54828
10334,27.82853
10335,37.470177
10336,29.690422
10337,15.006672
10338,33.463333
10339,45.45942
10340,52.01992
10341,63.82035
10342,72.74717
10343,36.837906
10344,74.887276
10345,48.056293
10346,67.911255
10347,48.96775
10348,78.11944
10349,66.90181
10350,35.47191
10351,29.675413
10352,35.668434
10353,57.95137
10354,35.801193
10355,74.4778
10356,36.519478
10357,36.575645
10358,36.318726
10359,20.53975
10360,37.736294
10361,53.84704
10362,25.39228
10363,82.513855
10364,28.679665
10365,39.00232
10366,25.971169
10367,11.492218
10368,29.984386
10369,46.38387
10370,56.92224
10371,63.076786
10372,78.543564
10373,32.733334
10374,79.45043
10375,46.66144
10376,73.61743
10377,47.68036
10378,85.67012
10379,66.30246
10380,39.23063
10381,29.843906
10382,39.277756
10383,57.216805
10384,39.381195
10385,75.677216
10386,39.5869
10387,38.197098
10388,40.14202
10389,20.43992
10390,40.344833
10391,54.12762
10392,30.624525
10393,82.61029
10394,32.744194
10395,40.843163
10396,31.366964
10397,11.83889
10398,33.747303
10399,48.218407
10400,61.92969
10401,67.14808
10402,77.98434
10403,30.24539
10404,78.70158
10405,48.27456
10406,76.89082
10407,48.78444
10408,87.33829
10409,64.98067
10410,38.601437
10411,29.651058
10412,35.914318
10413,57.324753
10414,39.321857
10415,72.629814
10416,39.4951
10417,37.067238
10418,36.906048
10419,20.913998
10420,36.691322
10421,57.242264
10422,30.81181
10423,80.052666
10424,33.02843
10425,41.45763
10426,29.194448
10427,14.8078
10428,29.333103
10429,47.81942
10430,55.321716
10431,58.50085
10432,74.55846
10433,30.079987
10434,73.05371
10435,45.145897
10436,69.55803
10437,44.5915
10438,79.04387
10439,67.33379
10440,35.957146
10441,29.881432
10442,35.170734
10443,58.775543
10444,35.52076
10445,74.392815
10446,36.588905
10447,36.916283
10448,36.195328
10449,21.578114
10450,36.799194
10451,54.8607
10452,27.035988
10453,82.50905
10454,30.258184
10455,40.16011
10456,27.934563
10457,13.173042
10458,30.553642
10459,46.319637
10460,58.74021
10461,62.359184
10462,79.59944
10463,32.793488
10464,79.43197
10465,45.85569
10466,74.21217
10467,45.58076
10468,86.77387
10469,66.09888
10470,36.686874
10471,29.886
10472,37.923733
10473,56.959694
10474,37.774025
10475,74.60782
10476,38.008686
10477,37.689083
10478,38.863068
10479,20.32426
10480,39.651505
10481,53.219902
10482,29.60847
10483,80.82016
10484,29.98182
10485,40.931232
10486,31.08938
10487,12.2136345
10488,33.021416
10489,48.246315
10490,60.559196
10491,63.02444
10492,82.82984
10493,34.920723
10494,84.30463
10495,48.166393
10496,80.36629
10497,48.687504
10498,85.2039
10499,66.05339
10500,37.44539
10501,30.081991
10502,38.848694
10503,57.23719
10504,38.3606
10505,74.880806
10506,38.5259
10507,37.975235
10508,39.50171
10509,20.577484
10510,39.62851
10511,53.379185
10512,29.67928
10513,80.56381
10514,30.098484
10515,41.18152
10516,30.883787
10517,13.002602
10518,32.673126
10519,48.56098
10520,60.444645
10521,65.428406
10522,80.764626
10523,32.416916
10524,81.90839
10525,48.22365
10526,78.43878
10527,48.63123
10528,85.86125
10529,66.065575
10530,33.85487
10531,29.790773
10532,33.29412
10533,58.297268
10534,34.812996
10535,73.76085
10536,34.931244
10537,37.459038
10538,34.425022
10539,20.58001
10540,34.390533
10541,56.550465
10542,26.316998
10543,79.77019
10544,27.180492
10545,41.475307
10546,25.767672
10547,13.17379
10548,27.739136
10549,51.130173
10550,54.635918
10551,62.360893
10552,72.97192
10553,32.57391
10554,73.453514
10555,48.574875
10556,69.56912
10557,48.53356
10558,80.63263
10559,64.52358
10560,37.095078
10561,30.70276
10562,36.72627
10563,57.0038
10564,37.14542
10565,72.36878
10566,37.418495
10567,37.213753
10568,37.238285
10569,22.206501
10570,38.586617
10571,53.996075
10572,27.650484
10573,79.92763
10574,30.978273
10575,41.21884
10576,28.184032
10577,13.988831
10578,31.825924
10579,47.33807
10580,55.64931
10581,62.02981
10582,74.858604
10583,33.524456
10584,75.042786
10585,47.349537
10586,68.45486
10587,47.784996
10588,80.36171
10589,66.773
10590,38.994377
10591,30.250599
10592,38.8368
10593,58.988213
10594,39.235184
10595,73.43973
10596,39.480732
10597,37.58287
10598,39.363136
10599,22.358557
10600,39.979897
10601,55.28304
10602,31.46178
10603,79.8056
10604,32.568512
10605,42.730484
10606,32.187126
10607,14.432472
10608,34.81772
10609,49.655933
10610,61.34846
10611,63.78102
10612,80.25196
10613,33.321186
10614,80.27149
10615,47.86356
10616,77.20389
10617,47.784344
10618,85.073395
10619,66.53745
10620,35.02613
10621,29.366793
10622,37.14072
10623,58.36694
10624,35.194653
10625,74.84581
10626,34.664375
10627,36.586964
10628,36.4963
10629,20.39376
10630,38.566986
10631,54.386986
10632,25.029976
10633,80.84897
10634,26.189022
10635,39.753296
10636,26.871393
10637,11.898346
10638,30.882153
10639,47.823463
10640,58.046085
10641,68.08726
10642,74.37051
10643,32.49836
10644,75.95122
10645,49.412304
10646,71.80111
10647,50.153587
10648,84.66287
10649,66.95136
10650,36.602142
10651,29.139864
10652,38.738537
10653,58.08323
10654,38.3468
10655,75.7503
10656,36.71123
10657,37.890427
10658,38.93931
10659,19.354975
10660,39.23567
10661,55.458664
10662,30.563011
10663,81.31486
10664,29.268024
10665,38.8938
10666,32.186195
10667,12.421768
10668,33.10245
10669,48.58489
10670,62.071243
10671,69.66687
10672,71.63377
10673,28.969166
10674,73.3089
10675,49.028664
10676,75.25722
10677,49.354843
10678,83.34236
10679,68.228745
10680,35.530212
10681,29.722668
10682,35.113636
10683,59.768425
10684,35.29034
10685,75.47946
10686,36.083763
10687,36.706203
10688,35.62658
10689,21.90076
10690,35.679527
10691,56.127098
10692,26.468712
10693,82.60454
10694,27.769766
10695,40.136093
10696,26.960188
10697,14.76487
10698,28.011606
10699,45.874348
10700,58.819267
10701,62.043613
10702,78.704056
10703,33.51767
10704,78.2887
10705,46.175488
10706,73.64572
10707,45.648827
10708,86.815765
10709,65.86611
10710,39.20217
10711,30.23833
10712,37.905964
10713,57.750465
10714,38.783657
10715,74.57898
10716,39.826576
10717,37.843624
10718,38.583076
10719,21.232355
10720,39.449455
10721,55.654984
10722,28.454716
10723,81.718315
10724,33.177143
10725,41.530247
10726,28.711777
10727,13.539799
10728,32.725105
10729,48.065407
10730,56.09906
10731,65.01194
10732,74.19614
10733,29.85233
10734,73.631874
10735,47.062294
10736,69.96056
10737,47.12051
10738,83.186226
10739,66.0205
10740,37.18078
10741,30.676315
10742,36.343197
10743,58.893322
10744,36.82407
10745,73.30008
10746,37.96389
10747,37.20417
10748,37.114998
10749,22.52258
10750,37.58799
10751,55.785774
10752,28.660309
10753,80.11778
10754,31.474785
10755,41.846325
10756,29.032373
10757,14.701134
10758,31.31412
10759,49.872093
10760,57.882393
10761,61.998966
10762,78.7415
10763,34.77481
10764,78.95329
10765,48.267097
10766,73.68898
10767,47.965294
10768,85.3454
10769,67.57801
10770,38.095543
10771,27.805946
10772,39.215385
10773,58.81888
10774,38.808372
10775,76.055046
10776,39.04751
10777,36.0748
10778,39.63578
10779,18.343266
10780,40.523563
10781,53.93498
10782,30.49767
10783,83.1294
10784,31.256699
10785,40.382153
10786,31.405993
10787,9.978176
10788,34.53572
10789,49.062935
10790,60.771904
10791,65.063286
10792,84.2673
10793,33.906128
10794,85.68805
10795,48.962498
10796,81.075714
10797,48.75158
10798,90.01764
10799,66.366776
10800,39.070885
10801,30.681484
10802,37.88791
10803,58.734688
10804,39.422203
10805,73.66588
10806,39.969795
10807,36.81992
10808,38.822098
10809,22.957737
10810,38.156956
10811,55.52251
10812,30.453867
10813,80.18134
10814,31.978836
10815,39.678383
10816,30.218195
10817,16.296623
10818,29.924995
10819,46.399033
10820,57.621273
10821,61.152477
10822,81.15826
10823,32.900993
10824,80.3754
10825,46.15512
10826,75.45521
10827,45.578575
10828,87.165634
10829,66.796906
10830,39.30033
10831,29.466295
10832,37.091125
10833,58.10029
10834,38.6951
10835,76.080315
10836,40.30689
10837,37.506046
10838,38.250923
10839,19.96642
10840,38.505527
10841,56.274162
10842,28.077099
10843,83.37436
10844,33.245514
10845,41.25695
10846,27.622032
10847,12.461304
10848,31.043577
10849,48.162113
10850,55.86329
10851,63.606087
10852,77.63137
10853,29.334133
10854,76.66095
10855,46.45758
10856,72.566025
10857,46.408867
10858,84.77118
10859,66.674736
10860,35.139816
10861,29.295124
10862,36.740223
10863,57.9842
10864,36.960045
10865,73.905464
10866,35.70203
10867,36.98795
10868,37.291718
10869,19.849257
10870,38.121452
10871,54.771214
10872,29.319344
10873,81.215866
10874,28.871677
10875,38.700874
10876,31.004292
10877,12.289555
10878,32.545044
10879,47.71111
10880,60.668488
10881,65.54621
10882,73.21022
10883,31.839046
10884,75.06149
10885,48.130814
10886,74.39592
10887,48.574345
10888,82.550354
10889,63.973866
10890,31.878899
10891,30.72627
10892,33.571877
10893,57.25778
10894,33.459595
10895,70.703
10896,32.504215
10897,36.814518
10898,33.575348
10899,22.380283
10900,34.65957
10901,54.915333
10902,24.598278
10903,76.20224
10904,24.550644
10905,40.292484
10906,25.120598
10907,14.631405
10908,28.403397
10909,49.322006
10910,50.212357
10911,61.333176
10912,68.188034
10913,35.219437
10914,70.31943
10915,48.93791
10916,64.15837
10917,49.507458
10918,75.37229
10919,67.36389
10920,35.45258
10921,28.220528
10922,39.258335
10923,57.726334
10924,36.430405
10925,77.35295
10926,35.09144
10927,37.043854
10928,38.721664
10929,17.774305
10930,40.88009
10931,54.208454
10932,25.712748
10933,82.751114
10934,25.94542
10935,38.696503
10936,28.118515
10937,8.986107
10938,33.140057
10939,49.064117
10940,59.491028
10941,72.005554
10942,75.235374
10943,31.372381
10944,78.36979
10945,51.199493
10946,75.159225
10947,52.097134
10948,87.34022
10949,67.918846
10950,38.900215
10951,29.850132
10952,36.03682
10953,58.915794
10954,38.406593
10955,77.08237
10956,40.15835
10957,37.59227
10958,37.23253
10959,20.074745
10960,36.924915
10961,55.756588
10962,28.73921
10963,84.95984
10964,33.528564
10965,40.93271
10966,27.899498
10967,12.773109
10968,29.12718
10969,46.85437
10970,59.042637
10971,62.27813
10972,80.51218
10973,30.398514
10974,78.935104
10975,45.72253
10976,76.06642
10977,45.409927
10978,87.72828
10979,67.76189
10980,37.940193
10981,28.218098
10982,37.315643
10983,58.675133
10984,38.004005
10985,77.085495
10986,38.89664
10987,36.856163
10988,38.302418
10989,18.383942
10990,38.275063
10991,56.71362
10992,28.786602
10993,83.74556
10994,31.913048
10995,40.47501
10996,28.989271
10997,10.4433975
10998,31.332664
10999,50.211548
11000,59.99334
11001,66.54665
11002,78.600815
11003,28.66956
11004,78.72377
11005,48.333927
11006,76.169266
11007,47.911842
11008,89.4631
11009,66.92331
11010,37.643158
11011,30.164814
11012,38.330246
11013,59.531937
11014,37.5522
11015,73.89154
11016,38.53298
11017,37.506615
11018,38.619926
11019,22.53158
11020,39.741077
11021,56.02825
11022,28.957142
11023,80.6573
11024,31.124102
11025,41.4819
11026,30.145386
11027,14.778469
11028,33.86457
11029,49.907375
11030,58.67181
11031,64.56134
11032,77.55995
11033,35.101944
11034,78.001335
11035,49.186707
11036,73.03406
11037,49.000805
11038,84.89591
11039,66.01258
11040,37.334774
11041,30.60386
11042,38.366158
11043,57.062286
11044,37.843117
11045,73.99802
11046,38.709084
11047,37.773544
11048,39.45101
11049,22.016262
11050,40.243805
11051,52.595592
11052,28.905111
11053,80.8701
11054,30.8483
11055,39.243332
11056,30.709791
11057,14.231243
11058,32.78125
11059,45.513252
11060,57.847225
11061,63.281456
11062,81.3546
11063,34.83651
11064,81.835266
11065,47.29971
11066,76.264404
11067,47.776276
11068,84.61298
11069,66.62305
11070,37.936493
11071,30.642773
11072,37.921036
11073,59.008137
11074,37.638107
11075,73.96422
11076,38.50227
11077,36.852745
11078,38.256157
11079,23.307981
11080,38.391552
11081,55.892284
11082,27.653135
11083,80.10678
11084,30.700783
11085,40.654766
11086,27.992973
11087,15.699745
11088,31.372322
11089,48.01903
11090,57.79563
11091,63.085697
11092,77.646736
11093,33.467644
11094,77.794846
11095,47.62503
11096,72.54419
11097,47.3012
11098,86.53691
11099,67.75921
11100,36.69938
11101,29.99078
11102,36.852745
11103,59.479717
11104,36.60012
11105,75.07745
11106,37.43813
11107,37.135387
11108,36.82424
11109,21.597591
11110,38.63686
11111,55.925274
11112,24.925316
11113,81.88451
11114,29.16211
11115,38.818924
11116,26.177998
11117,14.603409
11118,30.027683
11119,45.802795
11120,55.86842
11121,65.84711
11122,74.14603
11123,30.893005
11124,73.66681
11125,46.731842
11126,69.86105
11127,46.773495
11128,81.80758
11129,66.57667
11130,36.229546
11131,30.535152
11132,34.74318
11133,58.00094
11134,36.78766
11135,74.8871
11136,37.914787
11137,38.29333
11138,36.22199
11139,21.473991
11140,35.32705
11141,55.228992
11142,28.873783
11143,82.44204
11144,31.085548
11145,41.038578
11146,28.786385
11147,14.290108
11148,28.44172
11149,48.034958
11150,57.931564
11151,62.098488
11152,76.52951
11153,32.023876
11154,75.46814
11155,46.74646
11156,72.79225
11157,46.50863
11158,84.33867
11159,65.26688
11160,37.87914
11161,29.40989
11162,37.146633
11163,57.09974
11164,38.773796
11165,73.16456
11166,39.123528
11167,37.19407
11168,38.645382
11169,20.331385
11170,39.05033
11171,54.31889
11172,29.477688
11173,81.37658
11174,32.522427
11175,41.331596
11176,29.82564
11177,12.03318
11178,33.33722
11179,47.578136
11180,56.673847
11181,61.999245
11182,76.12192
11183,29.927757
11184,76.6998
11185,45.697357
11186,71.74925
11187,46.123257
11188,81.19602
11189,63.13367
11190,36.632843
11191,31.419407
11192,36.72386
11193,55.937428
11194,37.11097
11195,70.25331
11196,37.236954
11197,37.65429
11198,37.651413
11199,23.552341
11200,38.420006
11201,54.24225
11202,28.80946
11203,76.956985
11204,30.749855
11205,41.025715
11206,29.624643
11207,15.692383
11208,32.081505
11209,48.282547
11210,53.538254
11211,60.588776
11212,72.19049
11213,34.64648
11214,72.73978
11215,47.618523
11216,67.07514
11217,48.09995
11218,76.71626
11219,66.6016
11220,35.930756
11221,29.132658
11222,36.541725
11223,58.4415
11224,35.59386
11225,74.71596
11226,36.117527
11227,36.2322
11228,36.323586
11229,19.922333
11230,38.726307
11231,54.239105
11232,24.623297
11233,82.19768
11234,28.523914
11235,39.850616
11236,25.680305
11237,11.654495
11238,31.279833
11239,46.608368
11240,55.16148
11241,64.422585
11242,76.580284
11243,32.75908
11244,77.55774
11245,47.393024
11246,70.85884
11247,47.839474
11248,83.744804
11249,66.787445
11250,34.03453
11251,29.012096
11252,35.62219
11253,58.871647
11254,34.16976
11255,74.91613
11256,33.96732
11257,35.967796
11258,35.239727
11259,19.788237
11260,37.505966
11261,54.245663
11262,23.753628
11263,81.55528
11264,25.40147
11265,40.095
11266,24.957047
11267,11.279213
11268,29.525211
11269,47.854515
11270,56.859215
11271,65.00879
11272,76.46628
11273,34.22063
11274,78.22874
11275,48.833744
11276,72.2726
11277,49.289787
11278,84.91319
11279,67.78461
11280,35.81902
11281,29.550959
11282,36.689137
11283,59.217525
11284,36.057056
11285,76.57401
11286,36.62897
11287,37.240635
11288,36.430016
11289,21.043242
11290,37.902847
11291,56.042046
11292,23.682877
11293,81.81552
11294,26.201946
11295,39.49387
11296,24.664577
11297,14.206116
11298,28.496876
11299,45.82553
11300,55.965042
11301,66.67768
11302,73.10469
11303,30.809944
11304,72.7632
11305,47.374107
11306,70.35327
11307,47.348118
11308,80.788864
11309,65.68274
11310,38.993313
11311,29.827106
11312,38.65055
11313,57.106895
11314,39.63948
11315,74.543564
11316,39.73745
11317,37.746193
11318,39.63624
11319,20.326317
11320,39.767693
11321,53.641575
11322,31.568676
11323,81.4089
11324,33.3605
11325,41.258865
11326,31.932137
11327,12.87323
11328,34.394947
11329,47.93737
11330,59.572613
11331,63.882446
11332,78.125946
11333,31.271091
11334,78.481476
11335,47.268078
11336,75.814156
11337,47.387497
11338,84.44581
11339,65.27133
11340,37.75639
11341,29.799652
11342,37.60704
11343,57.455017
11344,38.35199
11345,72.622025
11346,38.267418
11347,36.477783
11348,38.703136
11349,21.49699
11350,38.773605
11351,55.018677
11352,30.259857
11353,79.27149
11354,31.968079
11355,39.34636
11356,30.806976
11357,14.064007
11358,32.804993
11359,48.20996
11360,57.238903
11361,62.06032
11362,77.1523
11363,32.130257
11364,77.35521
11365,47.049465
11366,73.11265
11367,46.89746
11368,83.16161
11369,66.16873
11370,37.33998
11371,30.439795
11372,35.987946
11373,57.872658
11374,37.9728
11375,74.31572
11376,38.843925
11377,38.586296
11378,37.9776
11379,21.53416
11380,36.07646
11381,54.977936
11382,32.11623
11383,81.74192
11384,32.82715
11385,41.485832
11386,32.177887
11387,14.952126
11388,30.857487
11389,47.823547
11390,58.506
11391,61.437542
11392,77.221085
11393,32.551807
11394,76.38866
11395,46.64536
11396,74.840256
11397,46.483692
11398,81.73637
11399,65.53819
11400,37.1158
11401,31.151352
11402,36.921795
11403,56.791084
11404,37.659714
11405,74.34612
11406,38.269283
11407,38.802204
11408,38.110992
11409,21.852997
11410,37.775085
11411,55.044502
11412,29.630657
11413,80.76276
11414,30.459808
11415,40.85318
11416,30.087614
11417,14.845352
11418,30.037416
11419,48.034134
11420,57.113956
11421,62.423275
11422,77.05647
11423,33.3458
11424,76.99796
11425,47.69623
11426,73.90791
11427,47.7858
11428,81.50639
11429,67.5791
11430,39.630234
11431,28.614565
11432,39.771538
11433,58.5272
11434,39.83712
11435,74.83039
11436,40.995075
11437,36.225147
11438,40.369404
11439,19.862555
11440,41.3124
11441,54.04674
11442,31.31623
11443,82.57336
11444,33.67382
11445,40.52632
11446,32.64946
11447,10.931133
11448,35.617165
11449,48.023453
11450,60.42377
11451,64.20128
11452,85.753105
11453,33.509068
11454,85.99446
11455,47.71712
11456,79.96591
11457,48.039806
11458,91.0989
11459,67.29065
11460,39.3278
11461,29.677116
11462,39.42046
11463,59.319122
11464,39.541912
11465,74.54516
11466,40.317448
11467,37.742146
11468,40.304512
11469,21.26934
11470,41.07583
11471,56.228188
11472,31.030622
11473,81.033775
11474,33.760574
11475,42.276802
11476,31.73696
11477,13.52047
11478,36.89551
11479,51.745018
11480,60.238045
11481,64.87616
11482,81.746895
11483,33.6652
11484,82.03609
11485,49.103718
11486,78.27489
11487,48.64415
11488,85.5278
11489,65.76045
11490,42.491737
11491,29.501528
11492,43.101814
11493,57.789368
11494,42.77384
11495,72.952095
11496,43.368637
11497,37.25713
11498,43.67185
11499,21.442966
11500,44.7909
11501,55.97582
11502,32.099094
11503,79.51652
11504,35.187065
11505,39.800964
11506,32.762184
11507,13.3679695
11508,38.643944
11509,49.145615
11510,56.446533
11511,65.416306
11512,79.96821
11513,31.852795
11514,81.396255
11515,47.864384
11516,73.76949
11517,49.05098
11518,85.92827
11519,66.6453
11520,39.401115
11521,30.352926
11522,38.891266
11523,58.440792
11524,39.713978
11525,73.52374
11526,40.244812
11527,37.8274
11528,39.675106
11529,22.047626
11530,40.37539
11531,55.47997
11532,31.988789
11533,79.774445
11534,33.437286
11535,42.87713
11536,32.499626
11537,14.148418
11538,35.19632
11539,50.36402
11540,61.529682
11541,62.150276
11542,82.90446
11543,34.98159
11544,83.03246
11545,48.179424
11546,79.57462
11547,48.017757
11548,85.91813
11549,64.49959
11550,42.390663
11551,30.59621
11552,43.19438
11553,57.232185
11554,42.9401
11555,71.984695
11556,42.651253
11557,37.693283
11558,43.3501
11559,22.546333
11560,44.65168
11561,54.85177
11562,33.255905
11563,77.6002
11564,34.70807
11565,40.009266
11566,33.830322
11567,15.458637
11568,38.62891
11569,48.880554
11570,57.54682
11571,65.26329
11572,78.02588
11573,33.848713
11574,79.29963
11575,48.844112
11576,73.68894
11577,49.783802
11578,83.57198
11579,66.773
11580,38.994377
11581,30.250599
11582,38.8368
11583,58.988213
11584,39.235184
11585,73.43973
11586,39.480732
11587,37.58287
11588,39.363136
11589,22.358557
11590,39.979897
11591,55.28304
11592,31.46178
11593,79.8056
11594,32.568512
11595,42.730484
11596,32.187126
11597,14.432472
11598,34.81772
11599,49.655933
11600,61.34846
11601,63.78102
11602,80.25196
11603,33.321186
11604,80.27149
11605,47.86356
11606,77.20389
11607,47.784344
11608,85.073395
11609,66.92331
11610,37.643158
11611,30.164814
11612,38.330246
11613,59.531937
11614,37.5522
11615,73.89154
11616,38.53298
11617,37.506615
11618,38.619926
11619,22.53158
11620,39.741077
11621,56.02825
11622,28.957142
11623,80.6573
11624,31.124102
11625,41.4819
11626,30.145386
11627,14.778469
11628,33.86457
11629,49.907375
11630,58.67181
11631,64.56134
11632,77.55995
11633,35.101944
11634,78.001335
11635,49.186707
11636,73.03406
11637,49.000805
11638,84.89591
11639,66.01825
11640,36.41513
11641,29.4953
11642,36.37749
11643,57.374935
11644,37.42402
11645,74.11985
11646,37.189636
11647,36.86904
11648,37.469177
11649,20.529713
11650,37.884014
11651,53.85647
11652,27.905968
11653,81.88488
11654,30.666195
11655,39.69941
11656,28.853798
11657,12.167767
11658,31.885601
11659,46.423798
11660,58.367607
11661,62.9111
11662,76.37697
11663,31.619905
11664,76.79065
11665,46.425728
11666,72.80617
11667,46.649624
11668,83.25466
11669,66.346954
11670,37.912655
11671,28.99802
11672,37.954086
11673,57.183937
11674,38.308884
11675,75.79379
11676,38.335228
11677,36.597534
11678,38.561493
11679,19.467312
11680,39.06974
11681,53.240276
11682,29.243788
11683,82.81795
11684,30.992115
11685,39.611423
11686,29.911901
11687,11.158291
11688,31.912983
11689,45.985638
11690,59.97411
11691,63.587383
11692,80.63822
11693,32.302658
11694,81.13352
11695,46.99132
11696,76.95693
11697,46.887672
11698,88.08772
11699,66.59076
11700,36.25988
11701,30.726955
11702,35.371403
11703,57.89541
11704,36.26922
11705,74.88914
11706,37.224865
11707,38.277973
11708,36.244884
11709,21.439642
11710,36.61044
11711,54.640717
11712,27.274286
11713,82.96915
11714,30.175495
11715,40.827274
11716,27.367645
11717,13.200008
11718,29.214724
11719,46.88718
11720,58.83106
11721,63.624504
11722,76.03766
11723,32.39484
11724,76.14025
11725,47.031197
11726,73.265755
11727,47.234016
11728,84.75518
11729,65.90405
11730,36.46022
11731,29.96016
11732,37.18846
11733,57.662167
11734,36.757896
11735,74.84134
11736,36.785706
11737,37.522503
11738,37.440777
11739,20.844137
11740,38.591923
11741,54.081135
11742,27.199244
11743,80.82334
11744,28.817001
11745,40.814144
11746,28.136614
11747,13.239822
11748,31.175072
11749,47.606724
11750,56.718533
11751,65.305374
11752,75.16604
11753,33.204597
11754,75.76334
11755,48.466095
11756,71.34838
11757,48.90246
11758,81.58659
11759,65.832794
11760,34.95999
11761,29.762684
11762,34.828224
11763,57.320477
11764,35.935204
11765,73.727234
11766,36.21027
11767,36.802322
11768,35.541954
11769,20.767525
11770,36.161293
11771,53.838684
11772,24.909252
11773,81.85908
11774,27.865198
11775,40.36284
11776,25.004738
11777,11.35733
11778,28.319355
11779,46.25962
11780,57.645714
11781,62.377792
11782,76.47177
11783,30.971104
11784,76.947495
11785,46.01769
11786,72.2761
11787,46.21145
11788,84.27643
11789,64.00234
11790,37.743378
11791,31.384228
11792,37.682262
11793,55.819267
11794,38.910614
11795,72.6516
11796,38.309143
11797,38.88734
11798,38.75212
11799,22.107347
11800,37.92127
11801,53.42392
11802,32.181168
11803,78.65579
11804,32.125504
11805,41.614246
11806,32.409035
11807,15.61953
11808,32.29296
11809,47.83137
11810,59.101517
11811,62.119835
11812,74.96378
11813,33.094112
11814,75.16725
11815,47.64149
11816,74.66133
11817,47.769184
11818,78.75061
11819,64.52358
11820,37.095078
11821,30.70276
11822,36.72627
11823,57.0038
11824,37.14542
11825,72.36878
11826,37.418495
11827,37.213753
11828,37.238285
11829,22.206501
11830,38.586617
11831,53.996075
11832,27.650484
11833,79.92763
11834,30.978273
11835,41.21884
11836,28.184032
11837,13.988831
11838,31.825924
11839,47.33807
11840,55.64931
11841,62.02981
11842,74.858604
11843,33.524456
11844,75.042786
11845,47.349537
11846,68.45486
11847,47.784996
11848,80.36171
11849,63.13367
11850,36.632843
11851,31.419407
11852,36.72386
11853,55.937428
11854,37.11097
11855,70.25331
11856,37.236954
11857,37.65429
11858,37.651413
11859,23.552341
11860,38.420006
11861,54.24225
11862,28.80946
11863,76.956985
11864,30.749855
11865,41.025715
11866,29.624643
11867,15.692383
11868,32.081505
11869,48.282547
11870,53.538254
11871,60.588776
11872,72.19049
11873,34.64648
11874,72.73978
11875,47.618523
11876,67.07514
11877,48.09995
11878,76.71626
11879,66.71265
11880,38.03335
11881,31.262878
11882,37.44567
11883,58.189606
11884,38.820698
11885,74.81212
11886,39.38378
11887,39.101067
11888,39.102844
11889,22.512606
11890,38.698257
11891,55.129707
11892,30.572716
11893,81.22685
11894,32.110397
11895,40.76769
11896,30.732365
11897,15.455948
11898,32.101086
11899,48.700867
11900,60.058064
11901,64.45566
11902,76.87551
11903,31.427711
11904,76.91195
11905,47.426872
11906,75.82885
11907,47.69177
11908,82.74371
11909,67.16564
11910,41.62899
11911,30.980034
11912,36.03685
11913,59.002823
11914,41.1574
11915,75.62778
11916,43.68615
11917,38.931107
11918,38.401222
11919,22.313087
11920,35.881523
11921,59.456463
11922,32.373863
11923,82.19436
11924,36.315872
11925,43.028683
11926,29.914154
11927,16.383596
11928,27.931522
11929,49.774975
11930,58.71839
11931,59.2263
11932,81.19362
11933,28.485802
11934,77.812126
11935,44.70919
11936,76.12721
11937,43.544266
11938,85.20228
11939,67.54216
11940,39.08587
11941,29.791931
11942,38.975494
11943,59.66568
11944,39.326225
11945,75.1828
11946,40.246952
11947,37.20518
11948,39.855972
11949,21.34077
11950,40.02149
11951,56.41313
11952,30.130104
11953,80.880035
11954,31.868847
11955,38.794724
11956,30.643831
11957,14.909576
11958,32.500183
11959,48.05013
11960,56.168594
11961,64.91276
11962,78.34922
11963,32.025978
11964,79.18813
11965,47.550163
11966,74.63411
11967,47.91132
11968,85.01564
11969,65.08504
11970,38.85356
11971,28.816305
11972,40.0276
11973,56.584652
11974,40.501415
11975,72.84575
11976,39.542774
11977,36.876568
11978,40.79412
11979,19.87856
11980,40.796917
11981,56.797653
11982,33.96672
11983,78.68375
11984,31.61279
11985,39.740448
11986,34.304585
11987,10.519714
11988,34.40143
11989,51.59174
11990,64.59238
11991,64.25719
11992,78.34883
11993,30.941818
11994,79.36955
11995,49.08032
11996,77.51955
11997,49.289223
11998,86.951706
11999,66.045975
12000,39.40698
12001,32.09648
12002,37.525932
12003,57.473045
12004,38.87127
12005,73.74171
12006,40.390724
12007,38.539734
12008,38.576355
12009,24.174372
12010,37.89009
12011,54.97586
12012,30.675644
12013,79.79796
12014,33.115433
12015,40.055233
12016,31.37729
12017,18.684776
12018,29.92698
12019,44.612904
12020,56.720577
12021,60.78176
12022,78.1602
12023,33.7707
12024,75.797104
12025,45.916866
12026,73.853195
12027,45.467823
12028,81.051025
12029,62.94523
12030,37.56215
12031,34.205864
12032,39.300438
12033,54.762215
12034,38.163795
12035,70.00884
12036,37.27075
12037,40.623035
12038,39.172604
12039,26.587456
12040,38.92657
12041,51.78835
12042,31.53605
12043,73.03148
12044,29.40368
12045,41.360813
12046,33.44975
12047,19.857313
12048,31.95287
12049,47.724598
12050,59.92166
12051,65.088806
12052,73.35266
12053,36.197777
12054,74.229294
12055,48.938293
12056,74.15875
12057,50.19136
12058,77.54843
12059,65.16182
12060,34.546574
12061,30.516768
12062,41.756336
12063,56.56266
12064,37.111122
12065,72.40666
12066,33.97794
12067,37.2517
12068,41.135597
12069,22.027466
12070,43.83531
12071,51.35331
12072,29.558388
12073,75.50133
12074,24.777988
12075,35.22549
12076,33.864143
12077,14.715797
12078,37.334465
12079,47.36168
12080,61.494537
12081,69.95479
12082,72.888954
12083,38.80985
12084,79.08782
12085,53.018837
12086,77.02605
12087,54.030872
12088,81.93468
12089,68.4438
12090,36.320225
12091,28.393599
12092,34.77392
12093,58.978725
12094,37.702553
12095,77.25198
12096,37.94082
12097,36.738945
12098,36.607388
12099,18.895472
12100,35.0802
12101,55.302788
12102,30.51678
12103,85.162796
12104,31.037357
12105,40.14193
12106,30.013924
12107,11.008522
12108,28.188496
12109,47.36206
12110,63.407784
12111,61.567528
12112,82.70855
12113,30.944384
12114,81.33947
12115,46.123264
12116,81.07091
12117,45.59769
12118,88.68288
12119,64.68581
12120,40.290436
12121,32.828033
12122,39.857796
12123,56.490788
12124,40.56504
12125,71.75276
12126,41.84861
12127,40.310944
12128,40.833412
12129,24.285501
12130,40.70943
12131,56.280594
12132,33.268593
12133,42.947514
12134,32.882565
12135,15.448803
12136,35.44871
12137,53.872005
12138,64.310745
12139,64.271484
12140,80.22472
12141,34.827934
12142,80.398766
12143,50.779057
12144,78.74761
12145,51.793087
12146,84.598564
12147,66.915535
12148,36.800358
12149,30.068123
12150,35.82572
12151,58.63566
12152,37.85956
12153,75.34152
12154,38.124733
12155,38.542557
12156,37.308434
12157,21.070982
12158,36.722736
12159,56.489864
12160,28.317791
12161,81.502884
12162,30.263374
12163,41.739838
12164,28.38395
12165,13.110603
12166,30.2695
12167,49.131172
12168,59.547108
12169,65.00505
12170,74.9483
12171,28.474201
12172,75.00903
12173,46.915615
12174,73.91949
12175,46.6816
12176,83.96376
12177,63.942657
12178,35.04406
12179,30.890358
12180,40.200047
12181,56.93016
12182,37.441864
12183,71.08864
12184,35.30018
12185,37.89054
12186,40.63467
12187,22.473976
12188,42.818527
12189,54.066124
12190,29.885015
12191,74.83821
12192,27.273335
12193,39.333267
12194,32.84165
12195,14.545383
12196,38.439476
12197,52.568336
12198,56.891525
12199,68.03555
12200,70.76888
12201,36.99612
12202,75.73085
12203,53.096478
12204,71.9126
12205,53.799347
12206,78.42409
12207,65.79176
12208,38.92048
12209,31.426937
12210,36.64164
12211,57.9113
12212,39.302315
12213,74.17338
12214,40.852028
12215,39.47419
12216,38.75056
12217,22.992771
12218,37.30939
12219,57.588963
12220,31.162401
12221,80.54004
12222,33.426895
12223,43.366714
12224,30.050026
12225,14.744217
12226,30.878149
12227,52.236618
12228,57.452
12229,62.329018
12230,77.4924
12231,32.291183
12232,76.71214
12233,48.193897
12234,73.60283
12235,47.8521
12236,83.33765
12237,64.09465
12238,34.625942
12239,31.09948
12240,41.668915
12241,55.96168
12242,37.02069
12243,71.69292
12244,33.118988
12245,37.39812
12246,41.190277
12247,22.565994
12248,44.906162
12249,50.482815
12250,28.411217
12251,75.71898
12252,24.217522
12253,36.92148
12254,32.66268
12255,12.502045
12256,38.14537
12257,49.191963
12258,63.15982
12259,71.02051
12260,73.12549
12261,38.47553
12262,79.85834
12263,53.914093
12264,76.10067
12265,55.588943
12266,83.87778
12267,68.2792
12268,39.29701
12269,28.370636
12270,39.885117
12271,59.141903
12272,40.050896
12273,78.20772
12274,40.48311
12275,37.018196
12276,40.034424
12277,17.853842
12278,41.44384
12279,58.503033
12280,29.38809
12281,83.06446
12282,30.140602
12283,39.45108
12284,29.276619
12285,10.254425
12286,31.057152
12287,52.34105
12288,60.13022
12289,65.688
12290,82.47615
12291,31.183588
12292,83.61034
12293,50.071423
12294,80.94432
12295,50.39884
12296,87.730446
12297,66.20054
12298,39.01965
12299,32.141468
12300,35.66781
12301,58.280754
12302,38.98568
12303,75.22159
12304,41.012215
12305,40.442688
12306,38.143063
12307,22.756992
12308,36.682053
12309,58.829758
12310,31.125095
12311,81.40746
12312,33.740932
12313,44.636154
12314,29.174316
12315,14.519772
12316,29.883263
12317,54.25471
12318,60.535416
12319,63.067833
12320,75.73487
12321,30.133743
12322,74.2627
12323,48.657413
12324,74.031296
12325,48.076363
12326,80.96124
12327,66.07965
12328,38.42132
12329,32.489433
12330,33.663307
12331,57.73531
12332,39.419273
12333,75.339264
12334,41.04967
12335,41.610527
12336,36.247402
12337,22.750584
12338,33.735386
12339,46.090897
12340,27.573948
12341,52.95477
12342,60.31824
12343,60.906353
12344,74.778496
12345,27.643036
12346,71.47976
12347,46.084446
12348,73.98683
12349,45.168114
12350,78.40286
12351,64.67373
12352,39.500896
12353,32.80296
12354,36.337704
12355,57.794502
12356,39.668873
12357,71.51333
12358,40.961533
12359,40.05482
12360,38.48935
12361,25.136078
12362,36.38211
12363,58.573208
12364,33.09501
12365,76.87792
12366,34.641357
12367,42.890144
12368,31.78007
12369,19.672108
12370,31.073456
12371,50.180378
12372,57.378693
12373,60.740868
12374,71.86548
12375,31.801132
12376,70.3831
12377,46.943787
12378,71.71021
12379,46.197815
12380,76.57272
12381,65.1598
12382,38.00116
12383,32.60078
12384,38.32525
12385,57.317112
12386,38.53406
12387,72.37227
12388,38.143204
12389,24.951824
12390,39.410465
12391,54.944298
12392,29.690859
12393,76.31841
12394,30.959476
12395,47.233974
12396,56.355206
12397,62.542038
12398,75.09178
12399,35.918762
12400,75.77479
12401,48.371155
12402,73.755585
12403,48.157646
12404,79.45277
12405,66.4926
12406,33.618164
12407,29.85719
12408,39.947727
12409,58.34913
12410,35.96549
12411,72.98358
12412,33.76338
12413,37.468544
12414,39.784214
12415,20.687931
12416,43.605347
12417,54.720303
12418,27.444712
12419,39.191418
12420,31.092144
12421,12.183624
12422,38.37032
12423,54.84553
12424,58.79068
12425,70.640594
12426,72.14885
12427,36.876026
12428,77.883026
12429,54.77265
12430,73.741684
12431,55.675446
12432,81.234535
12433,69.19048
12434,33.810936
12435,28.715294
12436,35.919167
12437,59.707943
12438,35.61361
12439,78.14466
12440,35.188126
12441,37.930256
12442,37.23835
12443,19.101591
12444,37.028248
12445,56.358032
12446,26.98761
12447,37.43562
12448,28.863476
12449,48.737392
12450,59.45616
12451,69.21492
12452,76.68486
12453,31.462698
12454,78.69861
12455,49.52558
12456,77.785866
12457,49.49859
12458,85.57135
12459,66.46649
12460,34.34229
12461,29.920578
12462,39.42714
12463,56.392525
12464,36.434105
12465,75.393776
12466,34.120144
12467,37.393387
12468,39.920258
12469,20.53252
12470,41.24161
12471,51.468422
12472,28.709295
12473,80.502106
12474,25.31772
12475,35.431873
12476,32.736443
12477,12.196136
12478,34.0811
12479,45.04685
12480,62.58405
12481,69.0603
12482,78.38568
12483,36.83349
12484,82.05517
12485,50.636467
12486,80.50212
12487,51.58719
12488,85.153534
12489,67.25612
12490,38.149162
12491,31.157053
12492,36.96893
12493,60.200493
12494,37.94527
12495,73.61647
12496,38.98552
12497,37.491684
12498,37.748558
12499,23.600538
12500,37.49225
12501,57.97388
12502,29.425602
12503,80.05511
12504,31.748913
12505,41.156265
12506,28.818623
12507,16.732204
12508,30.665237
12509,50.972687
12510,57.250515
12511,61.909073
12512,77.419495
12513,34.609844
12514,77.21666
12515,48.92318
12516,72.80132
12517,48.286396
12518,85.77452
12519,63.781948
12520,37.325966
12521,32.880024
12522,39.349476
12523,56.184692
12524,37.156067
12525,70.12335
12526,37.32763
12527,37.75328
12528,39.43391
12529,24.514782
12530,41.30581
12531,53.253334
12532,30.404802
12533,75.75824
12534,29.97626
12535,40.65212
12536,32.395935
12537,15.810196
12538,34.90816
12539,49.767746
12540,58.985992
12541,61.47713
12542,79.85775
12543,39.530582
12544,82.025955
12545,50.824665
12546,75.81296
12547,51.280067
12548,82.97718
12549,66.49873
12550,35.450005
12551,30.188478
12552,36.402817
12553,57.81454
12554,36.38531
12555,74.51639
12556,36.792957
12557,38.089478
12558,37.11349
12559,22.606964
12560,36.848732
12561,55.586456
12562,27.098265
12563,79.87228
12564,26.722723
12565,38.270557
12566,28.217476
12567,14.318001
12568,29.702438
12569,49.142746
12570,55.312347
12571,64.25563
12572,75.03514
12573,33.495014
12574,76.518036
12575,47.930023
12576,71.549866
12577,48.523167
12578,81.44278
12579,63.441338
12580,36.756336
12581,33.0596
12582,36.268337
12583,55.93762
12584,37.839386
12585,70.370636
12586,37.629005
12587,39.503876
12588,37.665737
12589,25.461441
12590,36.708275
12591,54.409172
12592,31.423836
12593,74.71312
12594,31.418499
12595,42.218777
12596,31.766407
12597,49.352467
12598,59.511967
12599,60.450935
12600,73.436295
12601,34.717705
12602,73.86812
12603,47.841755
12604,75.07377
12605,47.81499
12606,76.77739
12607,66.76543
12608,36.72193
12609,30.619799
12610,37.54
12611,57.525105
12612,38.09344
12613,74.9822
12614,37.703003
12615,37.75699
12616,38.918827
12617,21.511808
12618,38.69001
12619,53.14518
12620,29.761896
12621,80.56506
12622,30.880346
12623,39.1622
12624,31.75411
12625,14.685204
12626,33.218445
12627,46.260574
12628,59.36359
12629,64.14918
12630,79.44621
12631,33.134773
12632,80.04393
12633,47.58518
12634,78.1579
12635,47.48887
12636,83.73935
12637,66.941025
12638,41.253067
12639,30.802437
12640,36.292137
12641,59.35703
12642,40.985725
12643,75.17604
12644,42.69861
12645,38.316853
12646,37.77037
12647,22.024494
12648,36.38115
12649,59.961437
12650,31.874422
12651,80.93863
12652,34.972088
12653,41.8185
12654,29.506695
12655,16.297365
12656,27.5452
12657,49.13801
12658,58.190815
12659,60.972343
12660,74.71796
12661,27.18158
12662,71.433624
12663,44.989162
12664,72.63563
12665,44.60162
12666,81.16275
12667,65.77792
12668,35.685055
12669,31.047115
12670,35.642
12671,56.788734
12672,37.107975
12673,74.8588
12674,36.77454
12675,38.9938
12676,37.507236
12677,22.058962
12678,35.666832
12679,54.053055
12680,29.129457
12681,80.9476
12682,28.622253
12683,38.93053
12684,29.974249
12685,45.41352
12686,59.301975
12687,63.25418
12688,75.41987
12689,32.22793
12690,75.14264
12691,46.574627
12692,75.163666
12693,46.496723
12694,80.17072
12695,68.744644
12696,35.54422
12697,28.7055
12698,36.183155
12699,61.08939
12700,36.463818
12701,76.637115
12702,35.91148
12703,37.030647
12704,37.09381
12705,20.184809
12706,37.20172
12707,59.928547
12708,25.673365
12709,82.303734
12710,27.423187
12711,37.274414
12712,26.327951
12713,13.700829
12714,29.23944
12715,49.470783
12716,54.941326
12717,68.74266
12718,70.30342
12719,28.878956
12720,70.97211
12721,48.979603
12722,69.74958
12723,49.083412
12724,81.72408
12725,65.728386
12726,37.631584
12727,29.992844
12728,35.494728
12729,57.746536
12730,38.559525
12731,73.92235
12732,38.687164
12733,37.81593
12734,37.27661
12735,21.367653
12736,35.52594
12737,56.671207
12738,31.947264
12739,79.80826
12740,31.8302
12741,41.981598
12742,30.590187
12743,14.514877
12744,28.996416
12745,50.43085
12746,59.869728
12747,59.836163
12748,77.81308
12749,30.818182
12750,77.01822
12751,46.529877
12752,77.00455
12753,46.214737
12754,81.6241
12755,64.41634
12756,35.050056
12757,31.924448
12758,38.70591
12759,55.802437
12760,36.727707
12761,72.30214
12762,34.991974
12763,38.229916
12764,39.174873
12765,23.458538
12766,40.638245
12767,50.28023
12768,28.414804
12769,77.82913
12770,26.943718
12771,36.790443
12772,31.88115
12773,42.605312
12774,57.54987
12775,66.41347
12776,72.0907
12777,35.893867
12778,75.18002
12779,48.08969
12780,72.81218
12781,49.458878
12782,78.33238
12783,64.45865
12784,36.365658
12785,31.622177
12786,37.531105
12787,57.316586
12788,36.655052
12789,71.410835
12790,37.31538
12791,38.6167
12792,37.90502
12793,24.151924
12794,38.84382
12795,55.240982
12796,29.910976
12797,76.02577
12798,30.614426
12799,43.085747
12800,30.74592
12801,16.47586
12802,33.789772
12803,53.294456
12804,55.835808
12805,61.97313
12806,75.91146
12807,38.445015
12808,77.01333
12809,50.93418
12810,73.84621
12811,51.03109
12812,77.62545
12813,65.273056
12814,35.111626
12815,30.216732
12816,39.82742
12817,54.800804
12818,38.777008
12819,71.65506
12820,35.22824
12821,36.432518
12822,39.58602
12823,22.755348
12824,41.685528
12825,47.25647
12826,31.559513
12827,79.28844
12828,27.369463
12829,35.88014
12830,35.57338
12831,12.176811
12832,35.20916
12833,40.15131
12834,67.061775
12835,64.91405
12836,80.19833
12837,37.96152
12838,82.25476
12839,47.036243
12840,80.4295
12841,48.55521
12842,86.85791
12843,64.99736
12844,35.61972
12845,31.1209
12846,39.627663
12847,57.076466
12848,37.332226
12849,72.54837
12850,34.96067
12851,38.059563
12852,39.752472
12853,54.51822
12854,28.233032
12855,76.466805
12856,27.283737
12857,38.369267
12858,30.863878
12859,49.947304
12860,56.363953
12861,69.272316
12862,70.0952
12863,33.94867
12864,73.92819
12865,51.220387
12866,71.73625
12867,52.166805
12868,79.02733
12869,65.45362
12870,34.368042
12871,30.430265
12872,38.774467
12873,58.311607
12874,35.700188
12875,72.844406
12876,34.136368
12877,37.264603
12878,38.686646
12879,22.274124
12880,41.18611
12881,54.957115
12882,27.27586
12883,77.7621
12884,25.695488
12885,37.917923
12886,29.834362
12887,14.282646
12888,34.30646
12889,50.85366
12890,55.65619
12891,68.31148
12892,70.35033
12893,36.937405
12894,74.47922
12895,52.518883
12896,70.15218
12897,53.375935
12898,80.24937
12899,67.08235
12900,36.234596
12901,30.662533
12902,35.748215
12903,58.071835
12904,37.313198
12905,75.004135
12906,37.240086
12907,38.28059
12908,37.179596
12909,22.26268
12910,35.363297
12911,56.134857
12912,28.988602
12913,80.35954
12914,29.53496
12915,39.069736
12916,29.814106
12917,16.166561
12918,27.990837
12919,45.685226
12920,59.931004
12921,65.11654
12922,74.7411
12923,29.6384
12924,74.09044
12925,46.3406
12926,75.41554
12927,46.085583
12928,82.62437
12929,63.903954
12930,35.23383
12931,31.171436
12932,40.251686
12933,55.75157
12934,37.415417
12935,71.93925
12936,35.827076
12937,37.91208
12938,40.507473
12939,22.2126
12940,42.323555
12941,52.556213
12942,29.842915
12943,75.63298
12944,26.342892
12945,38.997467
12946,32.22257
12947,13.172012
12948,36.13165
12949,51.52348
12950,60.63401
12951,66.06995
12952,78.18397
12953,37.623695
12954,83.01745
12955,51.92364
12956,78.20557
12957,52.465942
12958,85.35502
12959,69.06313
12960,41.22598
12961,32.826096
12962,33.823547
12963,58.026836
12964,40.25413
12965,77.75406
12966,44.77163
12967,40.78456
12968,36.771137
12969,22.76678
12970,33.548187
12971,56.843582
12972,31.252342
12973,44.25566
12974,29.00235
12975,16.439056
12976,24.6523
12977,47.101643
12978,62.264748
12979,58.004845
12980,86.811295
12981,27.52492
12982,80.85869
12983,42.323696
12984,80.16937
12985,41.381584
12986,88.3333
12987,67.23112
12988,36.618797
12989,28.842434
12990,37.18952
12991,59.565334
12992,37.022636
12993,75.74028
12994,37.7874
12995,36.001007
12996,37.42823
12997,21.207739
12998,37.63841
12999,57.332138
13000,25.306828
13001,80.54936
13002,26.777435
13003,38.849457
13004,25.560493
13005,13.848213
13006,27.08897
13007,48.465443
13008,52.51953
13009,64.4525
13010,77.522675
13011,31.633728
13012,77.92348
13013,47.888542
13014,71.64465
13015,47.835445
13016,85.3195
13017,67.49475
13018,30.790997
13019,28.953482
13020,34.23636
13021,58.24646
13022,33.325798
13023,76.121185
13024,31.765099
13025,37.486614
13026,35.824734
13027,19.450888
13028,35.912865
13029,54.752293
13030,24.096127
13031,37.114773
13032,26.73169
13033,48.527958
13034,57.657425
13035,69.19118
13036,73.34742
13037,33.293488
13038,77.150955
13039,49.903435
13040,75.133896
13041,50.532356
13042,81.79291
13043,65.155334
13044,37.09118
13045,30.753906
13046,37.9142
13047,58.25526
13048,37.90931
13049,71.1077
13050,36.959545
13051,36.418137
13052,38.363785
13053,23.799355
13054,38.521057
13055,55.87758
13056,30.763338
13057,76.16921
13058,29.316784
13059,38.800808
13060,31.565214
13061,16.503862
13062,31.480759
13063,48.682713
13064,58.660355
13065,61.887363
13066,77.11198
13067,34.146282
13068,78.112564
13069,47.755367
13070,74.14594
13071,47.520023
13072,83.83569
13073,64.75218
13074,39.754654
13075,31.97498
13076,37.719284
13077,57.27243
13078,39.93434
13079,72.801216
13080,40.689293
13081,38.370373
13082,39.063606
13083,24.468113
13084,37.89357
13085,55.711567
13086,31.953653
13087,77.84938
13088,33.510136
13089,42.211452
13090,31.226196
13091,16.91478
13092,30.784847
13093,49.881756
13094,58.998737
13095,61.283905
13096,79.789154
13097,32.14142
13098,78.918915
13099,46.941097
13100,76.0358
13101,46.492218
13102,85.01076
13103,65.24748
13104,36.59319
13105,31.56238
13106,41.39982
13107,57.970825
13108,37.285805
13109,72.07129
13110,37.316406
13111,37.970303
13112,40.668232
13113,24.969936
13114,42.867393
13115,54.34012
13116,28.211529
13117,76.51224
13118,28.589157
13119,38.483467
13120,31.525578
13121,17.303665
13122,35.836308
13123,48.85112
13124,48.907444
13125,67.29722
13126,73.91356
13127,38.24034
13128,77.01988
13129,51.2352
13130,68.35929
13131,51.77965
13132,81.204994
13133,66.50162
13134,36.314865
13135,30.118713
13136,37.26362
13137,58.40953
13138,37.401287
13139,74.58441
13140,36.37128
13141,37.402615
13142,37.6781
13143,20.78053
13144,38.353615
13145,55.957
13146,28.528664
13147,79.72883
13148,28.792877
13149,38.70382
13150,29.714077
13151,14.45351
13152,31.101685
13153,47.48043
13154,58.50196
13155,65.94763
13156,71.77043
13157,31.25069
13158,72.63826
13159,48.64383
13160,73.13968
13161,48.706116
13162,79.47709
13163,67.69518
13164,37.525055
13165,30.01852
13166,37.35085
13167,59.102478
13168,37.708447
13169,75.66655
13170,38.65849
13171,37.06467
13172,38.063087
13173,21.62689
13174,37.785603
13175,55.394093
13176,27.475342
13177,81.277054
13178,29.93777
13179,38.767975
13180,28.161718
13181,15.318516
13182,29.340677
13183,45.796642
13184,56.17611
13185,63.353287
13186,81.12892
13187,33.125565
13188,81.002884
13189,47.006016
13190,76.79396
13191,46.614517
13192,86.618835
13193,64.39641
13194,34.540787
13195,29.864342
13196,42.71793
13197,55.33214
13198,37.857807
13199,71.8964
13200,33.210896
13201,37.87679
13202,41.6488
13203,20.321602
13204,45.039062
13205,52.464886
13206,28.812927
13207,75.52216
13208,24.68576
13209,37.01618
13210,33.408844
13211,12.625069
13212,39.7629
13213,50.464035
13214,57.86315
13215,72.886955
13216,68.070915
13217,35.58294
13218,75.00484
13219,53.75054
13220,72.23846
13221,55.798157
13222,76.90846
13223,67.67061
13224,35.967308
13225,28.314495
13226,35.89258
13227,58.632004
13228,36.9021
13229,76.26128
13230,37.29831
13231,36.392746
13232,36.840927
13233,19.559654
13234,36.96136
13235,55.826252
13236,26.377928
13237,83.05
13238,28.428005
13239,37.102913
13240,27.453255
13241,13.241322
13242,27.98398
13243,44.2465
13244,55.15469
13245,64.0719
13246,76.819626
13247,30.201168
13248,76.0823
13249,45.63028
13250,72.55086
13251,45.920113
13252,84.66936
13253,64.81256
13254,35.921474
13255,31.26294
13256,38.08251
13257,56.17688
13258,37.600372
13259,74.09765
13260,36.333073
13261,39.113983
13262,38.98027
13263,22.538849
13264,38.9048
13265,55.08284
13266,29.100422
13267,39.624023
13268,29.903706
13269,15.590687
13270,31.216251
13271,51.12169
13272,58.98362
13273,65.85051
13274,75.50655
13275,35.866577
13276,77.58205
13277,51.05764
13278,77.03186
13279,51.15839
13280,79.78203
13281,64.744606
13282,39.930843
13283,31.496853
13284,37.601994
13285,57.495857
13286,39.366344
13287,73.12885
13288,40.642838
13289,38.42359
13290,38.99404
13291,23.202387
13292,37.579617
13293,57.192146
13294,31.17025
13295,78.751625
13296,33.50459
13297,41.804398
13298,30.04995
13299,16.144169
13300,30.222685
13301,49.78429
13302,56.35336
13303,61.465923
13304,76.158615
13305,30.459257
13306,75.394485
13307,46.78058
13308,72.622826
13309,46.467907
13310,82.38603
13311,67.02027
13312,40.12608
13313,31.135834
13314,35.289833
13315,59.818142
13316,40.91947
13317,74.78996
13318,43.131546
13319,39.146004
13320,37.257957
13321,23.048578
13322,35.190536
13323,60.396698
13324,29.269398
13325,81.27804
13326,34.259476
13327,43.36345
13328,26.809666
13329,18.000109
13330,26.43922
13331,49.36375
13332,51.80409
13333,59.23597
13334,76.835106
13335,27.545748
13336,72.97022
13337,43.463413
13338,69.022934
13339,42.353264
13340,80.36592
13341,65.31519
13342,34.34671
13343,30.258718
13344,42.443825
13345,56.506546
13346,36.235542
13347,72.29944
13348,33.812233
13349,37.285965
13350,41.364975
13351,21.386776
13352,45.902428
13353,52.266026
13354,27.718573
13355,76.09835
13356,25.052551
13357,35.786964
13358,32.753155
13359,13.255455
13360,40.462624
13361,49.592617
13362,56.11581
13363,70.852394
13364,71.83086
13365,39.852276
13366,78.65521
13367,54.11359
13368,72.73974
13369,55.96278
13370,79.81429
13371,66.23787
13372,34.67217
13373,29.866186
13374,41.921482
13375,57.630707
13376,37.030655
13377,74.59973
13378,33.872112
13379,37.81565
13380,41.689487
13381,20.570766
13382,44.891697
13383,54.269585
13384,27.751472
13385,78.57362
13386,24.236912
13387,35.86718
13388,31.947952
13389,12.597816
13390,38.434277
13391,49.93934
13392,57.42377
13393,73.648254
13394,69.12964
13395,35.649567
13396,75.5871
13397,53.508644
13398,72.00304
13399,55.235954
13400,79.81159
13401,66.882645
13402,33.568
13403,30.029064
13404,37.55966
13405,57.77291
13406,35.43643
13407,75.962296
13408,34.596085
13409,38.668896
13410,38.702625
13411,20.925365
13412,39.206707
13413,54.833046
13414,25.053833
13415,80.74294
13416,23.74516
13417,38.303764
13418,27.951975
13419,13.007492
13420,32.232235
13421,49.641212
13422,54.68398
13423,70.62886
13424,71.65718
13425,34.640068
13426,75.77633
13427,51.105495
13428,71.87254
13429,51.638042
13430,81.124084
13431,66.23766
13432,37.80301
13433,31.3455
13434,37.49607
13435,59.584347
13436,38.301594
13437,73.18338
13438,38.6602
13439,38.1641
13440,38.45727
13441,23.308777
13442,38.480427
13443,59.11203
13444,29.823696
13445,77.93712
13446,30.343029
13447,42.367336
13448,28.857037
13449,16.179972
13450,31.182467
13451,56.092045
13452,56.86613
13453,62.927883
13454,78.21203
13455,34.93215
13456,78.67859
13457,51.519703
13458,74.76186
13459,50.915215
13460,83.15038
13461,64.24644
13462,36.68776
13463,32.146294
13464,37.28401
13465,56.90637
13466,37.0971
13467,70.87009
13468,37.119385
13469,38.528248
13470,38.417904
13471,24.731464
13472,38.46238
13473,55.226364
13474,30.25039
13475,76.46229
13476,30.995682
13477,39.673733
13478,31.756191
13479,17.872742
13480,33.418392
13481,48.38919
13482,55.52443
13483,62.778008
13484,71.83832
13485,36.211517
13486,73.115486
13487,48.863712
13488,70.01179
13489,49.104893
13490,78.5381
13491,66.63098
13492,36.594765
13493,30.012156
13494,40.716946
13495,57.988014
13496,37.679615
13497,74.57277
13498,36.661907
13499,37.652554
13500,40.80583
13501,21.261967
13502,42.752365
13503,55.38496
13504,28.229801
13505,79.536064
13506,27.551609
13507,36.274185
13508,31.514084
13509,13.65419
13510,35.279816
13511,48.11002
13512,57.594643
13513,69.572296
13514,72.81517
13515,34.486397
13516,76.24484
13517,50.803196
13518,72.912796
13519,52.18222
13520,81.798065
13521,63.572105
13522,35.13446
13523,33.824883
13524,35.712532
13525,56.7817
13526,35.726387
13527,70.22194
13528,36.46913
13529,39.9499
13530,36.693367
13531,27.35093
13532,35.907887
13533,54.268066
13534,28.138721
13535,74.47568
13536,28.979877
13537,41.940056
13538,28.72648
13539,21.004745
13540,28.738024
13541,48.3615
13542,54.48677
13543,62.22703
13544,70.250046
13545,35.512733
13546,69.91637
13547,48.243954
13548,67.22496
13549,47.637268
13550,76.10304
13551,68.83981
13552,32.610233
13553,30.08257
13554,35.9399
13555,59.668602
13556,33.93084
13557,76.75731
13558,33.44123
13559,38.214188
13560,36.592743
13561,20.677124
13562,36.800125
13563,56.37783
13564,26.372135
13565,83.37178
13566,25.0421
13567,37.97744
13568,28.623148
13569,12.368217
13570,29.902763
13571,50.606117
13572,59.69072
13573,68.76785
13574,75.59981
13575,35.787704
13576,77.96673
13577,51.645008
13578,76.7147
13579,52.17248
13580,83.13665
13581,64.193405
13582,31.40136
13583,31.966393
13584,42.8603
13585,54.67518
13586,34.93569
13587,71.27429
13588,30.014164
13589,38.78341
13590,41.325996
13591,23.45472
13592,46.714012
13593,48.84734
13594,27.311197
13595,72.57207
13596,19.476196
13597,35.806423
13598,34.0793
13599,13.576187
13600,40.36487
13601,50.429317
13602,60.769154
13603,75.55182
13604,70.04086
13605,44.50114
13606,79.64424
13607,57.18286
13608,75.69783
13609,60.101505
13610,79.99739
13611,67.95952
13612,35.40973
13613,29.150463
13614,38.17451
13615,59.379578
13616,37.143295
13617,76.02662
13618,35.20241
13619,37.636955
13620,38.767605
13621,19.684444
13622,39.649475
13623,57.749752
13624,27.788916
13625,81.38364
13626,27.277954
13627,37.24803
13628,29.550322
13629,13.240761
13630,33.236435
13631,49.458065
13632,57.201004
13633,70.76434
13634,69.61214
13635,30.033695
13636,72.359665
13637,49.974392
13638,71.79367
13639,50.65327
13640,80.5295
13641,66.101204
13642,38.887623
13643,29.777897
13644,34.93131
13645,58.660973
13646,39.586964
13647,74.14628
13648,40.99266
13649,37.590355
13650,36.790825
13651,22.246208
13652,35.008728
13653,58.90464
13654,29.486456
13655,79.29747
13656,32.235474
13657,41.27695
13658,27.466291
13659,16.68153
13660,26.090387
13661,49.392685
13662,55.06641
13663,59.35063
13664,76.0328
13665,29.417675
13666,73.041306
13667,45.162636
13668,71.62396
13669,44.420834
13670,79.999664
13671,65.8031
13672,39.35044
13673,30.686209
13674,36.66687
13675,58.042362
13676,39.325523
13677,74.36473
13678,40.346413
13679,38.300774
13680,38.303482
13681,22.033306
13682,36.99784
13683,57.757507
13684,30.430359
13685,41.581947
13686,29.659447
13687,15.163116
13688,28.80245
13689,48.86035
13690,59.13866
13691,63.68458
13692,74.3178
13693,27.626087
13694,72.99609
13695,46.205803
13696,72.94641
13697,45.723103
13698,83.28674
13699,64.41638
13700,36.088276
13701,32.50852
13702,40.02902
13703,56.309734
13704,35.97632
13705,70.70192
13706,36.60798
13707,39.119804
13708,39.129044
13709,25.661823
13710,41.672894
13711,51.660385
13712,52.174614
13713,65.19667
13714,73.38887
13715,41.658195
13716,76.080284
13717,52.518486
13718,70.33339
13719,53.143734
13720,77.3968
13721,65.568924
13722,35.469215
13723,30.521381
13724,37.990295
13725,57.554497
13726,36.754486
13727,73.12659
13728,35.6182
13729,37.509506
13730,38.517796
13731,21.99902
13732,38.756126
13733,53.922287
13734,30.347012
13735,78.87508
13736,28.10077
13737,38.422184
13738,32.342613
13739,14.145809
13740,32.55717
13741,48.248352
13742,60.491028
13743,65.43563
13744,74.33179
13745,35.26409
13746,76.06833
13747,50.07139
13748,74.621
13749,50.230034
13750,82.45588
13751,66.30163
13752,37.060783
13753,30.597044
13754,39.49095
13755,57.81114
13756,38.429314
13757,74.754425
13758,37.40311
13759,38.744904
13760,40.406143
13761,21.603394
13762,40.40066
13763,55.326332
13764,31.04109
13765,79.39696
13766,29.990103
13767,40.527412
13768,32.45696
13769,13.847324
13770,34.889633
13771,52.171623
13772,62.16373
13773,68.33918
13774,76.35184
13775,32.606182
13776,78.93409
13777,50.979504
13778,78.16623
13779,51.101048
13780,85.25683
13781,66.25146
13782,32.75119
13783,30.253387
13784,38.972958
13785,57.658016
13786,35.287632
13787,74.91066
13788,31.999063
13789,38.28585
13790,39.295746
13791,20.741425
13792,40.641476
13793,54.713974
13794,26.923918
13795,78.59167
13796,23.110142
13797,37.12656
13798,30.605516
13799,13.37978
13800,34.275234
13801,50.137985
13802,58.812775
13803,73.31695
13804,68.19487
13805,34.58106
13806,73.95863
13807,53.569798
13808,73.792885
13809,54.45231
13810,79.636925
13811,63.97637
13812,34.65907
13813,30.628727
13814,40.385994
13815,55.423122
13816,37.14462
13817,70.8555
13818,33.575157
13819,37.632057
13820,39.947098
13821,22.652344
13822,42.488316
13823,51.82186
13824,29.59333
13825,73.71818
13826,25.673738
13827,38.285652
13828,33.068512
13829,15.5749855
13830,38.063534
13831,47.66076
13832,59.475994
13833,67.72314
13834,70.90425
13835,37.57818
13836,75.20768
13837,51.646202
13838,74.31293
13839,52.258694
13840,75.835464
13841,69.0926
13842,34.645058
13843,28.035786
13844,35.501457
13845,60.067024
13846,35.39119
13847,76.91584
13848,35.241955
13849,36.299786
13850,36.801697
13851,19.279903
13852,36.780712
13853,56.99323
13854,27.292843
13855,83.77109
13856,27.263466
13857,38.348885
13858,28.079813
13859,9.91304
13860,29.749252
13861,49.626335
13862,60.566555
13863,65.93188
13864,80.18227
13865,31.755873
13866,81.414566
13867,48.486572
13868,77.850365
13869,48.671474
13870,89.62186
13871,66.93787
13872,35.634636
13873,29.232002
13874,40.877842
13875,57.662426
13876,37.825428
13877,75.07675
13878,35.525124
13879,36.790466
13880,40.61286
13881,19.968735
13882,43.30995
13883,53.27268
13884,29.92481
13885,80.35077
13886,26.657518
13887,36.539062
13888,33.325123
13889,12.108849
13890,37.442646
13891,46.8031
13892,59.459694
13893,68.530235
13894,78.60125
13895,36.96269
13896,82.449135
13897,50.9502
13898,78.929726
13899,51.733307
13900,84.249794
13901,70.10811
13902,43.73572
13903,31.873764
13904,32.945374
13905,59.588448
13906,41.71587
13907,77.37771
13908,46.92062
13909,38.740158
13910,35.48408
13911,22.442291
13912,31.326797
13913,59.941563
13914,33.161346
13915,85.493515
13916,40.25523
13917,41.790382
13918,29.11515
13919,18.355541
13920,19.61519
13921,42.374596
13922,62.767387
13923,55.443733
13924,85.52539
13925,23.799477
13926,76.73014
13927,39.381878
13928,78.51437
13929,37.565685
13930,88.98819
13931,67.540054
13932,40.43509
13933,30.730644
13934,35.698467
13935,59.446175
13936,40.16999
13937,76.1431
13938,41.886337
13939,38.213264
13940,37.329834
13941,22.26036
13942,35.257195
13943,58.819813
13944,30.399496
13945,82.95772
13946,34.33339
13947,40.8513
13948,28.631592
13949,16.31781
13950,25.928741
13951,46.164223
13952,58.349907
13953,62.071716
13954,76.97384
13955,26.501728
13956,73.15877
13957,44.161846
13958,72.82962
13959,43.46739
13960,84.7707
13961,63.86491
13962,37.33252
13963,31.360926
13964,41.70902
13965,56.976078
13966,38.218674
13967,70.98085
13968,37.511356
13969,37.384026
13970,40.954865
13971,24.45486
13972,43.19113
13973,52.084225
13974,29.246195
13975,75.40109
13976,27.823845
13977,38.936443
13978,32.2795
13979,16.522083
13980,35.17577
13981,47.665154
13982,55.70049
13983,65.948524
13984,74.7572
13985,38.23909
13986,77.5157
13987,50.624737
13988,70.491425
13989,52.074562
13990,81.86391
13991,66.91312
13992,40.635345
13993,31.085693
13994,38.954952
13995,58.21974
13996,40.67479
13997,76.00313
13998,42.66493
13999,38.213886
14000,40.25096
14001,21.905245
14002,40.646404
14003,56.489677
14004,30.640005
14005,81.500305
14006,33.936226
14007,40.442486
14008,30.422585
14009,14.161064
14010,31.802065
14011,49.03165
14012,57.421215
14013,62.60202
14014,84.44935
14015,32.561203
14016,84.18175
14017,47.648224
14018,78.67468
14019,47.769264
14020,88.67382
14021,64.28523
14022,36.896873
14023,31.765985
14024,37.067894
14025,57.57531
14026,37.902225
14027,71.61844
14028,37.21326
14029,38.387157
14030,38.047295
14031,24.010704
14032,37.849937
14033,56.46991
14034,28.933273
14035,41.42933
14036,29.256302
14037,17.160347
14038,30.635338
14039,50.89851
14040,57.475327
14041,65.50743
14042,68.85411
14043,29.709694
14044,69.48569
14045,48.870773
14046,69.502174
14047,48.7105
14048,78.51695
14049,65.04962
14050,32.812305
14051,30.970947
14052,40.68852
14053,56.426258
14054,35.29407
14055,72.33182
14056,31.692734
14057,37.975098
14058,40.124847
14059,22.105843
14060,43.699142
14061,52.45845
14062,28.163609
14063,36.889656
14064,32.636192
14065,13.357082
14066,37.665146
14067,50.45593
14068,60.593033
14069,71.65768
14070,71.493935
14071,39.96089
14072,78.57729
14073,55.113144
14074,76.16632
14075,56.449596
14076,80.284454
14077,67.2661
14078,37.916637
14079,31.452429
14080,35.704124
14081,58.55854
14082,38.149704
14083,74.767555
14084,39.29868
14085,37.787636
14086,37.175556
14087,23.176811
14088,36.052963
14089,54.43714
14090,29.015402
14091,81.41504
14092,31.950243
14093,38.374863
14094,29.21477
14095,17.397842
14096,27.907993
14097,42.450035
14098,58.372093
14099,61.244545
14100,79.16591
14101,32.476364
14102,77.141136
14103,44.92628
14104,75.817825
14105,44.79916
14106,83.7177
14107,67.07866
14108,35.756638
14109,29.451696
14110,36.337246
14111,58.586227
14112,36.345287
14113,75.0808
14114,37.16494
14115,36.702076
14116,37.508614
14117,21.440113
14118,37.515945
14119,55.935738
14120,26.137474
14121,81.35535
14122,28.228601
14123,37.936867
14124,27.51021
14125,13.500404
14126,30.044373
14127,46.692505
14128,53.547607
14129,64.16037
14130,76.791046
14131,32.720474
14132,77.528275
14133,47.37128
14134,71.609604
14135,47.48245
14136,83.94261
14137,64.14966
14138,38.644897
14139,32.949688
14140,38.797646
14141,57.53665
14142,39.42186
14143,71.39953
14144,39.38144
14145,39.28827
14146,39.63547
14147,25.289768
14148,40.203773
14149,57.011284
14150,30.769526
14151,74.869194
14152,31.50078
14153,41.597027
14154,30.549446
14155,19.520021
14156,33.405323
14157,52.14056
14158,53.783546
14159,62.977623
14160,70.83697
14161,34.98665
14162,72.26933
14163,49.680737
14164,69.28648
14165,49.807976
14166,76.02085
14167,65.68884
14168,36.085655
14169,30.01297
14170,38.302822
14171,57.76433
14172,38.07161
14173,73.90511
14174,36.259228
14175,37.97882
14176,39.407406
14177,20.98795
14178,39.935436
14179,54.904705
14180,29.897545
14181,79.54802
14182,28.595707
14183,39.439087
14184,31.272074
14185,12.838577
14186,34.59427
14187,50.495625
14188,59.226818
14189,67.75313
14190,71.32893
14191,32.08771
14192,73.83493
14193,49.71634
14194,72.94035
14195,50.513187
14196,79.59784
14197,67.455
14198,32.878357
14199,29.110355
14200,37.5929
14201,58.185257
14202,35.26442
14203,76.29013
14204,33.53127
14205,37.85892
14206,38.532467
14207,19.304003
14208,39.214874
14209,53.732033
14210,26.889639
14211,80.77885
14212,22.994358
14213,37.143032
14214,29.92228
14215,11.978035
14216,32.188904
14217,48.451694
14218,58.778934
14219,69.926796
14220,76.13227
14221,36.177677
14222,80.78873
14223,51.412823
14224,78.658936
14225,52.02266
14226,83.13718
14227,63.64113
14228,35.126144
14229,31.763178
14230,36.42241
14231,56.088547
14232,36.46074
14233,70.75827
14234,35.467743
14235,38.909477
14236,37.57595
14237,23.676413
14238,37.39228
14239,49.005257
14240,53.143238
14241,63.628128
14242,68.64557
14243,33.823578
14244,70.73355
14245,48.482475
14246,67.96536
14247,48.865612
14248,74.86276
14249,66.697556
14250,38.03189
14251,29.91134
14252,38.529324
14253,58.428486
14254,38.403454
14255,74.59903
14256,38.70591
14257,37.540928
14258,39.511246
14259,21.062096
14260,39.385365
14261,56.720127
14262,31.227074
14263,79.51488
14264,30.952702
14265,40.992138
14266,31.443485
14267,13.340118
14268,32.887
14269,52.528336
14270,61.641888
14271,64.826904
14272,80.82941
14273,33.255367
14274,82.45049
14275,49.936806
14276,80.41889
14277,49.6429
14278,87.34392
14279,64.92069
14280,38.383377
14281,31.642326
14282,35.743546
14283,58.37238
14284,37.598263
14285,71.78294
14286,40.02189
14287,37.531097
14288,36.488136
14289,24.368658
14290,36.16663
14291,55.83397
14292,28.367386
14293,77.460365
14294,32.545364
14295,42.042164
14296,27.977324
14297,17.784573
14298,28.496996
14299,46.579624
14300,55.179344
14301,58.869495
14302,74.69548
14303,32.246193
14304,72.12962
14305,45.088
14306,69.3378
14307,45.05011
14308,78.37895
14309,66.998566
14310,36.7402
14311,30.556698
14312,40.605247
14313,58.728935
14314,39.00607
14315,73.97244
14316,36.67153
14317,38.292034
14318,40.520542
14319,21.44759
14320,41.686
14321,56.261044
14322,30.78078
14323,77.76523
14324,28.059034
14325,37.86325
14326,33.30651
14327,16.663486
14328,34.926662
14329,48.738968
14330,58.4037
14331,68.93895
14332,70.0615
14333,32.799877
14334,73.27114
14335,50.159557
14336,74.5732
14337,50.88694
14338,77.36312
14339,67.8296
14340,38.561935
14341,30.194214
14342,36.887928
14343,58.268986
14344,38.963036
14345,76.956436
14346,39.734924
14347,38.55042
14348,38.65177
14349,20.553057
14350,37.039307
14351,56.416542
14352,31.14687
14353,40.353947
14354,31.21342
14355,47.818493
14356,62.690197
14357,64.238396
14358,79.54136
14359,29.490091
14360,78.60257
14361,46.607807
14362,78.88847
14363,46.73163
14364,86.24242
14365,65.37743
14366,34.16559
14367,31.250587
14368,39.904053
14369,57.877357
14370,36.079792
14371,72.85918
14372,34.034317
14373,38.653515
14374,40.30147
14375,22.640728
14376,41.928802
14377,55.50769
14378,27.83277
14379,76.03516
14380,25.145355
14381,39.811646
14382,30.64906
14383,14.954483
14384,36.33832
14385,54.39164
14386,57.736046
14387,70.06541
14388,70.933105
14389,36.325268
14390,76.77803
14391,53.91258
14392,73.885345
14393,54.243927
14394,79.75884
14395,67.944595
14396,38.49316
14397,30.704754
14398,35.71335
14399,59.419456
14400,38.82653
14401,76.27328
14402,40.19034
14403,37.8972
14404,37.1438
14405,22.211128
14406,35.751564
14407,57.260292
14408,29.87696
14409,82.552124
14410,32.485634
14411,41.181366
14412,29.067371
14413,15.593391
14414,26.961735
14415,47.592308
14416,59.884647
14417,46.556828
14418,77.62656
14419,45.91548
14420,88.94717
14421,66.17065
14422,32.665047
14423,30.89853
14424,38.49095
14425,57.196934
14426,34.89806
14427,72.74529
14428,32.431084
14429,38.273148
14430,38.164032
14431,22.185991
14432,40.49834
14433,52.29877
14434,28.786783
14435,78.89174
14436,24.721634
14437,36.80552
14438,32.917267
14439,13.319561
14440,35.319557
14441,47.037636
14442,61.6192
14443,69.966576
14444,69.8842
14445,37.58557
14446,74.47387
14447,51.327785
14448,73.93584
14449,52.72618
14450,79.89826
14451,65.14379
14452,34.6162
14453,30.608
14454,34.975258
14455,57.113483
14456,36.59934
14457,72.9517
14458,35.5226
14459,38.527573
14460,35.693054
14461,21.27345
14462,35.42121
14463,56.0183
14464,28.782911
14465,77.15174
14466,28.506489
14467,40.57651
14468,29.309242
14469,16.22305
14470,29.077253
14471,49.096634
14472,56.43167
14473,62.45846
14474,71.02582
14475,31.924639
14476,70.888245
14477,47.881897
14478,71.494
14479,47.67807
14480,75.17067
14481,65.62692
14482,34.135136
14483,31.793983
14484,40.135956
14485,57.345993
14486,35.613636
14487,74.27565
14488,33.98218
14489,39.539833
14490,39.966663
14491,22.313232
14492,42.446144
14493,56.15358
14494,27.521114
14495,76.31671
14496,23.902216
14497,39.80796
14498,30.02579
14499,14.347801
14500,34.958767
14501,56.972168
14502,59.20645
14503,70.215454
14504,74.27106
14505,39.723167
14506,80.06424
14507,56.213474
14508,77.48989
14509,56.430542
14510,79.66606
14511,66.12894
14512,34.142963
14513,32.621387
14514,37.9026
14515,58.377098
14516,35.07023
14517,72.635056
14518,34.553425
14519,38.979855
14520,37.83082
14521,24.707355
14522,39.00637
14523,55.334724
14524,27.948997
14525,76.66751
14526,25.885496
14527,37.92334
14528,30.721418
14529,17.166004
14530,32.33636
14531,50.437805
14532,58.67478
14533,66.30484
14534,74.35949
14535,38.998764
14536,77.15646
14537,51.755222
14538,74.70589
14539,52.30054
14540,81.80318
14541,65.72151
14542,39.132225
14543,29.795105
14544,37.826355
14545,59.609165
14546,39.143414
14547,71.5511
14548,40.16061
14549,36.31641
14550,38.983482
14551,22.864792
14552,37.654667
14553,58.64811
14554,31.911812
14555,77.546
14556,33.11416
14557,40.77023
14558,31.344532
14559,15.309807
14560,31.338388
14561,52.38518
14562,55.950733
14563,60.671898
14564,79.632515
14565,31.318645
14566,79.37574
14567,47.110523
14568,74.43856
14569,46.58493
14570,85.226944
14571,63.748894
14572,37.946823
14573,31.148636
14574,37.526714
14575,58.053276
14576,38.864655
14577,70.50971
14578,39.746944
14579,39.187466
14580,38.639423
14581,23.643185
14582,38.054417
14583,58.667717
14584,32.16405
14585,76.08275
14586,33.212646
14587,44.463116
14588,30.464739
14589,16.439283
14590,33.06337
14591,57.121742
14592,53.933327
14593,61.079826
14594,72.8218
14595,34.616932
14596,72.85365
14597,50.173622
14598,69.8481
14599,49.751846
14600,75.44635
14601,63.55075
14602,36.980034
14603,31.878483
14604,41.14142
14605,55.744534
14606,38.356316
14607,69.18825
14608,37.288616
14609,37.325764
14610,40.11163
14611,24.29026
14612,42.78014
14613,51.089413
14614,30.729198
14615,74.06081
14616,29.137102
14617,37.10563
14618,33.644936
14619,16.677681
14620,37.12374
14621,44.60129
14622,58.372635
14623,63.295193
14624,76.53119
14625,37.9828
14626,79.98567
14627,48.13272
14628,73.49047
14629,49.608765
14630,83.24228
14631,67.35107
14632,37.717903
14633,29.49705
14634,35.873955
14635,59.780018
14636,37.198605
14637,73.6672
14638,38.764927
14639,36.447445
14640,37.027405
14641,21.9442
14642,36.464424
14643,57.641228
14644,28.864994
14645,80.56355
14646,31.76013
14647,40.381363
14648,28.080986
14649,13.985489
14650,30.307968
14651,49.568996
14652,57.74302
14653,61.678333
14654,78.96486
14655,32.16645
14656,78.13286
14657,47.03789
14658,73.85136
14659,46.76686
14660,87.02749
14661,65.83815
14662,38.731216
14663,31.519806
14664,38.722572
14665,56.35749
14666,39.66794
14667,74.78684
14668,40.033394
14669,38.63065
14670,39.462666
14671,23.15945
14672,37.5354
14673,53.614113
14674,32.406525
14675,78.719604
14676,31.081257
14677,39.829174
14678,32.868652
14679,16.742214
14680,28.608154
14681,46.627964
14682,64.521774
14683,62.428383
14684,84.87282
14685,35.424347
14686,83.69534
14687,48.124912
14688,85.140945
14689,47.874813
14690,86.08947
14691,67.80571
14692,36.01866
14693,31.405308
14694,38.01633
14695,59.41086
14696,36.475044
14697,75.307884
14698,36.657707
14699,38.38511
14700,37.966835
14701,22.741865
14702,38.93094
14703,56.12823
14704,26.772167
14705,78.83446
14706,27.530853
14707,39.009094
14708,28.197346
14709,16.696507
14710,30.579563
14711,49.658394
14712,57.693775
14713,66.83396
14714,77.827415
14715,35.74486
14716,79.19542
14717,51.075787
14718,77.11702
14719,50.670464
14720,84.36877
14721,65.11359
14722,36.035873
14723,31.066368
14724,40.87583
14725,56.894836
14726,38.035477
14727,73.323906
14728,36.008884
14729,38.42403
14730,40.17936
14731,22.001032
14732,42.404804
14733,53.354366
14734,29.160057
14735,76.866905
14736,26.7676
14737,39.482075
14738,31.958273
14739,14.840672
14740,35.235847
14741,50.63905
14742,58.608376
14743,68.27971
14744,74.09532
14745,35.712303
14746,77.30033
14747,52.41675
14748,75.37404
14749,53.248714
14750,80.32121
14751,68.5499
14752,38.921814
14753,30.160774
14754,38.901203
14755,59.55788
14756,38.606308
14757,76.7424
14758,40.280884
14759,38.241245
14760,39.37647
14761,21.787783
14762,38.744865
14763,58.37333
14764,27.949488
14765,81.853584
14766,30.191832
14767,38.746513
14768,29.430992
14769,16.352425
14770,29.451237
14771,46.426693
14772,53.200233
14773,66.41499
14774,74.42384
14775,31.005127
14776,74.241234
14777,46.808727
14778,71.54347
14779,46.916
14780,82.195595
14781,65.53566
14782,35.56004
14783,31.563541
14784,37.629715
14785,57.037857
14786,37.06624
14787,73.659256
14788,35.629936
14789,39.936592
14790,37.686775
14791,21.873646
14792,38.8206
14793,57.9805
14794,30.169693
14795,76.66495
14796,27.187687
14797,43.098534
14798,29.618347
14799,13.17384
14800,32.05745
14801,59.66805
14802,62.514744
14803,65.928055
14804,75.06433
14805,35.269985
14806,77.45885
14807,53.744534
14808,78.266045
14809,54.6173
14810,79.5381
14811,66.29175
14812,35.60612
14813,29.747746
14814,35.72467
14815,58.437767
14816,36.84138
14817,74.22629
14818,36.161285
14819,37.480892
14820,37.15946
14821,20.919743
14822,36.37631
14823,56.938263
14824,28.96085
14825,79.9081
14826,28.618275
14827,39.767273
14828,29.446674
14829,49.049828
14830,59.12932
14831,65.18996
14832,71.9115
14833,29.45055
14834,72.32809
14835,47.86081
14836,72.3504
14837,47.22512
14838,81.484535
14839,63.83259
14840,38.76192
14841,31.624565
14842,37.461388
14843,56.661736
14844,39.407986
14845,70.7068
14846,39.81858
14847,37.33023
14848,39.42644
14849,25.537006
14850,38.074
14851,51.777122
14852,31.81526
14853,77.07201
14854,32.342873
14855,38.350624
14856,32.59726
14857,18.983442
14858,30.666786
14859,41.658432
14860,56.457912
14861,60.04161
14862,78.017075
14863,35.673485
14864,77.50307
14865,44.79594
14866,72.95271
14867,45.389217
14868,82.08624
14869,67.41806
14870,34.910847
14871,30.8097
14872,35.411
14873,58.931194
14874,35.296722
14875,74.54884
14876,35.875603
14877,37.92718
14878,36.233467
14879,22.653309
14880,36.12579
14881,56.283974
14882,26.192574
14883,81.015854
14884,28.061604
14885,37.572342
14886,27.885353
14887,16.387178
14888,28.811127
14889,44.152477
14890,55.334576
14891,64.79763
14892,73.07844
14893,32.43681
14894,73.18797
14895,46.837208
14896,70.51483
14897,46.740364
14898,80.66156
14899,67.81907
14900,36.247505
14901,32.08635
14902,36.079002
14903,59.616425
14904,36.707485
14905,74.92612
14906,37.650436
14907,39.615227
14908,38.020756
14909,24.277964
14910,37.317284
14911,57.306408
14912,30.05392
14913,80.35871
14914,30.361805
14915,40.410603
14916,30.643978
14917,17.317085
14918,31.268696
14919,50.954597
14920,59.781097
14921,65.152115
14922,78.0125
14923,36.45919
14924,78.42481
14925,50.46896
14926,77.01836
14927,49.71692
14928,83.93259
14929,67.51291
14930,40.35297
14931,29.51424
14932,38.54963
14933,58.987007
14934,40.733437
14935,76.23512
14936,40.83416
14937,37.499023
14938,39.44736
14939,19.686785
14940,39.17565
14941,57.119614
14942,31.571297
14943,82.39898
14944,33.207146
14945,40.05442
14946,31.734528
14947,47.387978
14948,60.903862
14949,65.423035
14950,76.67461
14951,27.157267
14952,75.354004
14953,46.12903
14954,75.901794
14955,46.4312
14956,83.69675
14957,68.811844
14958,30.461658
14959,32.0259
14960,33.42291
14961,59.452187
14962,32.25621
14963,77.53793
14964,32.270042
14965,41.464703
14966,35.392418
14967,23.599588
14968,34.283066
14969,56.01391
14970,24.412354
14971,39.922558
14972,26.933002
14973,51.829506
14974,58.239212
14975,69.67264
14976,73.080894
14977,69.016174
14978,37.353214
14979,29.061956
14980,34.891327
14981,59.204903
14982,38.87434
14983,78.39493
14984,40.67218
14985,38.67027
14986,37.44198
14987,19.885765
14988,34.977856
14989,58.235252
14990,30.414259
14991,85.9445
14992,31.312153
14993,41.209255
14994,29.048298
14995,11.80423
14996,25.756762
14997,50.53328
14998,62.75192
14999,61.631927
15000,85.85462
15001,29.539824
15002,84.28867
15003,46.032894
15004,82.01401
15005,45.248165
15006,91.25853
15007,64.65947
15008,38.273663
15009,34.04853
15010,37.77848
15011,56.539036
15012,38.647507
15013,72.54685
15014,39.96047
15015,40.372383
15016,39.14335
15017,26.0529
15018,39.92129
15019,53.71729
15020,27.547201
15021,77.61451
15022,31.680262
15023,41.30701
15024,28.5136
15025,47.678368
15026,55.884247
15027,62.959618
15028,76.02668
15029,36.1139
15030,75.00147
15031,48.211037
15032,72.732475
15033,48.143215
15034,76.67617
15035,68.34015
15036,41.2903
15037,30.031136
15038,34.157722
15039,59.741978
15040,41.0068
15041,75.272354
15042,43.908825
15043,38.484528
15044,35.606346
15045,21.323841
15046,33.754295
15047,60.569664
15048,30.836683
15049,82.45545
15050,36.95888
15051,42.43635
15052,27.490019
15053,46.851357
15054,56.53156
15055,58.059494
15056,78.39749
15057,24.378689
15058,73.12146
15059,41.331192
15060,72.83985
15061,41.003883
15062,81.54936
15063,63.628555
15064,33.839165
15065,30.393728
15066,40.025616
15067,55.90296
15068,36.259544
15069,71.4297
15070,33.687866
15071,37.249706
15072,39.6093
15073,21.379663
15074,41.968502
15075,52.9842
15076,28.540989
15077,74.5254
15078,24.304352
15079,39.500484
15080,31.358856
15081,12.840355
15082,35.53105
15083,52.89749
15084,57.022602
15085,67.63116
15086,72.2016
15087,39.157368
15088,77.108444
15089,54.447437
15090,72.608086
15091,55.385975
15092,78.13158
15093,67.17006
15094,38.103527
15095,30.528948
15096,37.60285
15097,59.271255
15098,38.608795
15099,75.938705
15100,39.16544
15101,38.101555
15102,38.52876
15103,21.98988
15104,37.8478
15105,58.50954
15106,30.278255
15107,81.16704
15108,30.560139
15109,40.901894
15110,29.862951
15111,14.665138
15112,29.009537
15113,52.503006
15114,59.0067
15115,64.736984
15116,78.82991
15117,32.627777
15118,78.45581
15119,50.067413
15120,76.668175
15121,49.585865
15122,86.28807
15123,69.417725
15124,42.868763
15125,31.140104
15126,36.017494
15127,60.1784
15128,41.656418
15129,78.10276
15130,45.60706
15131,39.13448
15132,38.14641
15133,21.574532
15134,36.120926
15135,59.919987
15136,31.164703
15137,85.174324
15138,37.92736
15139,43.278988
15140,28.24453
15141,15.538956
15142,26.53083
15143,49.023365
15144,59.03067
15145,60.41619
15146,83.98713
15147,25.29932
15148,79.232254
15149,43.17864
15150,77.20196
15151,41.87446
15152,88.90166
15153,63.785675
15154,35.499264
15155,32.244522
15156,38.578182
15157,57.282715
15158,37.387157
15159,69.82013
15160,35.400875
15161,37.721275
15162,38.240646
15163,26.295647
15164,39.901787
15165,52.031876
15166,28.460775
15167,73.982025
15168,26.063192
15169,38.969513
15170,30.26103
15171,18.945786
15172,32.265423
15173,45.695732
15174,56.130516
15175,62.73899
15176,72.49098
15177,38.78031
15178,75.14659
15179,48.328495
15180,70.84146
15181,49.114403
15182,77.89843
15183,67.03392
15184,38.640804
15185,30.729088
15186,34.881916
15187,59.061455
15188,38.76076
15189,75.42079
15190,39.83487
15191,38.22227
15192,36.315186
15193,22.246988
15194,34.40281
15195,58.62834
15196,29.286789
15197,81.65657
15198,32.364178
15199,40.852432
15200,27.892427
15201,16.57814
15202,25.630234
15203,46.568233
15204,57.1083
15205,61.89207
15206,74.24257
15207,27.072563
15208,70.99173
15209,44.68075
15210,71.12754
15211,43.889137
15212,81.467316
15213,67.549255
15214,34.936214
15215,28.731152
15216,38.225784
15217,58.325752
15218,36.262688
15219,75.38381
15220,36.07891
15221,37.366016
15222,38.955296
15223,19.168541
15224,40.431435
15225,55.942955
15226,26.50004
15227,81.93449
15228,26.410915
15229,39.45413
15230,28.346708
15231,10.622009
15232,34.05509
15233,51.477478
15234,54.832542
15235,67.07386
15236,79.14055
15237,35.843033
15238,82.14914
15239,51.424576
15240,74.29382
15241,51.682343
15242,85.226906
15243,67.97532
15244,31.62024
15245,26.422766
15246,37.70371
15247,59.947548
15248,35.36635
15249,75.931946
15250,31.39029
15251,35.18355
15252,36.870277
15253,16.70014
15254,39.576954
15255,55.718746
15256,24.905931
15257,79.087
15258,20.508377
15259,35.831528
15260,26.946642
15261,10.417843
15262,31.79356
15263,49.812035
15264,54.19502
15265,70.4012
15266,73.894455
15267,32.961884
15268,79.29963
15269,51.128628
15270,74.57395
15271,51.629475
15272,82.72862
15273,65.00709
15274,36.399055
15275,31.954721
15276,40.74881
15277,56.05356
15278,38.031666
15279,72.96762
15280,36.57469
15281,39.06389
15282,40.544346
15283,22.933575
15284,42.00262
15285,51.571648
15286,29.997509
15287,76.98123
15288,28.733551
15289,39.290977
15290,32.983185
15291,16.27299
15292,36.279438
15293,47.645573
15294,58.404423
15295,67.82208
15296,74.13724
15297,36.41469
15298,76.713104
15299,51.202038
15300,75.71366
15301,52.214165
15302,79.23772
15303,63.297577
15304,37.187256
15305,33.15571
15306,38.88237
15307,56.812607
15308,38.529865
15309,68.79871
15310,37.52271
15311,37.65744
15312,38.940365
15313,26.643063
15314,40.032642
15315,52.316986
15316,31.746422
15317,73.35907
15318,29.72041
15319,40.776928
15320,32.557495
15321,19.938728
15322,33.947136
15323,48.391197
15324,60.18852
15325,59.66574
15326,77.60684
15327,40.557365
15328,80.02522
15329,49.704475
15330,74.77744
15331,50.169666
15332,82.44956
15333,68.79437
15334,38.81431
15335,31.421947
15336,33.091286
15337,60.095615
15338,38.626175
15339,76.85475
15340,41.03526
15341,39.722343
15342,35.6799
15343,22.964848
15344,32.671448
15345,60.631233
15346,28.059809
15347,82.657364
15348,32.40568
15349,42.37117
15350,25.384686
15351,17.84298
15352,22.951218
15353,48.4684
15354,56.89863
15355,60.919865
15356,78.44667
15357,26.653603
15358,73.750824
15359,44.000973
15360,74.84404
15361,42.883026
15362,83.001434
15363,62.958954
15364,34.2499
15365,31.485039
15366,40.557323
15367,55.30871
15368,36.444187
15369,70.2514
15370,32.70365
15371,37.819756
15372,40.29061
15373,22.939957
15374,42.25888
15375,51.8585
15376,30.237228
15377,73.10997
15378,24.95401
15379,38.79654
15380,33.489655
15381,15.145134
15382,37.425476
15383,51.27704
15384,59.811108
15385,68.24068
15386,71.1942
15387,38.568756
15388,77.362625
15389,53.44963
15390,74.7601
15391,54.337475
15392,79.15834
15393,65.407295
15394,35.86094
15395,30.552168
15396,40.56043
15397,57.788124
15398,37.644226
15399,72.22688
15400,35.68857
15401,37.04592
15402,40.444317
15403,22.514723
15404,41.94531
15405,53.532246
15406,29.546364
15407,76.347336
15408,26.913382
15409,36.63288
15410,32.37095
15411,15.258186
15412,35.4432
15413,48.318768
15414,59.57528
15415,68.23887
15416,73.386505
15417,36.98751
15418,77.54145
15419,51.60051
15420,75.08492
15421,52.510235
15422,83.27013
15423,67.79634
15424,36.208424
15425,30.64649
15426,35.897873
15427,58.295784
15428,37.416065
15429,76.42197
15430,37.704918
15431,38.242867
15432,37.52102
15433,22.129482
15434,36.012672
15435,54.058693
15436,29.75851
15437,82.99304
15438,29.756042
15439,37.505486
15440,30.437893
15441,14.976078
15442,27.903294
15443,43.957977
15444,61.098133
15445,62.82744
15446,81.56744
15447,34.076595
15448,81.00835
15449,46.396797
15450,80.38104
15451,46.37321
15452,86.0455
15453,67.15749
15454,38.074585
15455,30.852688
15456,36.948883
15457,58.921738
15458,38.838448
15459,75.097855
15460,38.99662
15461,39.12823
15462,38.275833
15463,21.288689
15464,37.587486
15465,58.614185
15466,30.256638
15467,80.45267
15468,31.852118
15469,41.242256
15470,30.128294
15471,15.797436
15472,31.520702
15473,50.03916
15474,58.89227
15475,65.82285
15476,71.93811
15477,28.534178
15478,72.06677
15479,47.952465
15480,73.70734
15481,47.711536
15482,79.492516
15483,67.76237
15484,38.78643
15485,30.297644
15486,35.83542
15487,59.53676
15488,39.08706
15489,74.7668
15490,40.16543
15491,38.186035
15492,36.984306
15493,21.195385
15494,35.508675
15495,58.749622
15496,30.855946
15497,81.044136
15498,33.16667
15499,40.912537
15500,29.654509
15501,15.368263
15502,28.84895
15503,47.28901
15504,59.226337
15505,62.65334
15506,74.34963
15507,27.423689
15508,72.593994
15509,45.059666
15510,74.091156
15511,45.038673
15512,80.95178
15513,65.63541
15514,35.055634
15515,30.647629
15516,40.328754
15517,57.72232
15518,37.224014
15519,72.88605
15520,34.638504
15521,37.877052
15522,40.434082
15523,21.676018
15524,43.297646
15525,54.50099
15526,28.476671
15527,37.69519
15528,31.775408
15529,51.042694
15530,59.038673
15531,70.58634
15532,70.91928
15533,36.343147
15534,76.46262
15535,53.1262
15536,74.11359
15537,54.43028
15538,80.53696
15539,65.1697
15540,34.863277
15541,31.02513
15542,36.461834
15543,57.1082
15544,35.90216
15545,72.06641
15546,36.189644
15547,37.2648
15548,37.27044
15549,23.45211
15550,37.125546
15551,52.70947
15552,28.489052
15553,77.77933
15554,26.896038
15555,37.80272
15556,30.045958
15557,16.290264
15558,29.178112
15559,44.36516
15560,57.10852
15561,61.594612
15562,78.18952
15563,35.790012
15564,79.5182
15565,46.181774
15566,74.8797
15567,46.268547
15568,83.59975
15569,64.35547
15570,33.979515
15571,30.802938
15572,39.671143
15573,56.68253
15574,35.717728
15575,71.31831
15576,34.310463
15577,36.160484
15578,38.898212
15579,23.206781
15580,42.396717
15581,49.95833
15582,26.24345
15583,76.540695
15584,24.617096
15585,35.819794
15586,30.484707
15587,15.951702
15588,34.368
15589,42.14995
15590,51.9093
15591,65.04083
15592,72.81128
15593,39.580196
15594,76.53162
15595,49.22348
15596,69.13918
15597,50.202187
15598,78.609604
15599,64.93204
15600,39.134422
15601,29.762493
15602,36.227467
15603,57.911896
15604,38.971016
15605,71.60651
15606,39.9779
15607,35.6217
15608,37.298904
15609,22.596983
15610,35.985664
15611,55.831318
15612,30.943401
15613,77.98932
15614,33.01442
15615,39.08487
15616,30.01584
15617,16.021576
15618,28.00084
15619,44.416485
15620,56.244873
15621,57.478455
15622,78.69414
15623,29.74709
15624,76.25318
15625,43.139065
15626,72.99883
15627,42.83612
15628,83.37326
15629,62.24712
15630,35.76391
15631,33.622864
15632,38.10068
15633,55.3237
15634,38.51413
15635,67.74861
15636,36.642788
15637,39.804016
15638,38.86315
15639,27.320774
15640,39.22344
15641,50.897587
15642,29.88265
15643,71.06734
15644,28.628643
15645,43.222202
15646,31.677254
15647,20.081377
15648,34.39684
15649,47.716896
15650,59.099766
15651,62.516407
15652,68.79033
15653,34.392437
15654,70.96074
15655,47.145054
15656,70.341255
15657,47.45202
15658,74.31938
15659,66.199875
15660,35.993713
15661,28.934467
15662,38.83836
15663,57.870537
15664,38.2189
15665,75.03592
15666,36.874863
15667,36.63536
15668,38.447617
15669,20.370914
15670,40.054832
15671,55.18705
15672,28.740278
15673,78.300476
15674,25.866858
15675,38.682606
15676,29.65026
15677,12.487377
15678,30.664156
15679,51.325302
15680,59.421936
15681,64.929726
15682,82.723495
15683,37.044205
15684,85.252014
15685,51.34238
15686,82.12492
15687,51.779846
15688,86.59237
15689,67.07359
15690,38.15039
15691,30.925709
15692,37.806778
15693,59.450523
15694,38.25063
15695,74.12342
15696,38.831764
15697,37.69329
15698,38.527718
15699,22.852257
15700,38.849056
15701,56.976883
15702,28.541208
15703,79.40686
15704,31.394733
15705,39.080334
15706,29.418478
15707,17.21897
15708,31.7396
15709,47.476757
15710,54.98834
15711,64.67302
15712,74.017006
15713,32.280678
15714,74.141495
15715,47.802696
15716,71.607346
15717,47.898003
15718,81.69687
15719,66.3077
15720,37.401653
15721,32.105423
15722,35.33181
15723,57.910797
15724,37.873672
15725,75.23026
15726,38.167007
15727,39.807526
15728,37.04692
15729,23.785498
15730,35.85014
15731,56.688007
15732,27.679329
15733,81.21617
15734,30.339325
15735,41.041855
15736,27.527292
15737,18.355076
15738,26.78172
15739,45.446075
15740,55.85942
15741,63.2041
15742,73.26558
15743,29.44418
15744,71.93279
15745,44.888474
15746,70.771774
15747,44.584976
15748,77.858154
15749,67.43969
15750,38.63719
15751,30.865608
15752,37.859688
15753,58.68908
15754,38.933495
15755,75.15617
15756,39.168716
15757,37.314575
15758,38.592308
15759,21.852642
15760,38.011124
15761,56.22416
15762,31.075602
15763,80.3649
15764,31.33491
15765,40.16839
15766,31.691458
15767,15.298382
15768,29.607965
15769,47.46765
15770,62.871216
15771,62.707108
15772,80.4392
15773,30.687527
15774,79.4796
15775,46.817146
15776,78.802315
15777,46.040817
15778,86.67957
15779,66.11885
15780,35.27151
15781,29.494757
15782,36.65417
15783,57.616096
15784,36.701004
15785,73.83934
15786,35.839935
15787,35.961735
15788,37.60885
15789,20.760555
15790,38.04908
15791,53.967457
15792,28.913746
15793,79.557495
15794,28.13654
15795,37.47867
15796,30.18676
15797,13.382935
15798,31.03454
15799,46.56153
15800,60.732124
15801,62.757263
15802,79.71532
15803,34.105026
15804,80.979965
15805,47.674965
15806,78.28578
15807,46.954716
15808,85.28569
15809,65.120544
15810,33.882736
15811,30.376646
15812,39.55624
15813,57.212852
15814,34.954872
15815,72.48456
15816,33.3997
15817,37.226475
15818,38.86876
15819,21.938393
15820,40.91259
15821,53.402767
15822,27.56777
15823,75.17056
15824,24.488758
15825,37.999855
15826,30.687563
15827,15.090687
15828,34.34899
15829,49.864918
15830,56.141647
15831,68.31024
15832,71.62437
15833,37.851395
15834,76.10805
15835,52.650223
15836,74.19313
15837,53.02555
15838,78.48943
15839,66.159164
15840,35.1218
15841,30.777534
15842,36.2633
15843,57.394993
15844,36.451984
15845,73.58104
15846,36.22142
15847,37.5204
15848,37.245155
15849,22.500359
15850,36.94439
15851,53.70631
15852,27.75541
15853,78.79347
15854,28.424154
15855,37.7592
15856,29.511759
15857,44.037918
15858,59.032375
15859,63.95774
15860,76.159164
15861,33.275124
15862,76.80123
15863,46.92814
15864,75.844345
15865,47.229942
15866,81.28339
15867,65.31333
15868,37.184277
15869,31.512512
15870,37.330517
15871,56.542885
15872,39.02334
15873,73.92351
15874,38.17365
15875,39.439293
15876,38.97532
15877,22.213926
15878,37.321476
15879,53.910904
15880,32.773933
15881,79.20497
15882,31.700832
15883,41.276768
15884,33.60189
15885,15.355396
15886,32.60023
15887,48.434586
15888,63.658516
15889,65.050285
15890,73.35343
15891,30.600742
15892,73.25658
15893,47.491768
15894,76.94086
15895,47.700615
15896,79.35484
15897,65.68195
15898,37.304268
15899,31.574448
15900,37.135506
15901,57.365593
15902,38.214256
15903,74.01443
15904,38.280952
15905,40.053806
15906,38.58898
15907,22.386847
15908,37.59546
15909,57.08551
15910,32.615517
15911,78.87916
15912,31.117613
15913,44.165493
15914,31.997847
15915,13.809189
15916,31.842196
15917,56.7463
15918,64.53348
15919,63.7449
15920,80.419525
15921,34.629936
15922,81.84339
15923,51.14347
15924,82.29759
15925,51.221367
15926,84.65938
15927,65.78211
15928,37.843353
15929,30.494541
15930,38.17751
15931,57.942776
15932,38.60149
15933,73.62393
15934,38.336388
15935,38.14444
15936,38.962807
15937,21.404154
15938,39.191437
15939,57.089134
15940,31.290257
15941,78.084404
15942,30.97105
15943,41.262512
15944,31.18489
15945,15.143974
15946,32.571526
15947,52.88006
15948,57.908684
15949,63.578083
15950,75.11812
15951,32.884274
15952,76.518265
15953,49.83264
15954,74.78139
15955,49.90298
15956,81.273895
15957,64.88724
15958,36.59623
15959,31.91109
15960,41.414906
15961,57.86628
15962,36.99941
15963,71.15226
15964,36.10655
15965,37.694138
15966,40.243607
15967,25.09217
15968,43.340668
15969,75.31914
15970,26.880997
15971,17.76004
15972,36.925663
15973,48.05766
15974,56.27028
15975,67.28058
15976,71.78769
15977,39.881744
15978,75.10192
15979,51.184296
15980,70.27144
15981,52.110928
15982,78.29847
15983,64.3886
15984,35.39177
15985,30.62614
15986,36.92247
15987,56.539852
15988,36.539898
15989,72.33861
15990,35.3864
15991,37.442627
15992,37.3906
15993,22.351788
15994,37.871407
15995,53.807873
15996,28.267754
15997,77.283264
15998,28.118847
15999,38.52791
16000,29.577084
16001,15.440559
16002,31.235645
16003,47.453026
16004,55.775047
16005,62.987896
16006,72.67281
16007,35.198643
16008,73.693825
16009,48.825714
16010,71.60567
16011,49.25093
16012,78.58115
16013,65.4951
16014,38.468174
16015,31.607517
16016,39.201378
16017,57.07217
16018,39.748573
16019,73.67606
16020,39.692375
16021,39.277576
16022,40.631363
16023,22.781158
16024,40.579914
16025,54.497932
16026,31.02732
16027,78.34219
16028,31.936592
16029,41.057205
16030,32.007957
16031,15.9517975
16032,34.887917
16033,49.23216
16034,58.942818
16035,65.49675
16036,75.02593
16037,32.449066
16038,76.358154
16039,48.5063
16040,75.167595
16041,49.123817
16042,81.01509
16043,66.09146
16044,35.002907
16045,30.243326
16046,40.032692
16047,57.35103
16048,36.464493
16049,74.60711
16050,35.027977
16051,38.33048
16052,39.858418
16053,20.841585
16054,41.59629
16055,54.818226
16056,27.035826
16057,77.689575
16058,26.282495
16059,39.79523
16060,29.990946
16061,13.719025
16062,35.377647
16063,52.491413
16064,57.352512
16065,70.05395
16066,73.09246
16067,34.239548
16068,77.082596
16069,52.646324
16070,75.46446
16071,52.98697
16072,79.8764
16073,66.37838
16074,35.15297
16075,30.013945
16076,36.39485
16077,58.317142
16078,36.721004
16079,74.720184
16080,36.332344
16081,38.49564
16082,37.73001
16083,21.767586
16084,37.401665
16085,54.957344
16086,28.692463
16087,79.68176
16088,26.409369
16089,39.36638
16090,28.977617
16091,15.423813
16092,30.300322
16093,49.704105
16094,57.297558
16095,64.87181
16096,77.109856
16097,35.73967
16098,79.37013
16099,49.172337
16100,75.70648
16101,48.780216
16102,83.21625
16103,66.811714
16104,38.958557
16105,32.253777
16106,37.68475
16107,58.43498
16108,38.700157
16109,73.9164
16110,39.879265
16111,38.21591
16112,38.10899
16113,24.519657
16114,37.497406
16115,55.929688
16116,28.528034
16117,78.80032
16118,31.173618
16119,41.443813
16120,28.90285
16121,18.463749
16122,29.244032
16123,46.219543
16124,57.06606
16125,61.134197
16126,79.08134
16127,32.296947
16128,77.567535
16129,45.71613
16130,74.30385
16131,45.437744
16132,82.43048
16133,65.03832
16134,36.782852
16135,31.927881
16136,37.989037
16137,58.38237
16138,38.331482
16139,71.41471
16140,36.90311
16141,37.419586
16142,38.563423
16143,24.775116
16144,38.49866
16145,54.27091
16146,30.855679
16147,76.74073
16148,29.05722
16149,38.87654
16150,31.647158
16151,18.482792
16152,31.629784
16153,47.612156
16154,57.042053
16155,62.423492
16156,74.99179
16157,36.794132
16158,75.82738
16159,48.976833
16160,72.4469
16161,48.993347
16162,81.382576
16163,65.674286
16164,36.62687
16165,29.927706
16166,39.939987
16167,57.94054
16168,38.48792
16169,72.97449
16170,37.59642
16171,38.028908
16172,41.049248
16173,21.81992
16174,41.771755
16175,56.222664
16176,29.473911
16177,78.00087
16178,28.407902
16179,38.80159
16180,31.274084
16181,15.590519
16182,35.760437
16183,51.983135
16184,53.405453
16185,66.25747
16186,72.517265
16187,36.86438
16188,76.19616
16189,50.746014
16190,70.49579
16191,50.975445
16192,78.02118
16193,65.03545
16194,34.923386
16195,31.966972
16196,42.268288
16197,57.583836
16198,36.49906
16199,71.33923
16200,34.24151
16201,37.838654
16202,41.36489
16203,23.938059
16204,45.869106
16205,53.807583
16206,27.71729
16207,73.48484
16208,25.147137
16209,38.129974
16210,31.743567
16211,15.04361
16212,40.195984
16213,54.935234
16214,57.719856
16215,71.027695
16216,75.47887
16217,42.291264
16218,82.110146
16219,56.696186
16220,75.22026
16221,57.521507
16222,83.396866
16223,66.4568
16224,34.063118
16225,30.80973
16226,34.72149
16227,57.55642
16228,35.697266
16229,75.59923
16230,35.413437
16231,39.29724
16232,35.658478
16233,22.30877
16234,34.533306
16235,55.914207
16236,26.322685
16237,80.632965
16238,25.68285
16239,39.984535
16240,26.82063
16241,16.482388
16242,26.07253
16243,47.33408
16244,53.478012
16245,63.32256
16246,74.38602
16247,34.68319
16248,74.48465
16249,48.237312
16250,72.64664
16251,48.01284
16252,77.38141
16253,67.5509
16254,39.338413
16255,31.82912
16256,38.917664
16257,58.706764
16258,40.08889
16259,76.36813
16260,40.238728
16261,39.60901
16262,39.21198
16263,22.725431
16264,39.39103
16265,56.796368
16266,31.017467
16267,80.75062
16268,31.097202
16269,41.109737
16270,30.756084
16271,17.265627
16272,30.696999
16273,49.51248
16274,59.768402
16275,64.370125
16276,80.0249
16277,33.516205
16278,79.678505
16279,48.92217
16280,79.78305
16281,48.785057
16282,82.39901
16283,64.78156
16284,35.689133
16285,31.731682
16286,36.29435
16287,56.77531
16288,36.711014
16289,72.06067
16290,37.09063
16291,38.24952
16292,37.61148
16293,23.611973
16294,38.553413
16295,52.545788
16296,28.278418
16297,79.01527
16298,29.4328
16299,39.48413
16300,29.329763
16301,16.04057
16302,31.805851
16303,46.240845
16304,56.097195
16305,60.858353
16306,76.416794
16307,36.05024
16308,77.68211
16309,46.99526
16310,73.09896
16311,47.596058
16312,79.36623
16313,65.789
16314,36.419594
16315,31.00681
16316,36.1388
16317,58.189014
16318,37.04418
16319,73.45169
16320,37.207405
16321,38.817303
16322,37.18406
16323,22.577778
16324,36.850945
16325,57.550766
16326,28.702951
16327,79.49581
16328,30.02186
16329,40.8929
16330,28.700014
16331,15.85107
16332,30.600235
16333,49.912273
16334,56.63743
16335,64.49148
16336,70.18524
16337,31.091887
16338,70.52547
16339,48.236588
16340,69.54394
16341,47.8585
16342,79.60994
16343,63.81832
16344,40.28192
16345,31.901213
16346,34.26656
16347,56.650017
16348,40.405144
16349,71.36656
16350,41.68674
16351,37.82699
16352,35.44984
16353,24.61383
16354,32.57775
16355,56.57704
16356,32.059944
16357,76.67067
16358,35.005627
16359,43.551064
16360,29.125952
16361,20.069155
16362,23.264156
16363,45.52194
16364,57.462563
16365,53.54893
16366,76.52983
16367,29.226295
16368,70.752335
16369,42.250584
16370,72.71065
16371,41.284275
16372,76.52635
16373,65.2258
16374,35.38731
16375,29.93709
16376,39.030487
16377,57.293194
16378,37.063576
16379,72.405426
16380,35.24633
16381,36.793755
16382,39.301945
16383,21.06855
16384,41.17144
16385,54.892715
16386,29.422844
16387,76.3004
16388,27.662685
16389,39.423782
16390,31.309975
16391,12.842869
16392,35.574448
16393,52.67666
16394,60.17987
16395,66.06966
16396,76.589096
16397,36.07227
16398,80.8669
16399,52.240047
16400,77.70658
16401,52.719433
16402,84.39819
16403,63.875134
16404,34.011673
16405,31.238163
16406,38.39596
16407,54.071568
16408,37.205017
16409,72.41914
16410,34.13262
16411,37.89846
16412,37.804413
16413,22.42682
16414,39.70846
16415,49.183834
16416,29.816875
16417,75.74104
16418,25.2075
16419,36.921227
16420,32.41056
16421,15.233494
16422,32.33691
16423,43.076756
16424,61.07129
16425,63.566467
16426,80.31437
16427,49.07432
16428,81.38285
16429,65.10028
16430,36.404377
16431,31.95681
16432,37.328526
16433,72.01178
16434,36.888603
16435,38.36154
16436,37.33451
16437,24.816397
16438,37.331184
16439,46.389004
16440,52.529926
16441,63.645775
16442,69.14075
16443,33.81154
16444,68.56156
16445,47.476143
16446,66.44031
16447,47.10716
16448,73.984215
16449,66.68521
16450,34.290848
16451,29.92602
16452,37.801926
16453,58.840603
16454,36.0523
16455,75.309006
16456,34.703358
16457,38.315006
16458,38.484097
16459,20.54615
16460,39.23451
16461,57.46203
16462,28.739944
16463,79.33562
16464,26.714426
16465,39.521763
16466,29.705765
16467,14.059517
16468,33.783295
16469,55.196236
16470,57.038918
16471,68.76132
16472,72.46066
16473,35.66745
16474,75.79468
16475,53.864796
16476,75.24572
16477,53.730984
16478,79.08371
16479,63.771896
16480,38.568214
16481,32.725136
16482,38.4149
16483,70.81573
16484,39.699635
16485,39.87404
16486,39.25937
16487,25.064968
16488,38.697365
16489,76.05151
16490,33.990276
16491,17.886879
16492,33.515793
16493,52.218323
16494,54.71567
16495,63.752983
16496,72.42381
16497,32.914825
16498,70.87544
16499,48.946907
16500,68.487564
16501,48.87739
16502,75.837746
16503,65.53344
16504,37.430927
16505,30.417612
16506,38.682396
16507,57.664024
16508,38.32623
16509,74.56578
16510,38.481247
16511,37.78415
16512,39.34855
16513,21.362309
16514,39.968216
16515,57.384644
16516,29.942932
16517,78.31717
16518,28.839348
16519,40.953365
16520,29.593386
16521,13.04245
16522,31.449299
16523,55.1216
16524,58.693478
16525,64.44785
16526,80.19472
16527,34.416214
16528,82.006065
16529,51.53256
16530,78.48738
16531,51.52946
16532,85.10563
16533,67.55017
16534,37.451973
16535,29.38664
16536,37.17272
16537,59.570282
16538,37.444847
16539,74.081894
16540,38.183327
16541,36.69284
16542,37.93321
16543,21.651106
16544,38.3912
16545,57.587154
16546,27.65853
16547,80.10597
16548,30.241581
16549,38.19205
16550,27.174498
16551,14.479774
16552,30.924698
16553,49.564537
16554,56.53025
16555,63.480312
16556,78.53667
16557,33.199783
16558,78.98967
16559,48.057457
16560,74.11827
16561,48.5979
16562,85.07361
16563,66.791214
16564,36.551247
16565,30.295574
16566,37.828648
16567,59.28826
16568,38.226784
16569,74.06258
16570,37.726612
16571,38.391403
16572,38.956173
16573,22.286173
16574,39.184437
16575,58.986156
16576,28.565395
16577,78.522766
16578,29.400234
16579,39.42399
16580,29.370855
16581,16.791235
16582,32.65419
16583,52.843857
16584,53.687794
16585,65.951584
16586,71.846695
16587,33.143158
16588,73.23411
16589,50.007805
16590,71.02251
16591,50.121376
16592,77.578804
16593,67.1752
16594,37.343674
16595,30.025902
16596,37.077114
16597,58.27339
16598,38.355858
16599,75.9349
16600,38.405136
16601,39.372597
16602,38.234207
16603,20.088516
16604,36.661816
16605,57.533157
16606,30.357788
16607,81.88252
16608,31.19151
16609,42.030785
16610,30.595932
16611,14.539818
16612,30.310871
16613,50.10636
16614,59.736485
16615,65.249725
16616,73.482574
16617,28.097052
16618,72.98442
16619,47.220814
16620,75.71683
16621,47.09308
16622,77.56486
16623,65.73867
16624,34.97228
16625,30.77198
16626,38.751106
16627,57.46279
16628,36.742134
16629,38.161118
16630,39.42874
16631,21.845152
16632,40.32818
16633,54.860947
16634,29.186077
16635,39.222214
16636,31.967964
16637,14.690254
16638,35.506
16639,50.787956
16640,60.224827
16641,68.666405
16642,71.45157
16643,33.716797
16644,74.83803
16645,51.211407
16646,74.74918
16647,51.574726
16648,80.17763
16649,69.36643
16650,38.7008
16651,29.169228
16652,36.29857
16653,60.960655
16654,38.66278
16655,76.45108
16656,39.624584
16657,37.021553
16658,37.542065
16659,20.760143
16660,36.357048
16661,59.256653
16662,30.304764
16663,82.55716
16664,31.151922
16665,38.413765
16666,29.253155
16667,14.353699
16668,28.008297
16669,48.272083
16670,60.97975
16671,64.03558
16672,80.10428
16673,29.86153
16674,78.79097
16675,46.320747
16676,77.76517
16677,46.72828
16678,87.592316
16679,64.33628
16680,35.875015
16681,32.01539
16682,41.07783
16683,56.509193
16684,36.93055
16685,70.96526
16686,35.508152
16687,38.464737
16688,39.83704
16689,24.141945
16690,42.88628
16691,51.60528
16692,27.963015
16693,74.99717
16694,27.907604
16695,38.853535
16696,31.00545
16697,16.542732
16698,36.888634
16699,48.26634
16700,54.798695
16701,67.41922
16702,73.219055
16703,37.29787
16704,76.67473
16705,51.144733
16706,72.28032
16707,52.139935
16708,78.11388
16709,66.02462
16710,36.176804
16711,30.029736
16712,39.149414
16713,58.572586
16714,37.223846
16715,72.41499
16716,37.38862
16717,37.030296
16718,39.209053
16719,22.037846
16720,42.351845
16721,55.812195
16722,28.28426
16723,77.64809
16724,29.017889
16725,38.494476
16726,30.085865
16727,13.712845
16728,36.15902
16729,51.97876
16730,53.78618
16731,65.58068
16732,76.47415
16733,37.8666
16734,79.98265
16735,51.585808
16736,70.91849
16737,52.24601
16738,84.87335
16739,65.4262
16740,33.962196
16741,31.554508
16742,37.099335
16743,55.90112
16744,35.817825
16745,74.20666
16746,34.40747
16747,38.844364
16748,37.544884
16749,22.624935
16750,38.50244
16751,50.71372
16752,25.881517
16753,80.08763
16754,25.301529
16755,37.16165
16756,28.993284
16757,16.372505
16758,30.283329
16759,40.584206
16760,55.033115
16761,65.617
16762,72.044205
16763,34.93309
16764,73.575935
16765,46.832687
16766,71.96067
16767,48.311043
16768,75.31127
16769,68.00122
16770,35.75946
16771,28.431528
16772,37.57204
16773,59.214252
16774,37.216293
16775,75.28165
16776,36.613132
16777,36.50241
16778,37.80941
16779,19.842403
16780,39.53822
16781,56.219826
16782,27.271431
16783,81.40428
16784,27.463825
16785,37.316204
16786,28.65568
16787,11.779877
16788,31.74169
16789,48.23201
16790,59.00747
16791,64.88669
16792,78.37634
16793,34.076435
16794,79.965004
16795,48.953003
16796,76.699104
16797,49.509106
16798,84.57451
16799,67.90528
16800,36.04489
16801,30.574387
16802,37.18592
16803,57.514023
16804,37.36488
16805,76.09581
16806,37.59893
16807,38.182842
16808,38.247738
16809,20.93419
16810,39.09697
16811,53.927776
16812,28.560476
16813,81.39848
16814,28.787266
16815,39.217484
16816,30.020866
16817,12.539574
16818,31.564701
16819,48.343018
16820,63.16574
16821,63.86901
16822,87.47477
16823,37.094666
16824,88.92614
16825,49.284393
16826,85.718735
16827,49.263123
16828,91.02973
16829,66.301895
16830,35.560986
16831,29.25076
16832,39.07137
16833,58.94938
16834,37.08257
16835,73.56389
16836,35.23268
16837,36.89881
16838,38.898792
16839,20.831116
16840,39.983047
16841,55.70518
16842,28.995497
16843,78.57454
16844,26.25077
16845,39.58619
16846,30.586155
16847,14.046482
16848,34.039566
16849,50.578255
16850,57.437366
16851,67.39084
16852,73.34309
16853,34.370464
16854,76.522316
16855,50.574684
16856,73.018555
16857,50.2756
16858,81.82086
16859,67.94206
16860,39.591656
16861,31.660088
16862,35.11793
16863,59.00304
16864,38.926315
16865,76.14426
16866,41.787796
16867,38.04859
16868,37.432
16869,24.081982
16870,35.15624
16871,54.883255
16872,28.905907
16873,83.94321
16874,34.109028
16875,38.782017
16876,28.439518
16877,18.37441
16878,25.294115
16879,39.343365
16880,55.050232
16881,58.337532
16882,81.93239
16883,31.300053
16884,78.31622
16885,41.854107
16886,75.16353
16887,41.59518
16888,83.97937
16889,67.903145
16890,37.5836
16891,30.880726
16892,35.95256
16893,60.634365
16894,38.125946
16895,75.68377
16896,39.22326
16897,38.31816
16898,38.117188
16899,23.162905
16900,36.797836
16901,58.817028
16902,27.856934
16903,81.82962
16904,30.148348
16905,40.954544
16906,26.770645
16907,16.168047
16908,28.556652
16909,51.80738
16910,57.80629
16911,64.48301
16912,78.66048
16913,31.860142
16914,78.420006
16915,48.503296
16916,75.95028
16917,47.707077
16918,85.27443
16919,66.77652
16920,37.15516
16921,31.568874
16922,38.29175
16923,58.704296
16924,38.34641
16925,74.261475
16926,37.632484
16927,38.99126
16928,38.997173
16929,22.457365
16930,39.522358
16931,55.65908
16932,29.043762
16933,78.64058
16934,30.104088
16935,40.91337
16936,29.827124
16937,16.714535
16938,33.65788
16939,49.468304
16940,59.388508
16941,66.71005
16942,72.19845
16943,31.73057
16944,73.87409
16945,49.00459
16946,74.50929
16947,48.804657
16948,79.48628
16949,66.48435
16950,37.99197
16951,31.572073
16952,35.132866
16953,58.969933
16954,38.210365
16955,73.99971
16956,39.68633
16957,40.41492
16958,37.41552
16959,22.628872
16960,35.70192
16961,60.6931
16962,30.550415
16963,80.10062
16964,33.9653
16965,43.968708
16966,29.779697
16967,18.065483
16968,30.413458
16969,52.48367
16970,55.133347
16971,63.4271
16972,68.99181
16973,28.61213
16974,67.39525
16975,47.682056
16976,68.06454
16977,46.97487
16978,74.5844
16979,67.35547
16980,35.41516
16981,31.850876
16982,37.814053
16983,58.89153
16984,36.99714
16985,74.773994
16986,35.59116
16987,40.065018
16988,39.6249
16989,22.234154
16990,39.983208
16991,58.11812
16992,28.627169
16993,79.06422
16994,28.85268
16995,41.17462
16996,30.622662
16997,15.937813
16998,34.94335
16999,54.602116
17000,59.882523
17001,70.48658
17002,68.17475
17003,30.953241
17004,71.64131
17005,51.913086
17006,73.30771
17007,52.31904
17008,77.58126
17009,67.4154
17010,34.998016
17011,29.009026
17012,33.798317
17013,59.48311
17014,35.934765
17015,75.19147
17016,35.80288
17017,36.81896
17018,34.752728
17019,21.047379
17020,34.396645
17021,58.02482
17022,26.979193
17023,81.11607
17024,27.523788
17025,39.227997
17026,26.290974
17027,13.546478
17028,25.77473
17029,49.87403
17030,56.70749
17031,61.675903
17032,76.38402
17033,47.016582
17034,73.27245
17035,47.150383
17036,82.606766
17037,66.03175
17038,35.9945
17039,30.492756
17040,35.867104
17041,58.324154
17042,37.29724
17043,74.04971
17044,37.026802
17045,38.371918
17046,36.870174
17047,21.461271
17048,36.868015
17049,56.734795
17050,27.103863
17051,78.68584
17052,27.963722
17053,41.774193
17054,26.904438
17055,15.378471
17056,28.694921
17057,50.78512
17058,55.196037
17059,63.58226
17060,74.072655
17061,30.892212
17062,74.222565
17063,48.009624
17064,71.64743
17065,47.75097
17066,79.99936
17067,65.62098
17068,39.142475
17069,32.26069
17070,35.395638
17071,57.954918
17072,39.598846
17073,73.97804
17074,41.864746
17075,39.27452
17076,37.933804
17077,24.38401
17078,35.928032
17079,56.77671
17080,30.10024
17081,79.73525
17082,34.323547
17083,43.032257
17084,28.360577
17085,17.47499
17086,27.744574
17087,49.36523
17088,57.57067
17089,58.701454
17090,80.21058
17091,30.406542
17092,77.911095
17093,44.869064
17094,76.05989
17095,43.84874
17096,83.47313
17097,55.447754
17098,30.540369
17099,80.599594
17100,33.34639
17101,39.906204
17102,30.96633
17103,14.105171
17104,32.072132
17105,47.226665
17106,60.95784
17107,60.743652
17108,82.86275
17109,34.46644
17110,82.454575
17111,47.173306
17112,77.52255
17113,46.65712
17114,90.141785
17115,67.40065
17116,35.185097
17117,30.837244
17118,37.941666
17119,57.55223
17120,37.024315
17121,75.09776
17122,36.05842
17123,39.000587
17124,39.36062
17125,53.53106
17126,29.256664
17127,82.606
17128,27.506138
17129,37.36625
17130,31.752674
17131,14.86396
17132,33.545013
17133,45.13202
17134,59.552742
17135,66.659676
17136,76.39071
17137,36.536194
17138,78.44507
17139,48.523224
17140,75.82121
17141,49.224045
17142,81.51846
17143,66.58668
17144,34.080566
17145,30.261328
17146,37.91365
17147,57.265793
17148,35.353874
17149,74.644165
17150,33.625446
17151,38.067665
17152,38.49307
17153,20.998932
17154,39.57117
17155,53.884808
17156,27.717665
17157,81.001785
17158,25.740799
17159,37.930786
17160,30.78323
17161,12.046959
17162,33.008415
17163,47.759586
17164,62.048264
17165,69.36508
17166,72.83328
17167,34.229347
17168,76.01124
17169,50.38048
17170,74.06974
17171,51.477726
17172,83.99753
17173,66.36446
17174,37.602978
17175,31.442942
17176,36.23726
17177,57.306633
17178,38.469635
17179,73.72566
17180,37.961727
17181,38.80755
17182,37.354713
17183,22.63714
17184,35.8835
17185,55.43714
17186,30.54906
17187,79.78751
17188,31.522585
17189,40.711143
17190,31.515388
17191,16.027422
17192,29.694609
17193,45.166843
17194,61.72164
17195,65.9114
17196,70.47448
17197,26.471615
17198,68.342026
17199,45.083942
17200,70.78413
17201,45.439095
17202,79.68527
17203,66.698746
17204,36.803696
17205,29.937908
17206,36.78663
17207,59.19343
17208,37.9639
17209,75.13945
17210,37.702187
17211,37.692932
17212,37.781246
17213,21.608482
17214,38.35073
17215,57.789936
17216,27.106441
17217,82.278824
17218,29.301449
17219,39.11491
17220,27.404203
17221,14.299515
17222,30.151554
17223,47.489635
17224,54.610535
17225,66.18883
17226,70.924164
17227,29.590103
17228,71.15974
17229,47.065823
17230,66.553764
17231,47.05824
17232,81.58682
17233,70.77777
17234,42.92059
17235,31.866858
17236,33.967342
17237,60.387856
17238,41.170364
17239,78.3584
17240,46.166428
17241,39.775566
17242,37.002598
17243,22.78144
17244,33.643394
17245,59.448833
17246,31.388617
17247,87.95245
17248,39.574177
17249,43.04989
17250,28.120453
17251,16.659634
17252,23.549622
17253,43.98767
17254,61.29261
17255,58.91495
17256,86.35741
17257,24.874655
17258,80.0355
17259,40.431164
17260,78.21898
17261,39.351425
17262,90.834206
17263,64.740944
17264,34.7389
17265,30.872082
17266,37.40059
17267,57.067505
17268,36.654953
17269,72.48572
17270,34.71964
17271,37.79674
17272,38.03559
17273,22.919392
17274,37.81786
17275,54.438343
17276,28.190077
17277,76.91541
17278,25.363152
17279,39.561626
17280,28.822285
17281,16.174454
17282,30.436878
17283,48.160416
17284,58.245163
17285,62.9299
17286,75.06802
17287,35.905582
17288,77.63103
17289,48.58246
17290,74.27785
17291,47.44109
17292,80.991
17293,66.31627
17294,39.563206
17295,32.079964
17296,36.003235
17297,57.341537
17298,39.474846
17299,73.73793
17300,41.049168
17301,39.51248
17302,36.600075
17303,23.018879
17304,34.91056
17305,56.41494
17306,32.049965
17307,80.14822
17308,34.664818
17309,41.746952
17310,30.574427
17311,18.667221
17312,26.935642
17313,45.096703
17314,57.34239
17315,58.258163
17316,76.413864
17317,30.986917
17318,71.81309
17319,44.009457
17320,73.1181
17321,44.459812
17322,74.32405
17323,67.26709
17324,36.146427
17325,29.53694
17326,37.244526
17327,58.397614
17328,37.539505
17329,75.59349
17330,36.72643
17331,37.66312
17332,38.19512
17333,19.987284
17334,37.662125
17335,55.664886
17336,30.852594
17337,81.52394
17338,29.595503
17339,38.982327
17340,31.776405
17341,12.489502
17342,31.508953
17343,49.88387
17344,62.118305
17345,66.08834
17346,75.58415
17347,32.17404
17348,76.49179
17349,49.413357
17350,77.88005
17351,49.70172
17352,83.24584
17353,67.389534
17354,39.537033
17355,30.623322
17356,35.861393
17357,58.26389
17358,39.89727
17359,76.058
17360,41.790497
17361,38.65989
17362,37.99867
17363,21.321331
17364,34.842976
17365,56.743546
17366,33.555984
17367,83.707825
17368,34.934097
17369,41.385937
17370,32.22821
17371,14.399483
17372,27.295635
17373,46.866943
17374,63.073425
17375,60.383144
17376,79.903725
17377,28.221493
17378,76.23123
17379,44.45698
17380,78.22633
17381,44.270454
17382,84.208015
17383,67.01196
17384,36.85122
17385,28.909649
17386,36.412354
17387,58.03871
17388,37.34851
17389,75.0806
17390,37.860405
17391,36.661026
17392,37.60299
17393,19.900835
17394,37.199387
17395,56.177975
17396,28.959864
17397,81.24295
17398,30.710613
17399,38.398064
17400,29.59396
17401,13.986145
17402,29.55262
17403,46.7404
17404,56.915764
17405,62.361317
17406,78.9046
17407,30.410585
17408,78.73947
17409,45.79982
17410,76.17949
17411,45.39194
17412,83.67386
17413,66.3387
17414,38.475624
17415,30.751844
17416,36.411312
17417,58.377293
17418,39.682434
17419,74.24818
17420,40.432568
17421,39.155758
17422,38.63416
17423,22.36478
17424,35.69403
17425,58.02361
17426,34.15567
17427,81.106026
17428,33.26364
17429,41.62837
17430,33.235497
17431,14.846706
17432,29.77427
17433,50.37304
17434,62.40479
17435,62.163757
17436,76.49944
17437,30.069624
17438,74.75758
17439,46.935745
17440,75.88373
17441,46.545483
17442,82.71353
17443,65.344376
17444,37.278
17445,30.387508
17446,37.017616
17447,56.763077
17448,39.215225
17449,73.725525
17450,38.774445
17451,38.715332
17452,38.963356
17453,21.60522
17454,36.219265
17455,55.82557
17456,34.4003
17457,79.16841
17458,31.752512
17459,41.32742
17460,34.171844
17461,14.504993
17462,30.667059
17463,49.702568
17464,64.29539
17465,62.729847
17466,76.37996
17467,30.640984
17468,76.39044
17469,47.275646
17470,79.48024
17471,47.054924
17472,81.72371
17473,65.24265
17474,33.220287
17475,31.68707
17476,35.409576
17477,58.084114
17478,35.121185
17479,71.53757
17480,33.49536
17481,38.587368
17482,36.064823
17483,23.197784
17484,36.582542
17485,56.86604
17486,26.928905
17487,74.63335
17488,25.923313
17489,41.134968
17490,27.796629
17491,17.398678
17492,31.392866
17493,52.566048
17494,53.16025
17495,65.65541
17496,66.39325
17497,34.688553
17498,69.49698
17499,51.050243
17500,67.71191
17501,50.94638
17502,75.46721
17503,65.76545
17504,40.521328
17505,31.461065
17506,38.582176
17507,57.36719
17508,40.89191
17509,74.0486
17510,42.19837
17511,38.82427
17512,39.85575
17513,22.769955
17514,39.04951
17515,55.855553
17516,32.85826
17517,80.18686
17518,35.108063
17519,41.024696
17520,32.659645
17521,16.417461
17522,32.249184
17523,46.96215
17524,58.670784
17525,62.53787
17526,78.7025
17527,30.444477
17528,76.712715
17529,45.98542
17530,75.77422
17531,45.934425
17532,82.0717
17533,67.604965
17534,39.50518
17535,30.625538
17536,35.856472
17537,58.324203
17538,39.668076
17539,76.28987
17540,41.6514
17541,38.736137
17542,38.11336
17543,21.406567
17544,35.067585
17545,56.79653
17546,33.038982
17547,83.86308
17548,35.000965
17549,41.34784
17550,31.963919
17551,14.430321
17552,27.630344
17553,46.919563
17554,62.482483
17555,60.914825
17556,80.27826
17557,28.495344
17558,77.05126
17559,44.605076
17560,78.1938
17561,44.44771
17562,85.29431
17563,71.175606
17564,36.93233
17565,28.158447
17566,37.81721
17567,60.887337
17568,37.397346
17569,80.33176
17570,38.329918
17571,38.03314
17572,39.063465
17573,17.579687
17574,39.39038
17575,60.28982
17576,26.876242
17577,85.89372
17578,29.31166
17579,38.895416
17580,27.879402
17581,10.751152
17582,31.760674
17583,52.781605
17584,58.329674
17585,68.76506
17586,82.621635
17587,31.214134
17588,84.02623
17589,50.65035
17590,81.03383
17591,50.339912
17592,89.47636
17593,66.46629
17594,35.913055
17595,31.623615
17596,36.693954
17597,47.957203
17598,55.792473
17599,48.061398
17600,79.16193
17601,66.40925
17602,37.127243
17603,30.828384
17604,39.057476
17605,45.654182
17606,58.102783
17607,48.26632
17608,82.51395
17609,65.24103
17610,41.38457
17611,32.07218
17612,36.15472
17613,48.21529
17614,60.42427
17615,42.41723
17616,78.77768
17617,66.57126
17618,33.49113
17619,30.32268
17620,34.842873
17621,48.1853
17622,52.516273
17623,48.623848
17624,78.35449
17625,65.067986
17626,36.47509
17627,32.625496
17628,39.11404
17629,47.3324
17630,55.508656
17631,49.376026
17632,76.16255
17633,63.847527
17634,37.236427
17635,33.064243
17636,39.340607
17637,48.2454
17638,57.214294
17639,49.632957
17640,74.279366
17641,66.84668
17642,38.061802
17643,29.913841
17644,35.140793
17645,47.11616
17646,58.58354
17647,45.164135
17648,86.23671
17649,65.53798
17650,35.80135
17651,32.241493
17652,37.04651
17653,49.487724
17654,58.362022
17655,49.54465
17656,77.76694
17657,66.66054
17658,36.78697
17659,29.683722
17660,36.862732
17661,49.003506
17662,57.766674
17663,47.71359
17664,79.35036
17665,65.14408
17666,35.127975
17667,30.90258
17668,34.85534
17669,50.502388
17670,53.609737
17671,48.224655
17672,78.35536
17673,68.08516
17674,36.149376
17675,30.462936
17676,34.301605
17677,42.89837
17678,58.930817
17679,44.311615
17680,80.04177
17681,64.14595
17682,37.25449
17683,32.312935
17684,36.616863
17685,47.319912
17686,58.459763
17687,47.029778
17688,82.11899
17689,66.03165
17690,37.283333
17691,30.972124
17692,37.197754
17693,49.791084
17694,54.317917
17695,47.95696
17696,83.3719
17697,65.82383
17698,37.22464
17699,32.73913
17700,37.40985
17701,43.05883
17702,54.35983
17703,46.46174
17704,77.94211
17705,67.32526
17706,36.42955
17707,30.459967
17708,36.280815
17709,46.96102
17710,54.55827
17711,47.299248
17712,78.72804
17713,63.443047
17714,32.897068
17715,32.02478
17716,39.965034
17717,53.57759
17718,53.003403
17719,56.095345
17720,74.42346
17721,66.93735
17722,35.36091
17723,28.856447
17724,41.419804
17725,50.396065
17726,60.86864
17727,54.217285
17728,84.77295
17729,64.715904
17730,37.79592
17731,31.759829
17732,38.102585
17733,49.233612
17734,53.045197
17735,49.43914
17736,77.65175
17737,66.346954
17738,36.08171
17739,30.997755
17740,37.43689
17741,45.868362
17742,54.016907
17743,48.4679
17744,78.92089
17745,68.94902
17746,37.799294
17747,30.00328
17748,39.665565
17749,48.29057
17750,56.382996
17751,50.16119
17752,82.27928
17753,66.82562
17754,39.445435
17755,31.655964
17756,35.956215
17757,55.13883
17758,62.45571
17759,47.972298
17760,83.365555
17761,67.65309
17762,34.461533
17763,29.525982
17764,37.095444
17765,49.03299
17766,58.024918
17767,50.20425
17768,82.37555
17769,66.58535
17770,37.39141
17771,31.644585
17772,36.449665
17773,46.019764
17774,54.404278
17775,45.63312
17776,81.23934
17777,67.4476
17778,37.22685
17779,30.02219
17780,38.72563
17781,48.939472
17782,56.076088
17783,49.17974
17784,82.306694
17785,67.23386
17786,36.553497
17787,30.671015
17788,35.68239
17789,46.892178
17790,55.97218
17791,47.113525
17792,81.1425
17793,64.503105
17794,35.506958
17795,31.006594
17796,36.166878
17797,44.244637
17798,53.34968
17799,46.659004
17800,78.32727
17801,66.56055
17802,35.149868
17803,29.367409
17804,39.99965
17805,47.035683
17806,59.163315
17807,51.474827
17808,84.301094
17809,66.71536
17810,36.92576
17811,29.51604
17812,38.09613
17813,52.39186
17814,55.561367
17815,49.79081
17816,85.29439
17817,66.70696
17818,36.03936
17819,31.715027
17820,33.924515
17821,45.788746
17822,57.676598
17823,45.668217
17824,81.94257
17825,66.55802
17826,35.661564
17827,30.005123
17828,37.581627
17829,49.603226
17830,53.104633
17831,50.242695
17832,81.578186
17833,67.7081
17834,37.97473
17835,30.640726
17836,35.789455
17837,45.933468
17838,55.98054
17839,44.608986
17840,83.47998
17841,65.67265
17842,36.509468
17843,30.30553
17844,35.992393
17845,49.425655
17846,54.167015
17847,48.28589
17848,81.87573
17849,66.955574
17850,39.92122
17851,30.620232
17852,39.56427
17853,45.462868
17854,58.56435
17855,47.103825
17856,86.334885
17857,65.798195
17858,37.002934
17859,31.788189
17860,36.044098
17861,47.616302
17862,54.335648
17863,46.3827
17864,79.2307
17865,63.485023
17866,32.64976
17867,32.16354
17868,39.53639
17869,56.326458
17870,56.83058
17871,57.523254
17872,75.40189
17873,65.067566
17874,35.588245
17875,31.360205
17876,37.9953
17877,51.742264
17878,55.590855
17879,51.62511
17880,78.67586
17881,65.317635
17882,38.907814
17883,31.423218
17884,38.263588
17885,45.285667
17886,58.04879
17887,46.79867
17888,80.70379
17889,68.22201
17890,39.894806
17891,31.5575
17892,38.4054
17893,50.58066
17894,57.546402
17895,47.574013
17896,80.18785
17897,66.27401
17898,36.15105
17899,30.331795
17900,37.28417
17901,46.684517
17902,60.90277
17903,48.26682
17904,86.226456
17905,63.87605
17906,34.639977
17907,32.050537
17908,42.362865
17909,47.481705
17910,55.736496
17911,54.823387
17912,79.92461
17913,67.68725
17914,35.923466
17915,29.362064
17916,35.321175
17917,45.732834
17918,58.500072
17919,45.967445
17920,85.14851
17921,65.08586
17922,35.432106
17923,32.824005
17924,40.477455
17925,48.575195
17926,54.89415
17927,53.31811
17928,77.16468
17929,65.794426
17930,36.258392
17931,31.826366
17932,35.96543
17933,49.380623
17934,53.773262
17935,47.67924
17936,75.80005
17937,67.384964
17938,35.47194
17939,30.60456
17940,36.878105
17941,51.556442
17942,59.683002
17943,50.30403
17944,84.5814
17945,65.81291
17946,35.01586
17947,29.288507
17948,37.686764
17949,42.078568
17950,57.39844
17951,46.809364
17952,83.7549
17953,63.950783
17954,36.488976
17955,31.462124
17956,38.99138
17957,47.69455
17958,56.247925
17959,49.449215
17960,75.51135
17961,67.30857
17962,37.18991
17963,31.030842
17964,37.943962
17965,47.603523
17966,54.7614
17967,48.720753
17968,79.33853
17969,66.267815
17970,38.453995
17971,30.879314
17972,37.164604
17973,45.309525
17974,55.787605
17975,45.90243
17976,82.51468
17977,66.86435
17978,39.19579
17979,31.464096
17980,39.009483
17981,49.044334
17982,56.621445
17983,48.427982
17984,81.130035
17985,66.12367
17986,34.884636
17987,31.476728
17988,38.429157
17989,51.363678
17990,61.026764
17991,52.72247
17992,82.54281
17993,65.92313
17994,38.693413
17995,31.423168
17996,39.28706
17997,55.59213
17998,62.399357
17999,50.79288
18000,84.04026
18001,67.72453
18002,36.19778
18003,29.61856
18004,37.80175
18005,47.407833
18006,65.227425
18007,49.17306
18008,87.862236
18009,67.40711
18010,36.810955
18011,29.152872
18012,33.3105
18013,48.761654
18014,55.973953
18015,43.85855
18016,81.337616
18017,66.50903
18018,33.89383
18019,30.467842
18020,34.769783
18021,48.989674
18022,54.993874
18023,48.847164
18024,77.01882
18025,64.66046
18026,36.34464
18027,33.145325
18028,38.57061
18029,49.675545
18030,53.764294
18031,50.375923
18032,78.62435
18033,65.11353
18034,33.734375
18035,30.973257
18036,38.83699
18037,53.424698
18038,50.66521
18039,53.46117
18040,74.00902
18041,67.90242
18042,42.324993
18043,32.18242
18044,37.119698
18045,48.58498
18046,64.086044
18047,44.712315
18048,85.7941
18049,67.261314
18050,34.763847
18051,28.870083
18052,34.0056
18053,46.02062
18054,55.072025
18055,46.400436
18056,84.13279
18057,68.63566
18058,36.6155
18059,31.968977
18060,36.767788
18061,43.857216
18062,61.487736
18063,48.28252
18064,82.48477
18065,66.623924
18066,37.38102
18067,31.45441
18068,37.408943
18069,51.361652
18070,55.587254
18071,48.85895
18072,78.995804
18073,66.83149
18074,36.80094
18075,30.787285
18076,36.062675
18077,49.366722
18078,56.37607
18079,47.117413
18080,81.42943
18081,65.89107
18082,39.09578
18083,32.12394
18084,39.26052
18085,47.033646
18086,55.715614
18087,47.87791
18088,81.478645
18089,65.583664
18090,35.868633
18091,31.55006
18092,35.213005
18093,47.103363
18094,56.226303
18095,46.391445
18096,78.80786
18097,65.73679
18098,33.65629
18099,30.588953
18100,38.618607
18101,54.377968
18102,57.13694
18103,54.2601
18104,80.73009
18105,68.69884
18106,35.314583
18107,28.93821
18108,37.338993
18109,48.69459
18110,56.643917
18111,49.864742
18112,86.753815
18113,64.65362
18114,37.01374
18115,31.024612
18116,37.083584
18117,50.133717
18118,60.3638
18119,48.366314
18120,81.38951
18121,68.21114
18122,37.794655
18123,29.583965
18124,36.16054
18125,49.015633
18126,61.609917
18127,46.362167
18128,82.56114
18129,66.95184
18130,35.961647
18131,31.140224
18132,36.425392
18133,47.606384
18134,55.160408
18135,47.649715
18136,80.873505
18137,64.79448
18138,32.685776
18139,31.047514
18140,34.411438
18141,53.244007
18142,52.35122
18143,51.200653
18144,75.30969
18145,67.19588
18146,37.37562
18147,29.770285
18148,35.723946
18149,46.699554
18150,52.787136
18151,46.113377
18152,82.41362
18153,64.763954
18154,42.511883
18155,30.880604
18156,43.498013
18157,52.383293
18158,58.069042
18159,51.97418
18160,85.338295
18161,67.961136
18162,35.043495
18163,31.1438
18164,33.926918
18165,43.246784
18166,58.094597
18167,44.985344
18168,81.49902
18169,65.478455
18170,34.033737
18171,29.29529
18172,34.72207
18173,49.30199
18174,52.107094
18175,48.179176
18176,79.30919
18177,64.50988
18178,36.69718
18179,32.74716
18180,38.698853
18181,54.024094
18182,54.51622
18183,51.891613
18184,78.68819
18185,65.22911
18186,37.319695
18187,30.41561
18188,37.1672
18189,49.0167
18190,55.317112
18191,48.12837
18192,81.15121
18193,64.770706
18194,37.12538
18195,31.301514
18196,39.20876
18197,53.982895
18198,57.40647
18199,51.354958
18200,80.109695
18201,66.50786
18202,35.94357
18203,30.164923
18204,36.227516
18205,52.67935
18206,59.036617
18207,49.48301
18208,82.00507
18209,67.55627
18210,36.324085
18211,29.220089
18212,38.992504
18213,49.050697
18214,58.095062
18215,49.67543
18216,84.011734
18217,64.29799
18218,34.306248
18219,31.044127
18220,41.3568
18221,49.740913
18222,56.3885
18223,54.601967
18224,78.52584
18225,66.37999
18226,37.54093
18227,31.50417
18228,37.075176
18229,49.869694
18230,56.670174
18231,47.80453
18232,82.3976
18233,64.66887
18234,37.43716
18235,30.679932
18236,34.14808
18237,53.405308
18238,59.167496
18239,44.7789
18240,78.535
18241,64.11812
18242,35.119102
18243,33.12303
18244,36.113552
18245,47.77406
18246,49.645016
18247,47.33651
18248,72.44173
18249,71.05911
18250,34.67096
18251,27.077803
18252,34.772682
18253,47.97071
18254,48.80163
18255,47.607796
18256,83.056244
18257,67.96422
18258,37.375267
18259,31.179462
18260,36.77057
18261,46.556496
18262,56.373695
18263,47.00676
18264,83.279945
18265,67.66266
18266,35.447094
18267,31.129072
18268,34.6869
18269,54.99849
18270,54.842678
18271,49.88036
18272,81.56546
18273,67.3738
18274,38.44694
18275,28.534412
18276,36.224564
18277,47.87722
18278,54.63498
18279,45.140644
18280,83.616425
18281,61.034378
18282,39.229073
18283,35.742455
18284,38.714626
18285,52.867863
18286,54.141384
18287,50.67128
18288,75.08685
18289,66.327225
18290,41.302387
18291,32.187096
18292,33.736675
18293,42.380188
18294,58.37053
18295,38.000793
18296,80.46338
18297,68.41201
18298,41.06761
18299,32.05487
18300,34.41712
18301,42.135807
18302,56.768105
18303,41.236412
18304,81.78197
18305,66.80473
18306,33.292046
18307,29.919407
18308,35.007027
18309,48.597702
18310,53.616123
18311,49.91324
18312,83.601395
18313,63.522675
18314,33.82771
18315,32.43047
18316,42.383614
18317,54.550064
18318,54.48681
18319,58.09884
18320,73.49237
18321,65.45798
18322,37.50609
18323,31.466396
18324,37.008484
18325,43.788246
18326,57.84633
18327,45.47028
18328,82.085754
18329,66.801865
18330,36.712887
18331,32.154255
18332,36.911568
18333,49.202774
18334,52.92422
18335,47.67849
18336,75.35266
18337,64.66727
18338,38.148735
18339,31.30453
18340,37.46263
18341,46.915527
18342,56.81471
18343,46.217915
18344,80.201096
18345,66.06361
18346,38.570763
18347,30.82598
18348,35.375175
18349,48.982956
18350,57.885143
18351,44.07136
18352,84.500694
18353,65.822205
18354,37.27932
18355,30.439167
18356,39.40072
18357,49.192112
18358,56.72972
18359,49.98895
18360,80.2933
18361,66.622025
18362,38.238895
18363,32.903957
18364,37.84037
18365,50.030746
18366,56.225357
18367,48.77401
18368,83.410706
18369,65.39464
18370,36.609093
18371,30.816568
18372,37.708923
18373,47.81249
18374,57.16115
18375,47.027023
18376,80.05228
18377,63.739246
18378,40.85987
18379,32.499657
18380,38.32647
18381,50.656033
18382,58.653114
18383,46.925037
18384,78.24083
18385,65.35573
18386,35.892662
18387,32.068832
18388,34.986748
18389,46.8676
18390,57.9752
18391,45.58766
18392,78.24658
18393,66.11786
18394,37.684875
18395,30.56935
18396,37.051495
18397,49.177372
18398,51.222187
18399,47.28351
18400,79.96046
18401,63.693634
18402,35.574078
18403,32.13056
18404,36.06703
18405,42.616096
18406,55.646885
18407,45.039932
18408,78.27842
18409,65.99921
18410,34.661137
18411,29.733744
18412,35.735096
18413,43.70209
18414,57.703842
18415,45.564606
18416,78.55453
18417,64.681656
18418,36.562172
18419,31.382202
18420,36.98522
18421,49.70813
18422,55.321327
18423,46.87848
18424,77.09874
18425,69.21644
18426,38.90676
18427,30.873625
18428,33.873287
18429,46.6166
18430,56.557083
18431,43.249146
18432,81.992516
18433,67.10892
18434,36.0663
18435,29.988081
18436,36.23304
18437,47.995785
18438,55.11902
18439,47.864952
18440,83.22186
18441,65.64111
18442,34.149963
18443,32.057976
18444,38.08631
18445,49.794018
18446,56.442795
18447,53.210545
18448,79.30817
18449,65.854355
18450,32.091736
18451,29.23847
18452,37.588135
18453,48.436565
18454,59.052673
18455,52.415863
18456,83.41057
18457,66.337906
18458,36.68724
18459,33.577835
18460,34.172623
18461,51.730362
18462,60.84657
18463,47.23833
18464,77.932556
18465,65.0752
18466,38.889595
18467,31.748756
18468,36.722137
18469,52.27301
18470,57.23048
18471,47.59748
18472,79.216064
18473,65.08382
18474,35.494965
18475,32.088882
18476,38.52304
18477,48.24759
18478,61.95626
18479,51.315445
18480,80.82123
18481,66.41615
18482,39.138775
18483,31.871159
18484,37.354946
18485,47.683655
18486,56.992504
18487,45.50787
18488,80.80653
18489,65.71202
18490,39.60497
18491,32.578445
18492,37.072308
18493,48.333244
18494,56.668526
18495,46.07284
18496,84.043686
18497,66.767815
18498,37.408707
18499,29.719883
18500,37.27873
18501,53.79969
18502,60.303757
18503,50.006542
18504,82.217
18505,66.70975
18506,37.71489
18507,30.568766
18508,35.317146
18509,48.648563
18510,60.800694
18511,45.2964
18512,84.54655
18513,65.79174
18514,37.50081
18515,31.831808
18516,36.938244
18517,43.908928
18518,56.763283
18519,45.361595
18520,82.779335
18521,67.64785
18522,35.971313
18523,31.450302
18524,35.420547
18525,54.1206
18526,56.686684
18527,50.100685
18528,82.056564
18529,65.82379
18530,36.611053
18531,33.879105
18532,36.012535
18533,52.79472
18534,54.753414
18535,49.674454
18536,79.07837
18537,67.0513
18538,38.772774
18539,30.925484
18540,35.90622
18541,46.861286
18542,58.40972
18543,44.373817
18544,84.96383
18545,68.04724
18546,36.157745
18547,30.061895
18548,34.40104
18549,47.66111
18550,54.18341
18551,45.881516
18552,80.74065
18553,64.37244
18554,37.070473
18555,32.132362
18556,36.03118
18557,49.339394
18558,54.314575
18559,47.442772
18560,78.068375
18561,65.21591
18562,35.482246
18563,31.893507
18564,37.07699
18565,48.84682
18566,60.57595
18567,49.418148
18568,77.95479
18569,65.67665
18570,38.446594
18571,30.959103
18572,36.01187
18573,45.357567
18574,59.396004
18575,44.79589
18576,83.87491
18577,65.88521
18578,37.76262
18579,32.122757
18580,38.074898
18581,47.41481
18582,55.09193
18583,48.206093
18584,80.35283
18585,64.951775
18586,33.691288
18587,28.879978
18588,35.76358
18589,52.1848
18590,57.882484
18591,50.834644
18592,80.77743
18593,68.14023
18594,39.967934
18595,31.980602
18596,38.073746
18597,52.45834
18598,55.922
18599,48.9597
18600,78.69194
18601,66.22909
18602,35.37262
18603,32.04627
18604,34.682785
18605,48.196228
18606,57.750458
18607,47.77453
18608,77.27173
18609,65.96117
18610,37.1606
18611,29.42633
18612,37.543785
18613,50.33758
18614,54.97848
18615,48.83602
18616,82.34308
18617,65.65805
18618,36.564384
18619,30.952887
18620,37.21408
18621,53.1097
18622,56.493355
18623,49.948376
18624,79.32316
18625,66.12337
18626,36.131203
18627,32.232647
18628,38.967537
18629,49.876892
18630,55.53488
18631,50.801308
18632,75.44206
18633,65.67224
18634,37.02133
18635,30.88398
18636,38.34494
18637,48.947098
18638,54.453228
18639,49.10093
18640,82.4373
18641,63.966232
18642,36.18263
18643,32.11807
18644,36.225117
18645,46.815483
18646,53.155437
18647,46.601982
18648,77.25163
18649,66.097305
18650,36.469894
18651,31.187145
18652,37.666004
18653,47.37005
18654,59.7072
18655,47.92244
18656,84.83737
18657,67.003815
18658,36.344246
18659,31.313215
18660,36.077972
18661,51.793728
18662,55.964844
18663,48.55275
18664,79.656395
18665,66.57159
18666,38.728424
18667,32.79917
18668,38.650215
18669,48.74606
18670,56.400112
18671,48.22207
18672,78.15421
18673,65.97159
18674,38.935703
18675,31.107998
18676,37.14805
18677,43.827995
18678,58.67923
18679,43.54337
18680,85.08286
18681,66.722015
18682,40.999115
18683,31.233025
18684,37.725933
18685,48.56766
18686,59.688915
18687,46.096867
18688,83.81957
18689,64.13257
18690,35.077095
18691,32.365463
18692,38.851795
18693,49.929195
18694,56.063698
18695,50.819157
18696,71.66298
18697,66.115425
18698,39.54264
18699,30.349796
18700,36.482395
18701,49.177696
18702,59.507504
18703,44.730324
18704,85.03725
18705,63.778168
18706,36.775993
18707,31.693699
18708,39.181236
18709,49.556694
18710,57.471714
18711,50.878136
18712,81.89865
18713,65.52084
18714,37.273502
18715,31.034746
18716,35.309032
18717,48.370323
18718,53.97548
18719,46.527782
18720,81.48582
18721,66.30971
18722,36.39864
18723,31.546888
18724,36.18329
18725,48.863625
18726,58.21651
18727,48.62515
18728,80.41653
18729,63.386913
18730,35.837112
18731,31.74281
18732,38.401733
18733,43.903656
18734,54.204315
18735,48.169918
18736,80.21251
18737,66.97214
18738,38.780735
18739,32.39889
18740,34.166264
18741,45.847538
18742,58.241165
18743,43.654224
18744,81.599464
18745,68.46996
18746,35.853817
18747,31.391174
18748,34.597282
18749,52.827766
18750,58.60211
18751,48.65419
18752,83.00601
18753,66.15153
18754,36.34814
18755,30.593088
18756,37.93062
18757,47.033825
18758,53.775444
18759,48.519844
18760,79.932785
18761,63.24628
18762,32.71633
18763,32.851948
18764,42.682938
18765,48.073055
18766,57.577477
18767,56.909588
18768,72.40701
18769,66.7303
18770,35.202152
18771,29.888538
18772,37.44339
18773,48.935772
18774,56.44409
18775,49.413834
18776,82.72654
18777,66.15092
18778,37.443733
18779,30.934032
18780,36.441284
18781,47.404083
18782,58.253418
18783,44.9441
18784,80.66576
18785,66.73035
18786,37.252632
18787,30.012268
18788,36.906708
18789,49.52349
18790,56.09653
18791,47.63019
18792,84.017426
18793,64.73672
18794,37.302666
18795,31.079868
18796,37.576
18797,51.578217
18798,59.32832
18799,48.38847
18800,81.56698
18801,66.22475
18802,38.35943
18803,31.75513
18804,37.660107
18805,49.20633
18806,58.276505
18807,48.001644
18808,80.8402
18809,66.57159
18810,38.728424
18811,32.79917
18812,38.650215
18813,48.74606
18814,56.400112
18815,48.22207
18816,78.15421
18817,64.184746
18818,35.144356
18819,31.623123
18820,37.144108
18821,44.58845
18822,54.566536
18823,47.131798
18824,77.593056
18825,66.213745
18826,39.851494
18827,31.759909
18828,40.974117
18829,49.5901
18830,53.00688
18831,50.324142
18832,80.40005
18833,64.73672
18834,37.302666
18835,31.079868
18836,37.576
18837,51.578217
18838,59.32832
18839,48.38847
18840,81.56698
18841,66.1934
18842,36.201057
18843,31.21316
18844,35.693172
18845,47.76327
18846,57.44979
18847,47.46769
18848,79.69656
18849,68.24757
18850,36.44512
18851,29.855705
18852,36.7798
18853,46.200645
18854,59.47345
18855,47.939964
18856,86.76901
18857,66.094666
18858,36.992054
18859,30.881096
18860,36.565285
18861,50.956894
18862,58.056274
18863,47.873184
18864,80.90818
18865,65.82206
18866,35.738335
18867,31.669231
18868,37.912876
18869,50.184746
18870,58.025223
18871,49.458023
18872,76.78769
18873,67.10951
18874,42.3791
18875,32.937225
18876,33.427322
18877,44.582306
18878,58.67823
18879,39.03515
18880,82.90378
18881,66.74747
18882,36.626385
18883,29.758366
18884,37.481945
18885,50.818108
18886,55.907925
18887,48.79602
18888,82.54962
18889,67.038025
18890,37.287468
18891,29.62032
18892,37.079933
18893,48.578335
18894,59.71631
18895,48.033268
18896,82.90795
18897,64.9464
18898,38.19893
18899,30.452374
18900,38.305862
18901,51.001537
18902,55.53283
18903,47.80557
18904,83.38247
18905,67.77046
18906,38.824898
18907,32.57707
18908,35.094936
18909,49.709557
18910,57.68302
18911,44.653442
18912,80.07707
18913,65.08441
18914,36.54912
18915,30.98972
18916,40.842278
18917,47.63935
18918,54.128757
18919,50.99795
18920,77.19464
18921,67.10254
18922,34.434875
18923,29.986353
18924,36.86784
18925,47.268467
18926,57.74015
18927,50.457485
18928,81.79171
18929,65.65558
18930,36.084373
18931,31.612835
18932,37.949375
18933,45.30305
18934,55.9957
18935,47.421814
18936,81.85812
18937,64.45622
18938,35.618904
18939,32.70492
18940,36.28806
18941,52.986336
18942,57.765663
18943,49.246426
18944,76.03242
18945,64.29579
18946,41.32035
18947,33.837906
18948,35.201767
18949,44.92293
18950,54.558613
18951,41.6008
18952,76.31378
18953,66.27767
18954,37.822376
18955,30.89777
18956,37.976856
18957,45.664463
18958,58.98817
18959,47.173634
18960,84.436966
18961,64.03726
18962,34.231285
18963,33.267365
18964,42.762135
18965,44.946644
18966,58.29013
18967,53.370907
18968,76.49174
18969,63.536438
18970,35.67397
18971,31.312462
18972,39.660416
18973,44.58433
18974,58.747726
18975,50.048904
18976,77.302216
18977,66.84114
18978,35.188553
18979,30.723967
18980,36.372097
18981,46.994827
18982,57.735725
18983,48.27121
18984,76.30896
18985,66.92318
18986,37.91195
18987,30.765491
18988,37.44464
18989,48.47642
18990,56.91636
18991,48.183044
18992,83.21307
18993,68.24926
18994,38.1864
18995,30.31786
18996,39.153366
18997,49.344982
18998,59.646698
18999,49.37336
19000,87.179886
19001,65.37143
19002,33.91748
19003,30.93202
19004,38.294014
19005,49.846222
19006,58.207626
19007,52.60928
19008,80.57208
19009,66.77605
19010,37.881973
19011,31.638805
19012,35.944267
19013,44.965263
19014,58.003956
19015,45.049282
19016,84.5057
19017,65.08245
19018,37.981506
19019,30.748894
19020,36.588158
19021,42.72367
19022,54.26157
19023,43.722176
19024,77.66738
19025,68.28792
19026,37.69379
19027,29.21225
19028,36.563812
19029,46.264263
19030,58.399185
19031,46.26551
19032,85.06743
19033,65.32213
19034,39.37664
19035,31.043585
19036,36.70894
19037,46.270283
19038,55.982903
19039,44.32236
19040,79.15161
19041,66.69495
19042,35.46151
19043,31.098812
19044,35.593925
19045,49.37413
19046,55.736664
19047,48.02014
19048,78.109985
19049,64.54447
19050,34.707535
19051,31.256405
19052,40.877476
19053,44.070343
19054,58.150116
19055,51.430496
19056,77.35109
19057,68.317505
19058,38.479954
19059,29.474888
19060,39.010017
19061,47.871845
19062,57.235832
19063,47.800797
19064,86.361595
19065,65.8245
19066,36.366055
19067,31.712955
19068,40.159504
19069,54.05243
19070,55.769775
19071,53.604935
19072,78.67534
19073,66.24649
19074,36.200485
19075,32.712727
19076,37.464546
19077,47.83043
19078,53.426834
19079,49.42388
19080,78.1025
19081,64.986786
19082,34.474983
19083,30.41951
19084,38.309654
19085,48.504578
19086,55.548546
19087,51.39879
19088,80.038795
19089,65.32213
19090,39.37664
19091,31.043585
19092,36.70894
19093,46.270283
19094,55.982903
19095,44.32236
19096,79.15161
19097,65.06931
19098,39.05761
19099,33.306385
19100,38.91281
19101,44.415215
19102,58.279392
19103,46.766644
19104,80.30296
19105,67.73624
19106,40.058273
19107,29.879078
19108,38.13987
19109,47.74053
19110,57.549034
19111,46.2089
19112,85.26153
19113,61.481598
19114,37.07601
19115,34.262253
19116,39.557816
19117,50.65016
19118,54.225235
19119,67.59367
19120,35.22215
19121,29.961706
19122,36.576515
19123,44.534462
19124,58.417816
19125,47.187786
19126,84.15538
19127,66.57449
19128,35.49459
19129,31.761377
19130,38.450703
19131,45.91956
19132,58.610672
19133,49.457573
19134,78.43498
19135,64.13845
19136,37.239296
19137,31.93038
19138,35.78535
19139,51.671265
19140,58.31736
19141,45.848183
19142,76.68719
19143,66.0534
19144,39.92005
19145,31.446857
19146,35.238186
19147,47.610596
19148,58.12934
19149,43.260353
19150,82.73009
19151,65.11941
19152,37.223644
19153,32.239845
19154,40.501106
19155,52.99971
19156,57.97169
19157,53.123726
19158,77.19951
19159,67.00871
19160,40.75638
19161,30.36088
19162,34.44245
19163,47.055653
19164,57.888588
19165,42.146385
19166,80.58126
19167,66.29681
19168,38.761574
19169,31.995594
19170,39.94342
19171,45.50572
19172,58.147312
19173,48.11953
19174,80.74121
19175,67.08989
19176,38.003906
19177,32.48418
19178,38.462772
19179,48.987312
19180,54.17569
19181,49.095657
19182,79.06891
19183,67.27265
19184,37.59848
19185,29.166855
19186,35.582367
19187,47.979713
19188,60.220688
19189,46.05141
19190,84.31966
19191,67.0532
19192,40.878742
19193,34.183617
19194,37.18497
19195,53.23546
19196,57.339127
19197,47.50447
19198,79.86978
19199,68.5842
19200,31.169079
19201,30.579922
19202,33.91336
19203,46.96605
19204,54.794716
19205,50.25248
19206,82.59283
19207,64.55998
19208,37.431995
19209,31.171492
19210,37.477917
19211,49.906757
19212,53.969574
19213,47.94289
19214,78.07254
19215,66.69827
19216,38.050148
19217,31.250256
19218,38.95956
19219,47.139107
19220,57.323837
19221,49.019436
19222,82.14461
19223,70.71569
19224,38.227947
19225,31.662268
19226,34.09649
19227,47.120075
19228,56.989346
19229,45.172626
19230,82.449875
19231,66.70321
19232,35.814774
19233,30.157875
19234,39.14261
19235,53.527615
19236,61.193863
19237,53.024036
19238,86.03882
19239,67.0379
19240,36.545895
19241,29.109985
19242,37.62933
19243,47.307568
19244,58.986862
19245,48.85815
19246,84.0011
19247,64.65366
19248,34.08
19249,31.346533
19250,34.880764
19251,51.010853
19252,55.57741
19253,48.02004
19254,75.556244
19255,64.50639
19256,38.611458
19257,31.968935
19258,36.58934
19259,47.62052
19260,57.049202
19261,45.42093
19262,79.56613
19263,64.07761
19264,33.647476
19265,33.102016
19266,39.631077
19267,50.805077
19268,55.49997
19269,53.66888
19270,73.41655
19271,65.699936
19272,38.194626
19273,31.369707
19274,38.76864
19275,47.03457
19276,54.602905
19277,48.280117
19278,79.22702
19279,65.39857
19280,36.078217
19281,30.145939
19282,37.341545
19283,49.366257
19284,55.223408
19285,48.901157
19286,84.59721
19287,67.848404
19288,37.030197
19289,29.095509
19290,37.354927
19291,47.971172
19292,55.9356
19293,48.259727
19294,85.15618
19295,66.34104
19296,35.871353
19297,29.035492
19298,39.396854
19299,49.678265
19300,57.830692
19301,51.600502
19302,84.96694
19303,64.23457
19304,37.504105
19305,31.277729
19306,38.064964
19307,51.43792
19308,58.071564
19309,49.34704
19310,78.4543
19311,68.71244
19312,36.93199
19313,32.202477
19314,36.70105
19315,42.845974
19316,54.054543
19317,42.676
19318,82.532265
19319,65.002625
19320,38.994843
19321,30.605
19322,35.11878
19323,51.93577
19324,56.581944
19325,45.439926
19326,79.37915
19327,67.1399
19328,35.902115
19329,31.900898
19330,36.24364
19331,57.76758
19332,60.195145
19333,49.096653
19334,85.044235
19335,65.33432
19336,35.771736
19337,30.559223
19338,36.537174
19339,51.76325
19340,58.723724
19341,49.50105
19342,80.60252
19343,67.04761
19344,33.743492
19345,30.556576
19346,34.804955
19347,43.734535
19348,54.81543
19349,46.495846
19350,76.59037
19351,67.83354
19352,38.0405
19353,32.445393
19354,32.437202
19355,50.633926
19356,58.597614
19357,43.91267
19358,76.16213
19359,65.432755
19360,35.917366
19361,30.101576
19362,37.678616
19363,48.76336
19364,58.210686
19365,49.19594
19366,85.68967
19367,66.47659
19368,41.71448
19369,32.05743
19370,38.93926
19371,46.059757
19372,58.44389
19373,44.850697
19374,80.56335
19375,64.31359
19376,41.632385
19377,34.70651
19378,32.918167
19379,51.132885
19380,58.87047
19381,41.062378
19382,72.652626
19383,67.49013
19384,42.576836
19385,32.017174
19386,37.115982
19387,44.272396
19388,62.73155
19389,42.251884
19390,88.932755
19391,66.59866
19392,35.9826
19393,31.81446
19394,35.78966
19395,48.836338
19396,56.101627
19397,47.01235
19398,77.331696
19399,69.43796
19400,36.42757
19401,29.440338
19402,36.71792
19403,49.491154
19404,56.79718
19405,48.398674
19406,81.83646
19407,65.53915
19408,34.964134
19409,30.773111
19410,38.710125
19411,50.92437
19412,55.84259
19413,52.386547
19414,82.69081
19415,63.010437
19416,33.588326
19417,32.281563
19418,39.65586
19419,53.098263
19420,53.44811
19421,54.584866
19422,75.902435
19423,66.694664
19424,34.696686
19425,30.336624
19426,37.24778
19427,49.32846
19428,53.602573
19429,49.88149
19430,81.63141
19431,66.52792
19432,36.335487
19433,30.501028
19434,36.655926
19435,48.818504
19436,53.76924
19437,47.89253
19438,81.20003
19439,63.85342
19440,36.06354
19441,32.288795
19442,38.481064
19443,47.858078
19444,56.07274
19445,49.844475
19446,78.85183
19447,64.28139
19448,37.91815
19449,31.499622
19450,38.357136
19451,46.015976
19452,52.29096
19453,47.9816
19454,79.19427
19455,65.170944
19456,36.021763
19457,32.191574
19458,37.105392
19459,52.90879
19460,58.5514
19461,50.054996
19462,82.89504
19463,65.03691
19464,37.842026
19465,32.279533
19466,36.163177
19467,46.24005
19468,52.54929
19469,45.50801
19470,73.68696
19471,68.17778
19472,34.876984
19473,29.696232
19474,35.184845
19475,49.311752
19476,55.69144
19477,48.061954
19478,80.183914
19479,67.21569
19480,40.2885
19481,29.733803
19482,35.935753
19483,47.18808
19484,58.30305
19485,44.179977
19486,87.107376
19487,65.87534
19488,36.354904
19489,29.83052
19490,35.277435
19491,49.524235
19492,55.049343
19493,46.67603
19494,80.53207
19495,67.15717
19496,35.830963
19497,29.328444
19498,36.86129
19499,52.347675
19500,50.60106
19501,50.71358
19502,84.02977
19503,66.77645
19504,34.777046
19505,29.940311
19506,37.509068
19507,50.91283
19508,56.195442
19509,51.795467
19510,79.2738
19511,63.341896
19512,35.71735
19513,32.880962
19514,35.249954
19515,44.740047
19516,60.38082
19517,45.481102
19518,81.84042
19519,65.72991
19520,37.37901
19521,31.556273
19522,36.55681
19523,43.150448
19524,60.433235
19525,45.385567
19526,80.52995
19527,66.6727
19528,37.798344
19529,30.077595
19530,36.96087
19531,45.30035
19532,55.51549
19533,46.134815
19534,83.60455
19535,65.64193
19536,36.867832
19537,31.598951
19538,37.11105
19539,44.61382
19540,58.231903
19541,47.129677
19542,82.57944
19543,71.55097
19544,37.845757
19545,29.238058
19546,38.69068
19547,52.001076
19548,62.42112
19549,50.63049
19550,88.92874
19551,67.07454
19552,36.751743
19553,31.381931
19554,38.549866
19555,47.975616
19556,57.394424
19557,49.68862
19558,80.59593
19559,67.076004
19560,32.411182
19561,30.796906
19562,33.78895
19563,49.250427
19564,53.326313
19565,49.376823
19566,77.09975
19567,67.10463
19568,36.64628
19569,30.851463
19570,37.13597
19571,50.169018
19572,53.223057
19573,49.583622
19574,80.83472
19575,65.953705
19576,34.850033
19577,28.240484
19578,38.033234
19579,48.720966
19580,60.080425
19581,49.973366
19582,83.73547
19583,66.73616
19584,38.98647
19585,29.663397
19586,37.292267
19587,47.41522
19588,55.07082
19589,46.147785
19590,82.821655
19591,66.67797
19592,36.14302
19593,30.78403
19594,34.52433
19595,50.130184
19596,54.71316
19597,47.37344
19598,79.57553
19599,67.13741
19600,36.8591
19601,30.9614
19602,37.769745
19603,52.154507
19604,58.367397
19605,49.24196
19606,81.60905
19607,67.50859
19608,35.515648
19609,30.403673
19610,34.639572
19611,45.259533
19612,52.027306
19613,46.099915
19614,77.490395
19615,67.61728
19616,32.24196
19617,29.167145
19618,37.110737
19619,49.762104
19620,56.188732
19621,53.387585
19622,85.90735
19623,67.54154
19624,39.14617
19625,30.562355
19626,37.594593
19627,46.38234
19628,53.38394
19629,46.279076
19630,84.31759
19631,65.1826
19632,36.243587
19633,32.7657
19634,36.383236
19635,49.467594
19636,57.174644
19637,48.626793
19638,76.431946
19639,66.11777
19640,37.605206
19641,31.502121
19642,35.186638
19643,48.651443
19644,56.067352
19645,45.497097
19646,79.734146
19647,68.14576
19648,33.94742
19649,28.576271
19650,37.12757
19651,44.983013
19652,58.64202
19653,49.46184
19654,82.998795
19655,66.00044
19656,39.63234
19657,32.473465
19658,34.750084
19659,42.36075
19660,56.573814
19661,42.42172
19662,81.85545
19663,69.377754
19664,41.675224
19665,29.976437
19666,36.12741
19667,46.393585
19668,60.435547
19669,43.005665
19670,88.4183
19671,65.88881
19672,36.757515
19673,31.275093
19674,38.85947
19675,50.529488
19676,53.55341
19677,50.016243
19678,78.11438
19679,65.563354
19680,35.925175
19681,32.317852
19682,38.34084
19683,51.06562
19684,55.50333
19685,51.84247
19686,78.508514
19687,66.48
19688,39.72451
19689,32.913704
19690,39.121643
19691,51.36465
19692,55.683968
19693,49.548264
19694,77.831764
19695,67.04349
19696,34.337215
19697,29.362625
19698,39.678524
19699,49.491673
19700,60.54263
19701,53.368073
19702,86.6437
19703,65.34723
19704,33.26747
19705,29.325087
19706,35.511093
19707,50.153687
19708,52.986797
19709,49.71424
19710,74.49209
19711,65.7663
19712,36.243046
19713,31.469088
19714,36.03455
19715,53.865456
19716,54.65592
19717,49.497856
19718,79.82129
19719,67.164024
19720,35.133053
19721,30.272018
19722,36.799236
19723,51.18597
19724,53.42863
19725,50.092278
19726,81.98537
19727,65.031746
19728,38.060463
19729,30.955488
19730,36.297432
19731,48.966343
19732,56.39473
19733,46.344757
19734,78.584
19735,65.21077
19736,37.61032
19737,32.902103
19738,39.55534
19739,50.069168
19740,56.379456
19741,50.217815
19742,74.98685
19743,65.453094
19744,34.198486
19745,29.297813
19746,37.52646
19747,50.383583
19748,54.686287
19749,50.4156
19750,80.084946
19751,69.727646
19752,37.43374
19753,27.660366
19754,38.1463
19755,50.467896
19756,59.440414
19757,49.34582
19758,88.72481
19759,66.609436
19760,35.491165
19761,31.119766
19762,34.234802
19763,43.86891
19764,56.554947
19765,44.36405
19766,78.11182
19767,66.705246
19768,36.474064
19769,29.051245
19770,35.75439
19771,48.012596
19772,54.848686
19773,46.57526
19774,83.39049
19775,68.315735
19776,39.82316
19777,30.570202
19778,35.81308
19779,47.099583
19780,55.84464
19781,44.036705
19782,83.86619
19783,66.94388
19784,35.275547
19785,29.405823
19786,35.92354
19787,49.322166
19788,55.587894
19789,49.022408
19790,81.16524
19791,67.72032
19792,34.84866
19793,29.711153
19794,34.31128
19795,50.430996
19796,56.200512
19797,48.389206
19798,80.11673
19799,66.77439
19800,33.965538
19801,30.207458
19802,39.089493
19803,52.743618
19804,57.62039
19805,54.550346
19806,84.54739
19807,65.41571
19808,35.294548
19809,32.480392
19810,36.460045
19811,48.697746
19812,53.01212
19813,50.170284
19814,76.45395
19815,65.00931
19816,35.436195
19817,30.748726
19818,36.815094
19819,47.2389
19820,53.303703
19821,48.010468
19822,78.65085
19823,65.33222
19824,35.557674
19825,31.83503
19826,39.83947
19827,51.530567
19828,54.952858
19829,53.53158
19830,80.50014
19831,67.27121
19832,38.795128
19833,30.854668
19834,35.816555
19835,49.651573
19836,55.143658
19837,46.486404
19838,83.223366
19839,66.44628
19840,38.687515
19841,31.19159
19842,36.045998
19843,47.208435
19844,55.481953
19845,45.60029
19846,80.897156
19847,66.7549
19848,37.40493
19849,30.18065
19850,35.06118
19851,48.38409
19852,57.02288
19853,45.480213
19854,83.28016
19855,68.56771
19856,40.793358
19857,30.9348
19858,35.806076
19859,41.885582
19860,55.02965
19861,40.278744
19862,86.27881
19863,65.858185
19864,37.09481
19865,31.58943
19866,34.786274
19867,48.64811
19868,57.313004
19869,45.97665
19870,79.71104
19871,65.24752
19872,36.596348
19873,32.3872
19874,39.02529
19875,49.50007
19876,52.670273
19877,49.984512
19878,74.63082
19879,66.53876
19880,39.953148
19881,30.011343
19882,35.46539
19883,46.22701
19884,57.37201
19885,42.710163
19886,84.22185
19887,68.05016
19888,34.359592
19889,28.886997
19890,35.09117
19891,44.83686
19892,57.28823
19893,46.758953
19894,82.868996
19895,66.145805
19896,33.690285
19897,27.76235
19898,33.09532
19899,46.906807
19900,55.29219
19901,45.99419
19902,79.578125
19903,66.27116
19904,36.016483
19905,31.512768
19906,38.11021
19907,48.436634
19908,54.390022
19909,49.43734
19910,79.84805
19911,65.55783
19912,35.469368
19913,31.041805
19914,35.24974
19915,47.984043
19916,51.842052
19917,46.96433
19918,76.592896
19919,65.454666
19920,34.20992
19921,30.950752
19922,37.317215
19923,45.537636
19924,54.498356
19925,49.67584
19926,76.76104
19927,66.10246
19928,39.398224
19929,30.234358
19930,39.326836
19931,48.599117
19932,59.755993
19933,47.75583
19934,82.87602
19935,66.871086
19936,40.852386
19937,30.73564
19938,38.346077
19939,46.574398
19940,56.075344
19941,44.82178
19942,80.620636
19943,66.4924
19944,36.844597
19945,31.519516
19946,39.186783
19947,47.93072
19948,52.44561
19949,49.824646
19950,79.8209
19951,66.47418
19952,37.314377
19953,30.594353
19954,41.48185
19955,52.22135
19956,58.35565
19957,52.674603
19958,84.10857
19959,65.579315
19960,38.089718
19961,31.830551
19962,38.906826
19963,54.50997
19964,54.67208
19965,50.987705
19966,79.65229
19967,65.33484
19968,36.694878
19969,30.330572
19970,41.20215
19971,53.756454
19972,57.463432
19973,53.0002
19974,82.02288
19975,65.57909
19976,38.069733
19977,32.489006
19978,39.437706
19979,48.702995
19980,56.02036
19981,49.35243
19982,81.56022
19983,67.7384
19984,35.85461
19985,30.100431
19986,37.24243
19987,47.597134
19988,56.515224
19989,48.734077
19990,83.02156
19991,68.479744
19992,37.69217
19993,28.226246
19994,35.72679
19995,49.17905
19996,56.11463
19997,46.21695
19998,84.121544
19999,66.915054
20000,37.729847
20001,30.8074
20002,36.656097
20003,47.46261
20004,56.509357
20005,45.726738
20006,87.16261
20007,67.15485
20008,37.798233
20009,33.038773
20010,37.069107
20011,47.912533
20012,55.915756
20013,46.982838
20014,78.28124
20015,67.811226
20016,38.530636
20017,28.30652
20018,39.012028
20019,50.172005
20020,63.31925
20021,49.469265
20022,88.60417
20023,67.471504
20024,36.834145
20025,31.29341
20026,38.011288
20027,47.170994
20028,59.308727
20029,49.59408
20030,83.86122
20031,64.13911
20032,38.870956
20033,31.891624
20034,38.936073
20035,47.38946
20036,54.31571
20037,47.980545
20038,78.53026
20039,65.811264
20040,34.682755
20041,31.472502
20042,37.333603
20043,50.41557
20044,55.062847
20045,50.76173
20046,78.085655
20047,65.74692
20048,37.10353
20049,31.723042
20050,38.743507
20051,51.46545
20052,55.29854
20053,49.590866
20054,77.065
20055,67.094055
20056,36.505096
20057,29.472328
20058,35.543865
20059,50.51566
20060,56.568523
20061,48.202232
20062,81.62942
20063,66.006805
20064,34.4174
20065,31.461338
20066,40.128437
20067,47.803932
20068,55.091656
20069,53.502125
20070,77.648575
20071,68.308365
20072,41.087177
20073,30.990746
20074,35.735825
20075,45.953846
20076,61.62535
20077,43.400635
20078,86.158844
20079,65.087456
20080,37.074844
20081,30.231956
20082,41.01754
20083,48.58596
20084,59.333344
20085,51.022106
20086,77.25177
20087,66.51338
20088,39.402374
20089,30.380995
20090,39.15656
20091,50.461647
20092,57.948254
20093,48.74885
20094,84.9397
20095,64.77565
20096,37.43386
20097,31.125315
20098,37.56485
20099,50.44697
20100,57.413628
20101,48.377758
20102,79.25824
20103,67.37224
20104,35.408627
20105,32.512466
20106,33.983955
20107,51.883774
20108,55.032497
20109,48.771736
20110,80.40073
20111,67.168015
20112,32.05787
20113,27.937233
20114,35.36266
20115,46.191
20116,52.78919
20117,49.68736
20118,80.36606
20119,65.86337
20120,39.683216
20121,32.253304
20122,38.82764
20123,51.369648
20124,63.20737
20125,48.335407
20126,83.330536
20127,70.68886
20128,39.893166
20129,29.110855
20130,36.617054
20131,49.490993
20132,59.492477
20133,46.507977
20134,89.218185
20135,66.159996
20136,34.83483
20137,31.252659
20138,36.609146
20139,48.840626
20140,57.592514
20141,48.46192
20142,75.60035
20143,66.334816
20144,37.407616
20145,30.180431
20146,37.6366
20147,52.784153
20148,53.440872
20149,49.01902
20150,76.80229
20151,66.58775
20152,33.8073
20153,29.659382
20154,37.60614
20155,51.239246
20156,51.45329
20157,52.49624
20158,77.63233
20159,64.11119
20160,38.296192
20161,32.23787
20162,37.44821
20163,49.630726
20164,56.30168
20165,47.663666
20166,78.618126
20167,68.34572
20168,38.092995
20169,28.97595
20170,33.677807
20171,46.83003
20172,57.67237
20173,43.58879
20174,81.89214
20175,65.42069
20176,37.5396
20177,31.100803
20178,39.07343
20179,46.650665
20180,56.003296
20181,48.83819
20182,78.01467
20183,64.04636
20184,37.215214
20185,30.414957
20186,39.77832
20187,44.99244
20188,58.38199
20189,48.039307
20190,78.71115
20191,65.80858
20192,35.157654
20193,30.71875
20194,38.168842
20195,52.03621
20196,53.245728
20197,51.883606
20198,79.06719
20199,63.70201
20200,37.467976
20201,30.776697
20202,40.784306
20203,53.44285
20204,52.903244
20205,51.825733
20206,79.613014
20207,64.76436
20208,35.896484
20209,32.098267
20210,38.284744
20211,44.042976
20212,48.711582
20213,47.65125
20214,75.64348
20215,66.95022
20216,36.690857
20217,29.651857
20218,37.860416
20219,49.582855
20220,55.564827
20221,48.07823
20222,85.51155
20223,67.77838
20224,35.615612
20225,29.732431
20226,36.916546
20227,47.338398
20228,58.165806
20229,48.232605
20230,84.306076
20231,65.72499
20232,35.708565
20233,30.673677
20234,34.465664
20235,54.967007
20236,55.96605
20237,48.286667
20238,80.59765
20239,67.26103
20240,35.337475
20241,30.500471
20242,37.557262
20243,49.181747
20244,58.79
20245,50.335205
20246,81.47237
20247,66.87573
20248,34.37893
20249,29.335379
20250,39.299053
20251,53.1047
20252,56.879883
20253,54.737724
20254,85.1157
20255,64.79715
20256,38.2101
20257,30.605473
20258,39.803032
20259,50.46329
20260,59.752804
20261,49.723255
20262,82.73559
20263,64.89318
20264,36.043945
20265,33.04837
20266,37.100655
20267,45.267418
20268,60.367752
20269,48.19701
20270,78.45567
20271,68.044586
20272,38.73545
20273,31.605446
20274,36.109856
20275,51.341022
20276,54.23385
20277,46.925125
20278,80.09457
20279,67.2068
20280,39.87692
20281,30.907524
20282,39.81532
20283,52.04142
20284,60.51221
20285,50.433212
20286,90.842606
20287,66.639496
20288,41.25618
20289,31.607466
20290,36.86492
20291,46.756393
20292,56.667442
20293,44.394077
20294,82.26268
20295,67.78861
20296,38.3226
20297,30.664736
20298,38.749832
20299,45.75759
20300,61.7932
20301,47.490883
20302,85.57474
20303,65.21764
20304,42.26726
20305,30.922388
20306,42.631763
20307,47.578087
20308,56.28093
20309,48.87838
20310,81.62062
20311,65.359146
20312,36.797832
20313,30.50661
20314,36.84423
20315,46.911594
20316,55.359653
20317,45.9821
20318,83.566925
20319,65.66031
20320,37.983814
20321,30.938007
20322,38.83146
20323,49.526997
20324,55.91177
20325,49.49934
20326,78.79586
20327,64.796265
20328,37.75221
20329,32.054287
20330,37.136383
20331,47.808037
20332,55.731503
20333,47.457508
20334,78.23551
20335,67.30045
20336,37.46347
20337,31.209324
20338,34.070698
20339,47.913395
20340,57.174225
20341,43.948105
20342,82.83161
20343,66.96888
20344,37.884483
20345,30.231064
20346,39.74095
20347,47.08704
20348,58.171806
20349,49.303085
20350,86.24267
20351,67.072266
20352,37.644447
20353,30.930187
20354,33.983715
20355,49.646736
20356,53.147743
20357,45.189346
20358,79.93471
20359,67.054504
20360,38.2015
20361,30.355465
20362,35.28245
20363,56.31037
20364,59.871937
20365,48.164948
20366,81.47651
20367,65.24911
20368,34.59204
20369,30.742044
20370,37.20138
20371,49.728035
20372,54.869892
20373,50.173756
20374,79.665054
20375,67.01467
20376,33.536026
20377,28.47807
20378,37.39531
20379,47.795483
20380,55.112278
20381,50.608257
20382,80.79638
20383,66.793594
20384,36.55517
20385,31.620022
20386,36.654724
20387,47.90846
20388,58.60726
20389,47.54353
20390,81.556915
20391,68.32631
20392,35.014313
20393,29.628407
20394,34.592323
20395,48.01856
20396,57.091545
20397,47.19666
20398,83.7053
20399,64.71908
20400,35.288174
20401,31.444494
20402,37.025246
20403,47.367355
20404,53.07581
20405,49.030018
20406,77.632545
20407,66.30118
20408,36.475765
20409,30.505526
20410,35.130833
20411,55.980343
20412,59.60486
20413,48.393375
20414,85.8166
20415,66.550186
20416,36.812717
20417,30.661697
20418,37.077126
20419,48.899822
20420,54.358902
20421,48.39983
20422,82.11701
20423,63.659798
20424,34.260147
20425,31.725147
20426,38.93234
20427,48.65662
20428,56.57963
20429,51.391964
20430,78.7975
20431,66.36418
20432,36.226074
20433,30.50084
20434,38.618984
20435,54.002193
20436,55.258614
20437,52.35881
20438,82.834656
20439,65.98004
20440,38.10315
20441,29.390194
20442,38.47323
20443,47.15102
20444,59.67666
20445,47.81425
20446,81.89523
20447,64.71908
20448,35.288174
20449,31.444494
20450,37.025246
20451,47.367355
20452,53.07581
20453,49.030018
20454,77.632545
20455,66.31111
20456,34.973038
20457,30.235067
20458,37.442005
20459,48.007694
20460,55.203773
20461,49.512825
20462,81.753944
20463,66.06396
20464,34.36371
20465,31.544485
20466,36.519623
20467,51.75156
20468,55.912457
20469,51.71917
20470,72.42415
20471,66.06396
20472,34.36371
20473,31.544485
20474,36.519623
20475,51.75156
20476,55.912457
20477,51.71917
20478,72.42415
20479,65.78771
20480,35.19583
20481,31.6022
20482,36.777164
20483,48.4972
20484,54.3452
20485,49.014008
20486,77.16112
20487,66.72861
20488,36.22803
20489,31.287514
20490,36.189285
20491,45.2029
20492,54.351257
20493,46.724125
20494,80.31705
20495,64.578186
20496,34.320137
20497,31.102571
20498,36.156822
20499,53.750793
20500,55.50981
20501,50.792427
20502,78.79399
20503,65.94577
20504,36.49308
20505,30.35548
20506,36.84443
20507,50.657997
20508,54.234776
20509,48.391846
20510,80.43396
20511,63.315674
20512,36.251747
20513,32.488594
20514,37.666187
20515,51.376926
20516,49.438187
20517,62.2267
20518,34.014194
20519,31.920937
20520,41.19803
20521,49.209106
20522,52.91992
20523,54.139687
20524,73.94256
20525,66.94488
20526,33.973473
20527,30.93378
20528,36.87126
20529,50.00608
20530,55.12027
20531,51.6165
20532,82.0045
20533,66.79382
20534,35.740982
20535,30.840946
20536,36.679665
20537,52.56215
20538,59.19272
20539,50.44289
20540,85.87558
20541,67.231995
20542,34.99811
20543,30.66048
20544,35.86357
20545,49.962975
20546,55.314137
20547,48.974403
20548,82.098785
20549,66.27527
20550,37.729904
20551,31.32222
20552,38.580982
20553,52.138084
20554,57.925827
20555,50.313187
20556,82.635254
20557,65.751526
20558,35.834557
20559,31.139328
20560,37.995613
20561,45.446674
20562,56.282112
20563,47.170406
20564,81.23648
20565,65.08908
20566,35.221954
20567,32.033363
20568,35.91069
20569,48.402695
20570,56.183826
20571,48.746723
20572,76.27208
20573,63.875244
20574,38.396313
20575,30.795021
20576,36.468727
20577,46.493553
20578,56.694798
20579,44.880337
20580,78.4545
20581,63.308514
20582,38.85267
20583,32.10475
20584,40.68592
20585,40.75542
20586,55.34336
20587,46.60592
20588,76.58661
20589,63.758835
20590,35.31823
20591,29.821701
20592,39.93492
20593,50.412067
20594,54.691986
20595,51.107403
20596,73.23447
20597,67.18228
20598,39.98016
20599,32.223686
20600,38.34062
20601,50.18175
20602,59.751358
20603,47.65444
20604,80.74652
20605,65.777245
20606,37.61404
20607,30.220024
20608,38.078766
20609,46.480625
20610,55.80874
20611,47.64845
20612,81.16243
20613,66.5552
20614,40.49762
20615,30.666636
20616,35.60395
20617,47.647816
20618,58.038147
20619,43.139313
20620,80.3639
20621,66.85031
20622,34.665913
20623,28.97901
20624,37.261383
20625,47.760975
20626,53.845802
20627,49.81963
20628,80.59656
20629,67.28704
20630,35.830853
20631,29.586521
20632,35.90988
20633,49.75522
20634,56.00727
20635,48.358284
20636,79.609604
20637,66.40427
20638,40.237633
20639,30.273989
20640,39.23359
20641,43.537296
20642,56.73158
20643,44.470314
20644,83.61439
20645,63.274193
20646,33.674564
20647,31.829042
20648,39.75775
20649,46.28431
20650,55.236588
20651,52.181026
20652,78.721115
20653,67.41281
20654,35.166306
20655,29.498459
20656,35.067596
20657,46.108315
20658,51.7419
20659,47.120937
20660,80.73821
20661,64.72446
20662,38.959282
20663,31.160583
20664,37.76527
20665,44.2909
20666,54.928226
20667,45.926365
20668,77.40428
20669,66.970215
20670,37.526264
20671,31.592934
20672,36.950733
20673,48.243877
20674,56.343494
20675,47.658104
20676,81.06984
20677,66.65535
20678,34.76996
20679,30.260145
20680,38.65612
20681,48.175785
20682,58.45899
20683,50.29428
20684,83.111015
20685,65.79931
20686,40.61949
20687,31.997208
20688,37.798874
20689,48.944096
20690,59.772316
20691,43.812305
20692,79.54423
20693,66.30406
20694,38.812607
20695,31.723454
20696,35.394146
20697,48.642403
20698,54.209564
20699,44.502293
20700,78.253204
20701,66.147484
20702,37.041916
20703,31.262493
20704,38.182846
20705,49.03639
20706,57.22013
20707,48.722282
20708,80.72838
20709,64.25346
20710,34.113026
20711,32.978394
20712,39.494835
20713,51.73667
20714,57.205254
20715,54.573265
20716,75.507675
20717,66.96821
20718,36.522713
20719,30.119837
20720,36.62217
20721,47.36936
20722,55.394695
20723,47.29055
20724,81.01496
20725,65.94409
20726,37.569542
20727,30.231895
20728,36.551178
20729,49.904568
20730,54.741524
20731,47.23222
20732,81.203415
20733,64.57883
20734,36.926884
20735,31.914377
20736,37.737465
20737,48.052795
20738,56.740208
20739,47.061745
20740,81.725204
20741,65.77791
20742,37.754353
20743,31.471066
20744,39.07355
20745,55.631104
20746,53.75616
20747,51.286907
20748,79.59985
20749,65.2663
20750,40.70504
20751,32.090977
20752,41.771072
20753,47.78338
20754,52.77395
20755,49.523987
20756,74.59287
20757,66.20737
20758,38.041378
20759,31.544394
20760,37.20358
20761,49.264744
20762,56.006676
20763,47.471973
20764,82.04929
20765,66.63697
20766,37.143333
20767,30.889164
20768,35.9802
20769,43.793797
20770,58.381535
20771,43.745144
20772,79.2578
20773,66.10462
20774,37.948215
20775,31.702946
20776,37.13132
20777,47.927002
20778,50.528904
20779,47.617947
20780,80.829666
20781,64.8226
20782,37.048645
20783,30.768187
20784,38.928795
20785,53.871235
20786,57.95513
20787,52.269566
20788,86.39377
20789,66.33431
20790,37.32213
20791,30.60245
20792,36.24598
20793,51.913803
20794,58.832504
20795,47.742313
20796,79.074646
20797,66.11786
20798,36.49849
20799,31.592485
20800,36.885216
20801,48.76873
20802,53.400497
20803,48.01548
20804,78.25395
20805,64.573845
20806,36.38752
20807,30.894314
20808,40.675934
20809,53.428802
20810,57.36786
20811,53.535618
20812,79.14868
20813,68.30777
20814,37.597435
20815,30.76973
20816,34.319023
20817,48.32512
20818,58.154423
20819,45.45368
20820,84.92575
20821,65.30148
20822,38.255825
20823,31.356293
20824,35.853245
20825,48.76471
20826,51.89616
20827,45.336
20828,77.82201
20829,65.06372
20830,36.504395
20831,29.662117
20832,38.34245
20833,50.00524
20834,54.580147
20835,49.932816
20836,81.29953
20837,67.7231
20838,37.868683
20839,31.017576
20840,38.363197
20841,45.37746
20842,59.025097
20843,46.063843
20844,83.17255
20845,65.92459
20846,35.93002
20847,30.473381
20848,39.776493
20849,50.81007
20850,55.9469
20851,52.446377
20852,79.422775
20853,66.75794
20854,35.551773
20855,29.55833
20856,39.762
20857,49.192516
20858,56.213554
20859,51.995014
20860,79.496994
20861,64.7021
20862,37.332886
20863,32.497658
20864,37.01482
20865,48.598286
20866,56.286503
20867,48.335667
20868,77.08912
20869,66.128784
20870,33.403458
20871,29.584394
20872,35.696075
20873,48.26855
20874,54.05225
20875,50.066647
20876,79.99777
20877,65.76751
20878,35.912617
20879,29.198273
20880,40.433445
20881,50.66818
20882,63.30555
20883,51.98747
20884,85.72491
20885,69.00444
20886,38.83644
20887,30.149235
20888,39.351406
20889,47.178806
20890,63.963184
20891,49.177692
20892,91.105415
20893,67.309845
20894,40.667053
20895,29.935827
20896,37.750397
20897,49.769863
20898,60.550014
20899,46.070545
20900,85.54273
20901,67.08124
20902,36.239265
20903,29.949856
20904,36.37079
20905,49.503906
20906,54.24199
20907,48.227955
20908,83.47041
20909,63.92686
20910,37.098022
20911,30.505873
20912,38.403145
20913,43.88427
20914,60.217148
20915,46.574867
20916,81.6169
20917,65.95026
20918,36.471413
20919,31.783133
20920,36.505554
20921,48.158054
20922,55.0283
20923,47.01021
20924,82.49725
20925,67.29589
20926,35.34133
20927,29.041492
20928,36.597275
20929,48.169903
20930,56.49978
20931,48.313187
20932,81.9132
20933,67.66026
20934,33.793755
20935,30.56651
20936,39.70247
20937,46.87123
20938,57.035263
20939,52.120342
20940,79.605354
20941,69.310905
20942,45.49662
20943,33.48375
20944,32.05558
20945,45.24862
20946,61.318237
20947,33.947075
20948,81.38386
20949,68.89543
20950,39.309124
20951,29.716534
20952,41.792534
20953,50.12793
20954,59.691338
20955,51.42911
20956,87.1385
20957,66.522934
20958,35.09088
20959,30.658905
20960,36.393425
20961,51.01645
20962,56.91089
20963,49.565536
20964,77.32392
20965,66.85038
20966,37.834034
20967,30.365858
20968,38.482437
20969,47.523075
20970,59.492928
20971,47.508556
20972,82.77156
20973,64.261925
20974,34.63817
20975,32.511677
20976,40.95763
20977,47.110218
20978,55.49699
20979,53.145607
20980,79.967026
20981,66.78713
20982,37.036102
20983,30.943743
20984,36.56331
20985,48.182915
20986,53.86722
20987,47.426872
20988,78.30419
20989,66.261215
20990,36.24946
20991,30.089678
20992,35.85212
20993,48.089104
20994,53.729126
20995,47.44529
20996,79.947784
20997,66.10688
20998,35.860138
20999,30.527792
21000,35.9552
21001,49.05003
21002,57.470154
21003,48.286602
21004,81.62495
21005,63.447678
21006,36.512558
21007,31.802233
21008,37.906456
21009,49.336823
21010,54.371765
21011,48.781
21012,77.927574
21013,67.506195
21014,38.430164
21015,31.068987
21016,39.17843
21017,49.407578
21018,58.942596
21019,49.121193
21020,86.40467
21021,66.91844
21022,35.69745
21023,29.850016
21024,36.05114
21025,47.168484
21026,55.525375
21027,47.05619
21028,80.89717
21029,66.04525
21030,38.453068
21031,30.91579
21032,38.34469
21033,45.538765
21034,54.10868
21035,46.805603
21036,86.90965
21037,66.2832
21038,38.38811
21039,31.805752
21040,35.5285
21041,50.561317
21042,54.99157
21043,45.89073
21044,78.81099
21045,66.0569
21046,34.161503
21047,30.073431
21048,35.826843
21049,51.993694
21050,56.148567
21051,50.470345
21052,81.5503
21053,64.30296
21054,35.081787
21055,32.867615
21056,34.197723
21057,42.100357
21058,57.136467
21059,44.11249
21060,74.32109
21061,66.35942
21062,36.012024
21063,29.516638
21064,36.951317
21065,51.52811
21066,58.60137
21067,49.533794
21068,85.19273
21069,66.44152
21070,35.824978
21071,30.979494
21072,38.384403
21073,44.317524
21074,59.93472
21075,49.2359
21076,82.82912
21077,66.657135
21078,39.201332
21079,29.013315
21080,38.44222
21081,49.03959
21082,57.967587
21083,47.21365
21084,82.77154
21085,64.53728
21086,32.2192
21087,30.041054
21088,41.012543
21089,47.459667
21090,56.697544
21091,54.78505
21092,77.556946
21093,67.56257
21094,36.31164
21095,30.94062
21096,37.18016
21097,43.379585
21098,57.532463
21099,47.141766
21100,83.943954
21101,65.99163
21102,34.297
21103,31.699455
21104,36.87428
21105,50.881027
21106,55.1949
21107,51.179787
21108,76.50326
21109,65.980415
21110,36.203518
21111,29.296732
21112,36.233543
21113,44.903015
21114,55.350864
21115,46.143482
21116,80.93807
21117,65.366486
21118,38.744335
21119,32.099045
21120,40.666924
21121,49.969246
21122,59.483475
21123,50.41713
21124,79.07626
21125,65.33983
21126,44.052692
21127,33.67263
21128,35.069794
21129,51.012314
21130,57.15755
21131,41.88914
21132,77.47876
21133,63.958412
21134,36.068645
21135,32.32703
21136,39.371464
21137,50.65501
21138,54.683155
21139,51.602016
21140,74.33102
21141,66.59708
21142,36.080772
21143,32.89364
21144,35.688766
21145,46.185833
21146,50.608833
21147,45.111183
21148,79.28092
21149,65.07019
21150,34.348747
21151,30.723297
21152,39.33648
21153,44.805706
21154,54.760582
21155,50.831898
21156,76.53373
21157,64.80059
21158,37.573853
21159,30.904087
21160,40.5525
21161,49.693027
21162,54.24666
21163,51.106533
21164,77.66218
21165,67.14819
21166,37.97329
21167,30.772896
21168,35.906998
21169,53.548256
21170,56.12665
21171,47.800003
21172,80.26598
21173,65.04802
21174,37.90631
21175,31.75784
21176,36.997486
21177,49.041103
21178,60.777588
21179,46.988743
21180,79.86354
21181,66.59132
21182,35.283302
21183,29.34813
21184,37.578854
21185,40.515434
21186,58.823277
21187,45.592648
21188,79.36247
21189,66.798805
21190,42.547398
21191,32.39047
21192,38.397808
21193,48.734905
21194,62.165535
21195,45.61485
21196,83.73804
21197,66.814
21198,33.49092
21199,30.43686
21200,35.87815
21201,47.85417
21202,54.17431
21203,49.989407
21204,79.84129
21205,66.95537
21206,38.22425
21207,29.997875
21208,36.976665
21209,50.54655
21210,58.737217
21211,48.339283
21212,84.05641
21213,65.306335
21214,37.19471
21215,32.40015
21216,38.248604
21217,48.337463
21218,52.509274
21219,49.548584
21220,76.23357
21221,67.74899
21222,35.4522
21223,28.375072
21224,35.023285
21225,50.967407
21226,52.39457
21227,48.43709
21228,83.678925
21229,66.619095
21230,36.740448
21231,30.627842
21232,37.63662
21233,50.5233
21234,51.995422
21235,49.395542
21236,81.518745
21237,68.77863
21238,40.197323
21239,28.740479
21240,37.829964
21241,45.86459
21242,55.50773
21243,45.437088
21244,86.95874
21245,67.36064
21246,36.69016
21247,30.690678
21248,39.404293
21249,46.060394
21250,58.931824
21251,49.16855
21252,83.00037
21253,68.81693
21254,37.405945
21255,29.558083
21256,37.802086
21257,48.74725
21258,60.065636
21259,47.794308
21260,85.09407
21261,66.719666
21262,34.316795
21263,30.42905
21264,36.384995
21265,53.734234
21266,56.449406
21267,50.35066
21268,79.62515
21269,66.83985
21270,38.112614
21271,31.311895
21272,37.797707
21273,52.764294
21274,61.78841
21275,49.39843
21276,89.06364
21277,67.64374
21278,37.173294
21279,30.959246
21280,38.64218
21281,52.38695
21282,56.110424
21283,51.50461
21284,82.64021
21285,67.90292
21286,41.236183
21287,30.253325
21288,40.57905
21289,45.62599
21290,54.066578
21291,47.385166
21292,86.649864
21293,66.98351
21294,37.757233
21295,29.749779
21296,37.210556
21297,47.53059
21298,58.0056
21299,47.3301
21300,84.91216
21301,65.06587
21302,36.178593
21303,30.251429
21304,35.538277
21305,50.974434
21306,55.348248
21307,48.024334
21308,82.11032
21309,65.225624
21310,34.549587
21311,30.476383
21312,41.265717
21313,50.009735
21314,56.93653
21315,54.04317
21316,75.50749
21317,64.88104
21318,36.992374
21319,29.472116
21320,36.24736
21321,44.066628
21322,54.75357
21323,43.513657
21324,80.087326
21325,67.00879
21326,39.042534
21327,32.50807
21328,37.64647
21329,46.917923
21330,59.37622
21331,46.544956
21332,81.88054
21333,65.98153
21334,35.96238
21335,29.452768
21336,35.17286
21337,52.59998
21338,56.887634
21339,48.66661
21340,81.906815
21341,66.97633
21342,36.23587
21343,29.730244
21344,37.744213
21345,48.60583
21346,56.689827
21347,48.56686
21348,86.41965
21349,68.48061
21350,37.46175
21351,30.082575
21352,39.372475
21353,48.22254
21354,57.474457
21355,47.657066
21356,79.60859
21357,66.757484
21358,38.63259
21359,31.655792
21360,36.005432
21361,42.9666
21362,61.799377
21363,44.33402
21364,83.82943
21365,66.46523
21366,38.808727
21367,32.159653
21368,37.450134
21369,46.50421
21370,56.146286
21371,45.43475
21372,81.25616
21373,63.690678
21374,35.77741
21375,32.941982
21376,36.376404
21377,48.19807
21378,59.028652
21379,46.57682
21380,80.83147
21381,63.864395
21382,41.381634
21383,34.69348
21384,36.137394
21385,54.77168
21386,60.265976
21387,46.87604
21388,78.327484
21389,69.252014
21390,33.30918
21391,27.532114
21392,33.956997
21393,49.96134
21394,57.83886
21395,48.60323
21396,89.390594
21397,66.41783
21398,35.264156
21399,29.71545
21400,37.058487
21401,49.566914
21402,57.609184
21403,48.37459
21404,84.18603
21405,65.61909
21406,34.682953
21407,32.49482
21408,37.986
21409,47.825397
21410,59.201134
21411,51.434628
21412,79.59801
21413,65.37914
21414,36.628807
21415,32.259003
21416,36.37047
21417,44.308136
21418,56.003998
21419,46.474365
21420,79.98192
21421,65.75363
21422,34.06478
21423,30.365793
21424,35.298576
21425,53.916447
21426,55.29678
21427,50.106697
21428,79.57637
21429,62.484978
21430,36.281197
21431,32.196354
21432,38.517933
21433,48.334366
21434,56.663033
21435,49.580544
21436,77.34113
21437,64.14728
21438,34.850883
21439,32.670162
21440,33.517624
21441,53.729904
21442,52.497475
21443,48.64444
21444,74.77445
21445,64.868866
21446,39.067265
21447,32.6682
21448,37.276245
21449,45.283867
21450,56.397312
21451,45.19722
21452,80.15784
21453,66.835724
21454,38.92688
21455,31.64823
21456,36.347374
21457,45.32838
21458,53.476223
21459,45.11754
21460,79.49598
21461,65.65269
21462,38.885468
21463,31.068745
21464,39.245384
21465,49.350517
21466,54.55186
21467,48.549454
21468,79.238464
21469,66.03128
21470,37.696785
21471,31.81512
21472,38.993458
21473,52.6325
21474,63.274563
21475,50.483784
21476,83.71633
21477,65.08815
21478,37.759514
21479,30.70176
21480,39.029007
21481,51.55696
21482,53.53982
21483,49.349686
21484,79.811356
21485,65.58728
21486,37.987553
21487,33.32189
21488,37.3267
21489,48.609688
21490,57.65203
21491,47.288425
21492,77.23404
21493,66.30133
21494,37.526558
21495,29.80681
21496,36.964413
21497,42.6179
21498,54.514576
21499,44.270473
21500,81.0119
21501,66.822495
21502,41.200394
21503,33.616806
21504,34.4009
21505,46.68687
21506,58.73797
21507,42.05371
21508,78.713745
21509,66.49899
21510,38.802856
21511,31.502234
21512,39.68671
21513,48.88834
21514,55.888916
21515,49.842846
21516,81.723404
21517,66.093605
21518,38.154423
21519,30.894514
21520,36.6885
21521,48.889347
21522,56.648144
21523,46.997036
21524,82.89426
21525,66.15234
21526,37.602448
21527,30.947706
21528,37.619614
21529,50.433174
21530,57.40326
21531,49.10195
21532,81.89569
21533,66.00174
21534,37.996223
21535,31.568865
21536,38.57331
21537,51.29549
21538,53.682827
21539,49.323166
21540,77.22575
21541,66.51801
21542,36.36462
21543,32.174408
21544,36.713078
21545,49.08821
21546,52.992283
21547,48.61164
21548,78.047455
21549,66.642815
21550,38.08086
21551,32.60547
21552,32.186295
21553,50.589214
21554,57.603367
21555,42.969456
21556,78.65747
21557,68.13509
21558,39.138157
21559,28.8284
21560,37.133198
21561,45.480476
21562,59.83076
21563,45.111794
21564,87.309784
21565,66.75824
21566,35.943535
21567,30.977657
21568,38.497086
21569,55.551537
21570,59.47592
21571,52.780495
21572,84.100006
21573,67.96133
21574,39.434837
21575,30.473156
21576,36.014435
21577,46.511845
21578,55.89417
21579,44.981453
21580,81.70804
21581,66.07972
21582,36.997284
21583,30.416811
21584,36.074333
21585,48.292694
21586,53.52997
21587,46.961086
21588,79.731575
21589,65.980446
21590,39.643173
21591,32.269356
21592,38.485687
21593,47.213463
21594,59.48611
21595,45.100082
21596,80.054955
21597,65.07618
21598,34.85207
21599,30.874256
21600,35.538673
21601,49.548946
21602,57.10038
21603,48.574352
21604,78.10759
21605,65.27017
21606,37.03804
21607,29.874306
21608,41.092175
21609,49.284893
21610,59.835297
21611,51.116287
21612,84.48622
21613,67.24878
21614,35.848713
21615,29.611721
21616,35.674328
21617,47.843277
21618,56.717236
21619,47.41235
21620,84.21622
21621,66.06739
21622,34.8894
21623,30.102903
21624,35.976997
21625,53.170086
21626,57.388298
21627,50.343624
21628,82.558525
21629,66.46517
21630,35.12253
21631,30.093517
21632,35.973297
21633,47.03502
21634,50.557648
21635,48.049824
21636,79.676346
21637,67.06687
21638,40.21365
21639,30.32812
21640,32.067013
21641,38.562798
21642,57.268425
21643,36.003647
21644,80.74121
21645,65.55016
21646,35.43673
21647,30.653498
21648,36.43985
21649,48.51128
21650,54.79697
21651,48.12285
21652,80.0858
21653,65.48709
21654,37.735817
21655,31.35062
21656,33.348877
21657,47.822414
21658,58.137623
21659,43.478218
21660,77.79244
21661,67.00378
21662,36.625916
21663,30.064821
21664,39.17024
21665,50.49789
21666,59.95589
21667,50.718395
21668,81.620316
21669,63.223152
21670,38.53656
21671,33.54829
21672,36.20002
21673,49.41894
21674,63.137905
21675,46.12454
21676,80.9299
21677,65.355705
21678,37.888794
21679,31.475676
21680,36.587715
21681,44.315094
21682,62.70626
21683,44.95789
21684,84.031006
21685,64.35083
21686,37.459534
21687,30.97808
21688,39.07366
21689,51.395958
21690,57.94593
21691,50.182987
21692,78.54285
21693,66.825806
21694,36.180546
21695,30.970512
21696,36.54523
21697,48.01389
21698,56.70666
21699,48.649776
21700,81.23286
21701,69.43332
21702,37.985237
21703,31.651583
21704,35.3731
21705,48.171585
21706,58.741005
21707,46.551636
21708,85.73241
21709,65.31717
21710,39.465057
21711,31.58086
21712,39.246006
21713,51.20455
21714,57.38502
21715,48.306904
21716,78.980515
21717,64.613434
21718,35.310524
21719,30.58742
21720,36.660545
21721,48.769367
21722,56.63034
21723,48.772873
21724,78.4586
21725,65.00658
21726,34.38048
21727,31.102566
21728,39.499718
21729,51.96557
21730,57.60604
21731,53.60462
21732,77.263626
21733,65.558
21734,40.502598
21735,30.863758
21736,36.36975
21737,41.313633
21738,58.443863
21739,41.82741
21740,80.56307
21741,64.501205
21742,39.402725
21743,31.477486
21744,35.70271
21745,39.37696
21746,62.974564
21747,39.680286
21748,82.07721
21749,63.663483
21750,33.833916
21751,31.55759
21752,39.438217
21753,54.833027
21754,56.547707
21755,55.36962
21756,77.03032
21757,65.8479
21758,38.252426
21759,30.414726
21760,38.929756
21761,45.085632
21762,60.45317
21763,47.835747
21764,82.97897
21765,68.01343
21766,37.20779
21767,30.077448
21768,34.687763
21769,50.185112
21770,55.939125
21771,45.6844
21772,82.484795
21773,65.391525
21774,34.998898
21775,30.293901
21776,39.28318
21777,50.760937
21778,56.59557
21779,52.488453
21780,80.19579
21781,65.75888
21782,37.49643
21783,31.2807
21784,41.879642
21785,47.62468
21786,58.16623
21787,52.496307
21788,85.91283
21789,64.62073
21790,38.177402
21791,31.90865
21792,36.81408
21793,46.169136
21794,60.345024
21795,43.660408
21796,78.21278
21797,66.42645
21798,33.554153
21799,29.826103
21800,34.408295
21801,48.639572
21802,51.447628
21803,48.384666
21804,78.842186
21805,66.529434
21806,40.887703
21807,31.353464
21808,37.91282
21809,47.820454
21810,56.37241
21811,45.07181
21812,85.615715
21813,63.591427
21814,37.347878
21815,33.032547
21816,36.742657
21817,55.700348
21818,57.28219
21819,49.762257
21820,75.96022
21821,68.17711
21822,39.508255
21823,30.68013
21824,34.94673
21825,46.84934
21826,61.02359
21827,43.29677
21828,81.17148
21829,65.192604
21830,40.97991
21831,31.595013
21832,37.98926
21833,49.28129
21834,60.742886
21835,44.600048
21836,83.748604
21837,66.15664
21838,37.42864
21839,31.107208
21840,37.050705
21841,50.269287
21842,59.843586
21843,47.660667
21844,84.72745
21845,65.22887
21846,38.750046
21847,31.635813
21848,40.79959
21849,47.728924
21850,56.125774
21851,48.98352
21852,80.88573
21853,66.01369
21854,37.583214
21855,32.368164
21856,39.004356
21857,45.282448
21858,54.657555
21859,48.69405
21860,79.4687
21861,66.32509
21862,37.272987
21863,31.944773
21864,38.36753
21865,51.48845
21866,55.668144
21867,48.611195
21868,78.488464
21869,66.22965
21870,35.333664
21871,29.571892
21872,37.62055
21873,47.01257
21874,52.021507
21875,49.31789
21876,79.75679
21877,66.34444
21878,37.82623
21879,29.917173
21880,36.480125
21881,47.841217
21882,56.25953
21883,45.979588
21884,83.80647
21885,64.80365
21886,37.42594
21887,31.820396
21888,38.098343
21889,50.289673
21890,58.47006
21891,47.845123
21892,80.32767
21893,65.199005
21894,34.68208
21895,30.624428
21896,37.86891
21897,50.772823
21898,52.239815
21899,51.65897
21900,81.14053
21901,66.0253
21902,36.21389
21903,29.484701
21904,39.869514
21905,50.776558
21906,55.113705
21907,52.118435
21908,85.1687
21909,66.97031
21910,35.38224
21911,29.803156
21912,35.92659
21913,50.423607
21914,55.977345
21915,48.88655
21916,81.85953
21917,64.8268
21918,37.095505
21919,31.912788
21920,36.01696
21921,47.44943
21922,55.44194
21923,45.283325
21924,80.071655
21925,67.16199
21926,41.595886
21927,33.321564
21928,38.968475
21929,46.070984
21930,56.06111
21931,46.758583
21932,79.866455
21933,65.33198
21934,39.058334
21935,31.365446
21936,37.26851
21937,46.78366
21938,59.672134
21939,45.049923
21940,82.314445
21941,64.075775
21942,38.36082
21943,32.226925
21944,40.761898
21945,48.138134
21946,58.60942
21947,49.268677
21948,76.84361
21949,65.476555
21950,37.513905
21951,31.16205
21952,35.125908
21953,51.367077
21954,58.62215
21955,46.629097
21956,79.95007
21957,64.630516
21958,35.062756
21959,31.631315
21960,39.715424
21961,53.910156
21962,61.933975
21963,53.366283
21964,83.25377
21965,66.31018
21966,37.719852
21967,29.675354
21968,36.53363
21969,50.53181
21970,58.224968
21971,47.681072
21972,85.124756
21973,68.107216
21974,38.849106
21975,31.450657
21976,36.941647
21977,47.24243
21978,54.266205
21979,45.709415
21980,79.53262
21981,65.8185
21982,38.847122
21983,31.849949
21984,36.8966
21985,47.864258
21986,56.503204
21987,45.12124
21988,80.523926
21989,66.17197
21990,36.556656
21991,30.760136
21992,37.213547
21993,44.776917
21994,57.709805
21995,46.546284
21996,75.04801
21997,64.91411
21998,37.170063
21999,32.546127
22000,38.488773
22001,46.849915
22002,58.152412
22003,47.067593
22004,80.284325
22005,66.48082
22006,37.653122
22007,30.99863
22008,38.16117
22009,47.52386
22010,56.496452
22011,47.819347
22012,81.61804
22013,68.25181
22014,39.143208
22015,30.672873
22016,36.641167
22017,48.376274
22018,57.716652
22019,45.48073
22020,83.91095
22021,66.06445
22022,40.074444
22023,31.896574
22024,35.39418
22025,44.211994
22026,54.608524
22027,41.421772
22028,79.63659
22029,62.640495
22030,35.576675
22031,32.38849
22032,39.872803
22033,52.01496
22034,54.77089
22035,51.75004
22036,74.60956
22037,65.996704
22038,36.19467
22039,30.613962
22040,35.823887
22041,50.1235
22042,55.812355
22043,47.499382
22044,79.88688
22045,64.64108
22046,36.31322
22047,31.81771
22048,38.115467
22049,49.754623
22050,54.702835
22051,49.9691
22052,79.2219
22053,68.25009
22054,38.54294
22055,29.072975
22056,38.635162
22057,49.536343
22058,59.380116
22059,48.173347
22060,85.5643
22061,65.66972
22062,36.540363
22063,30.306019
22064,42.239006
22065,52.28196
22066,60.653175
22067,54.717293
22068,83.56606
22069,64.830185
22070,39.816967
22071,32.66134
22072,39.52862
22073,49.154045
22074,58.420563
22075,49.021576
22076,84.43204
22077,64.354355
22078,36.861652
22079,30.819256
22080,39.560993
22081,49.07601
22082,55.54506
22083,50.344856
22084,78.54842
22085,62.5414
22086,37.211296
22087,33.91567
22088,39.780865
22089,50.23112
22090,57.403915
22091,52.350525
22092,76.70861
22093,65.5495
22094,37.647137
22095,31.426474
22096,35.555008
22097,50.630882
22098,51.489365
22099,46.412025
22100,80.22373
22101,66.726776
22102,35.521248
22103,29.807873
22104,39.09534
22105,49.317207
22106,58.670013
22107,50.467987
22108,79.75379
22109,66.45454
22110,34.47719
22111,29.402452
22112,35.116707
22113,51.00431
22114,51.343163
22115,49.699425
22116,81.12942
22117,66.44566
22118,39.03837
22119,31.774467
22120,37.726444
22121,47.59164
22122,57.671673
22123,46.879387
22124,81.86323
22125,67.10986
22126,36.7948
22127,30.781668
22128,35.67431
22129,47.212837
22130,53.739372
22131,46.03083
22132,77.52733
22133,68.981415
22134,37.839622
22135,30.001904
22136,37.062935
22137,53.45406
22138,58.358955
22139,49.539047
22140,81.97339
22141,63.280056
22142,37.71049
22143,34.06176
22144,38.745277
22145,50.79252
22146,56.477203
22147,48.480434
22148,74.86214
22149,65.616844
22150,35.028675
22151,30.050346
22152,37.55498
22153,50.551247
22154,54.88883
22155,50.40813
22156,84.41673
22157,66.33664
22158,35.976673
22159,31.133425
22160,36.308414
22161,48.567474
22162,54.813473
22163,48.088257
22164,79.79761
22165,67.99942
22166,36.034878
22167,29.196182
22168,34.698647
22169,48.546333
22170,54.642593
22171,46.184048
22172,82.513626
22173,65.80369
22174,39.04323
22175,31.292675
22176,35.74983
22177,50.65055
22178,58.005222
22179,46.50207
22180,82.52529
22181,65.53114
22182,38.834248
22183,31.889
22184,39.019737
22185,48.62129
22186,55.739586
22187,48.357574
22188,79.63835
22189,66.556915
22190,37.570946
22191,30.804981
22192,40.248116
22193,48.84304
22194,57.446705
22195,50.470737
22196,81.63437
22197,66.9804
22198,38.64487
22199,30.629879
22200,36.745434
22201,50.720524
22202,57.72517
22203,47.34202
22204,82.1316
22205,66.93628
22206,36.716576
22207,30.732742
22208,36.059124
22209,48.355637
22210,54.758854
22211,47.022507
22212,80.93959
22213,67.287895
22214,37.680077
22215,31.175106
22216,37.09031
22217,46.815037
22218,55.453873
22219,46.51373
22220,78.55917
22221,67.29817
22222,40.32919
22223,32.688667
22224,35.64803
22225,48.501026
22226,60.60423
22227,42.898136
22228,79.411316
22229,66.07751
22230,35.08001
22231,30.829988
22232,36.241554
22233,47.64379
22234,57.61668
22235,48.2204
22236,79.903534
22237,68.282455
22238,36.64747
22239,28.756718
22240,37.692337
22241,51.13842
22242,61.221134
22243,49.30732
22244,87.30589
22245,65.66623
22246,35.425957
22247,31.602123
22248,38.54033
22249,46.860992
22250,56.667786
22251,50.726818
22252,80.80804
22253,66.22767
22254,37.380627
22255,29.629103
22256,38.48713
22257,48.65168
22258,59.28727
22259,48.641033
22260,85.64338
22261,65.106865
22262,35.831425
22263,31.91357
22264,38.86112
22265,49.28562
22266,58.955383
22267,51.136173
22268,81.6887
22269,66.38425
22270,35.224327
22271,31.916613
22272,36.343666
22273,48.27781
22274,54.436134
22275,49.213036
22276,75.711716
22277,64.37765
22278,35.33219
22279,31.417553
22280,43.083138
22281,53.434765
22282,56.490646
22283,57.09918
22284,77.42764
22285,63.533417
22286,38.32484
22287,32.772415
22288,38.63107
22289,48.168686
22290,54.386024
22291,48.936115
22292,77.150375
22293,64.06212
22294,35.43686
22295,31.675493
22296,40.399097
22297,46.208813
22298,61.666035
22299,51.605965
22300,78.653
22301,64.579765
22302,37.18052
22303,30.85052
22304,38.416252
22305,51.010548
22306,57.48768
22307,49.339188
22308,76.525566
22309,67.353615
22310,39.156857
22311,30.708826
22312,38.335052
22313,46.177406
22314,57.568848
22315,46.4821
22316,84.34369
22317,65.264404
22318,38.128677
22319,30.05465
22320,37.750473
22321,47.93815
22322,55.233864
22323,47.59529
22324,82.361336
22325,68.58063
22326,34.894127
22327,29.531998
22328,36.394714
22329,49.334423
22330,57.891975
22331,48.537968
22332,83.94744
22333,64.670074
22334,37.98816
22335,32.65357
22336,38.83452
22337,46.220966
22338,54.330154
22339,47.87452
22340,77.22956
22341,65.418564
22342,33.21091
22343,29.820377
22344,38.482483
22345,49.064518
22346,58.146965
22347,52.890022
22348,81.87265
22349,64.64868
22350,37.41071
22351,31.711445
22352,36.957558
22353,47.543594
22354,57.91045
22355,47.039257
22356,79.30623
22357,65.27844
22358,34.950043
22359,31.01251
22360,40.424538
22361,49.416355
22362,56.25011
22363,53.120407
22364,81.34965
22365,67.60669
22366,35.753357
22367,29.787094
22368,35.608994
22369,49.024834
22370,54.88916
22371,47.948475
22372,82.43381
22373,66.83743
22374,35.33494
22375,31.591957
22376,39.337173
22377,50.990086
22378,58.109566
22379,53.49192
22380,87.31445
22381,67.221855
22382,38.164925
22383,33.00846
22384,38.42332
22385,47.383614
22386,57.312553
22387,48.206398
22388,79.19714
22389,66.451706
22390,35.044647
22391,29.391253
22392,35.5653
22393,43.822426
22394,56.301804
22395,46.5735
22396,82.56279
22397,65.57933
22398,37.65719
22399,30.300617
22400,39.414806
22401,47.604645
22402,54.99127
22403,47.830406
22404,79.84409
22405,63.19745
22406,33.97382
22407,31.952745
22408,40.71444
22409,54.97162
22410,55.909443
22411,56.726315
22412,75.68274
22413,64.6772
22414,33.74057
22415,29.137766
22416,38.736153
22417,43.349915
22418,54.933704
22419,50.190735
22420,80.130585
22421,66.177505
22422,34.374363
22423,30.35118
22424,37.73851
22425,53.573895
22426,59.684708
22427,53.22008
22428,82.587074
22429,65.65216
22430,37.229496
22431,31.654406
22432,37.097248
22433,49.27704
22434,56.707485
22435,47.963745
22436,80.18071
22437,64.76622
22438,36.10444
22439,31.850592
22440,39.88581
22441,50.97579
22442,58.01297
22443,51.293194
22444,75.71482
22445,65.52139
22446,37.81894
22447,31.241404
22448,38.487305
22449,48.708874
22450,56.909958
22451,49.245796
22452,80.16162
22453,69.22743
22454,39.448418
22455,30.51736
22456,35.418144
22457,49.305656
22458,62.89781
22459,44.70005
22460,88.14446
22461,64.541245
22462,36.237312
22463,30.825977
22464,37.934124
22465,46.176678
22466,57.874043
22467,47.44918
22468,80.593704
22469,66.87063
22470,35.0017
22471,31.769966
22472,36.892296
22473,50.203995
22474,61.185493
22475,50.384167
22476,81.34865
22477,63.076168
22478,35.929367
22479,33.386192
22480,40.574356
22481,46.001205
22482,57.090206
22483,49.668633
22484,77.89226
22485,63.459015
22486,37.84906
22487,33.39097
22488,37.239758
22489,43.914234
22490,54.613197
22491,45.397274
22492,79.45321
22493,65.82593
22494,35.09395
22495,30.071903
22496,37.186146
22497,48.767372
22498,52.77276
22499,49.515156
22500,79.895485
22501,67.064285
22502,34.250885
22503,29.702438
22504,33.586395
22505,49.982124
22506,55.909935
22507,47.72712
22508,80.56029
22509,66.06287
22510,37.309826
22511,31.423677
22512,38.449776
22513,52.40452
22514,57.140896
22515,50.431576
22516,81.41547
22517,67.73409
22518,39.398743
22519,32.214176
22520,35.729836
22521,48.162804
22522,60.17283
22523,45.270733
22524,84.90381
22525,65.561424
22526,32.49509
22527,30.166653
22528,37.746983
22529,45.86282
22530,58.78782
22531,51.690292
22532,80.13205
22533,65.90433
22534,35.894615
22535,29.771473
22536,38.69094
22537,50.28101
22538,57.143658
22539,50.09438
22540,78.70421
22541,66.52409
22542,36.664967
22543,32.167072
22544,37.20086
22545,46.56306
22546,55.245148
22547,47.31112
22548,77.15503
22549,66.37038
22550,37.4118
22551,31.045528
22552,36.038803
22553,46.5256
22554,56.272125
22555,45.014168
22556,83.64202
22557,67.31892
22558,36.385273
22559,31.24329
22560,34.30203
22561,45.45667
22562,56.191116
22563,45.430668
22564,78.918236
22565,65.44901
22566,37.619556
22567,31.09745
22568,38.091545
22569,46.413773
22570,58.759575
22571,47.09182
22572,85.599915
22573,66.34099
22574,33.682686
22575,29.81944
22576,38.194542
22577,48.877247
22578,57.370327
22579,51.750324
22580,79.60926
22581,66.90724
22582,35.77198
22583,27.657265
22584,35.856255
22585,47.693012
22586,54.11031
22587,46.53397
22588,82.55222
22589,64.145485
22590,36.892986
22591,30.292532
22592,39.77703
22593,52.04173
22594,55.51117
22595,51.3917
22596,80.66813
22597,67.238266
22598,36.8562
22599,30.94317
22600,37.42035
22601,46.696243
22602,56.533623
22603,47.692345
22604,82.56856
22605,65.68018
22606,36.828465
22607,30.793493
22608,39.06983
22609,50.55619
22610,56.795452
22611,49.79942
22612,77.98358
22613,69.25309
22614,42.54586
22615,32.290012
22616,34.739403
22617,46.504414
22618,62.745926
22619,41.619144
22620,85.171776
22621,67.12097
22622,36.38684
22623,30.780636
22624,35.74635
22625,48.733963
22626,58.54747
22627,47.567024
22628,81.28439
22629,66.5077
22630,38.172726
22631,30.18501
22632,37.23745
22633,49.918728
22634,55.80853
22635,47.48999
22636,80.52208
22637,65.71726
22638,38.4571
22639,30.65935
22640,38.234238
22641,46.706524
22642,55.815586
22643,47.434032
22644,79.22545
22645,68.254364
22646,36.195423
22647,30.31656
22648,37.435867
22649,44.508064
22650,61.535606
22651,47.74634
22652,85.858215
22653,64.44488
22654,36.524998
22655,31.966568
22656,37.989864
22657,46.704792
22658,57.474327
22659,48.30101
22660,79.82466
22661,71.138275
22662,35.231903
22663,27.82956
22664,35.52976
22665,49.803185
22666,59.702976
22667,48.49307
22668,88.96791
22669,66.954796
22670,37.241196
22671,30.235573
22672,39.213413
22673,51.588757
22674,59.03063
22675,50.543095
22676,84.48868
22677,67.32799
22678,36.42691
22679,30.940014
22680,39.440834
22681,47.92044
22682,53.342
22683,51.26513
22684,77.811646
22685,63.584923
22686,38.430748
22687,31.863993
22688,39.383007
22689,40.83911
22690,57.696724
22691,46.531166
22692,82.635635
22693,66.31955
22694,35.93956
22695,31.345474
22696,37.747837
22697,50.979084
22698,56.468422
22699,51.428123
22700,80.50389
22701,67.08826
22702,37.020023
22703,30.254957
22704,38.103535
22705,50.00311
22706,59.029858
22707,48.86699
22708,80.545494
22709,66.6886
22710,38.89137
22711,31.887707
22712,36.45142
22713,47.050014
22714,60.171577
22715,46.082546
22716,85.3587
22717,64.47621
22718,37.624664
22719,30.752705
22720,35.765366
22721,48.347393
22722,54.839806
22723,45.815193
22724,82.40294
22725,66.73151
22726,36.71542
22727,30.12327
22728,38.519516
22729,45.361702
22730,59.161648
22731,46.836876
22732,84.466
22733,64.91533
22734,33.540592
22735,30.829533
22736,35.389202
22737,49.45052
22738,62.430756
22739,48.14343
22740,79.40718
22741,67.12053
22742,36.479866
22743,30.32225
22744,36.71984
22745,44.923164
22746,58.230682
22747,47.29572
22748,83.02876
22749,64.00245
22750,35.824524
22751,32.85985
22752,38.79946
22753,51.525997
22754,54.04103
22755,51.724655
22756,77.10559
22757,66.35174
22758,39.06576
22759,31.261251
22760,36.94915
22761,44.06087
22762,55.514927
22763,44.675053
22764,80.488396
22765,65.11295
22766,36.34283
22767,31.364271
22768,36.22419
22769,46.67496
22770,60.365646
22771,46.34707
22772,78.00358
22773,66.797745
22774,34.54277
22775,30.83554
22776,39.453106
22777,46.208588
22778,58.331306
22779,52.43999
22780,80.91019
22781,65.67878
22782,35.41986
22783,32.331043
22784,37.88621
22785,48.183872
22786,56.159588
22787,48.99935
22788,78.16223
22789,64.870026
22790,35.816715
22791,31.603703
22792,39.310715
22793,52.49128
22794,54.920452
22795,52.17265
22796,83.59811
22797,66.688446
22798,37.48649
22799,29.555975
22800,38.03417
22801,50.14153
22802,60.70106
22803,48.34987
22804,88.95045
22805,66.46292
22806,35.77913
22807,32.540737
22808,38.83865
22809,50.78032
22810,59.247078
22811,52.887287
22812,84.49481
22813,67.353745
22814,40.350464
22815,30.659412
22816,37.43191
22817,47.325977
22818,59.18862
22819,46.026737
22820,88.06354
22821,67.3381
22822,34.21292
22823,29.966389
22824,34.716427
22825,49.944874
22826,53.142982
22827,49.145145
22828,81.159706
22829,65.645294
22830,36.82341
22831,32.56376
22832,35.823048
22833,54.828644
22834,58.5568
22835,49.640778
22836,79.430595
22837,65.245285
22838,36.3785
22839,32.44881
22840,36.558475
22841,49.592857
22842,52.750717
22843,48.72917
22844,76.92535
22845,66.688446
22846,37.48649
22847,29.555975
22848,38.03417
22849,50.14153
22850,60.70106
22851,48.34987
22852,88.95045
22853,65.88264
22854,37.758858
22855,31.507483
22856,35.200466
22857,45.049263
22858,54.342274
22859,44.483803
22860,79.90796
22861,65.560394
22862,37.25139
22863,31.494606
22864,37.715378
22865,48.939133
22866,56.608555
22867,48.533997
22868,77.77459
22869,65.775024
22870,39.121696
22871,31.450123
22872,38.54477
22873,49.81625
22874,59.84681
22875,47.626255
22876,83.33624
22877,66.71056
22878,36.82596
22879,31.317001
22880,36.32911
22881,55.748684
22882,56.074196
22883,50.833435
22884,80.62198
22885,63.723106
22886,35.910995
22887,31.949047
22888,37.62409
22889,46.1352
22890,56.089687
22891,48.073776
22892,75.717575
22893,66.84267
22894,35.016182
22895,32.46722
22896,34.831028
22897,54.764545
22898,58.435085
22899,50.721016
22900,77.62605
22901,66.18921
22902,38.71853
22903,31.864464
22904,37.71112
22905,54.167282
22906,58.37787
22907,49.580772
22908,81.80614
22909,66.79736
22910,39.752262
22911,31.450653
22912,39.96637
22913,50.54585
22914,58.173084
22915,49.51417
22916,81.78175
22917,66.82562
22918,39.445435
22919,31.655964
22920,35.956215
22921,55.13883
22922,62.45571
22923,47.972298
22924,83.365555
22925,65.05699
22926,35.077988
22927,32.50507
22928,39.41043
22929,58.87657
22930,54.541103
22931,56.17855
22932,76.929886
22933,65.040054
22934,36.12101
22935,32.08217
22936,36.555218
22937,47.882042
22938,57.03447
22939,47.843166
22940,78.10237
22941,66.964905
22942,36.39106
22943,29.871225
22944,39.283264
22945,50.845634
22946,55.333565
22947,51.191483
22948,82.48497
22949,66.12961
22950,34.579098
22951,30.127981
22952,39.30629
22953,49.147842
22954,55.891144
22955,52.21939
22956,78.48603
22957,65.33261
22958,38.92267
22959,32.046272
22960,38.699566
22961,49.520336
22962,58.666298
22963,48.452686
22964,80.482315
22965,69.00994
22966,37.6491
22967,33.848732
22968,33.156136
22969,50.58879
22970,51.653534
22971,44.678425
22972,74.23877
22973,67.68982
22974,38.53974
22975,30.873087
22976,35.55127
22977,42.70943
22978,59.07859
22979,43.98707
22980,81.910736
22981,67.158615
22982,34.51155
22983,30.88227
22984,33.872932
22985,50.570328
22986,56.232315
22987,47.858604
22988,80.518585
22989,67.17787
22990,39.989464
22991,31.67258
22992,37.893414
22993,49.00036
22994,57.59936
22995,46.474236
22996,83.8126
22997,64.47991
22998,36.0605
22999,31.443624
23000,37.12045
23001,47.38167
23002,59.827274
23003,48.559322
23004,80.93876
23005,67.09812
23006,33.585114
23007,28.997225
23008,33.25347
23009,49.61182
23010,54.652657
23011,47.29338
23012,80.305954
23013,66.301025
23014,35.482872
23015,29.68789
23016,38.612053
23017,49.96929
23018,58.041397
23019,51.113888
23020,81.843
23021,67.74276
23022,34.777954
23023,29.12864
23024,36.69673
23025,47.272877
23026,56.781082
23027,48.849026
23028,81.80979
23029,69.14218
23030,37.596764
23031,28.7694
23032,35.687187
23033,49.105526
23034,60.15334
23035,46.44816
23036,85.8524
23037,65.88195
23038,33.789616
23039,30.60891
23040,35.603462
23041,48.11804
23042,53.577927
23043,48.51616
23044,76.46241
23045,66.88693
23046,32.65743
23047,30.569248
23048,36.899048
23049,47.837055
23050,59.48085
23051,51.34896
23052,80.345665
23053,65.84566
23054,34.27814
23055,30.957306
23056,37.153755
23057,49.174164
23058,54.630928
23059,50.5876
23060,79.17291
23061,69.293816
23062,34.101376
23063,28.158545
23064,34.801456
23065,48.446346
23066,55.220127
23067,48.413708
23068,85.041145
23069,65.92167
23070,37.490154
23071,32.31909
23072,35.578266
23073,45.033344
23074,56.086815
23075,44.025154
23076,77.72583
23077,66.845116
23078,38.60228
23079,29.789608
23080,38.414955
23081,47.555405
23082,57.911854
23083,47.50686
23084,81.9712
23085,69.10416
23086,38.513607
23087,29.060795
23088,36.20343
23089,48.670094
23090,58.38006
23091,45.92571
23092,87.28122
23093,65.267555
23094,35.752556
23095,31.447681
23096,37.1304
23097,46.62289
23098,56.843727
23099,46.962006
23100,83.75296
23101,65.70801
23102,35.06673
23103,29.1791
23104,35.838486
23105,49.08951
23106,57.757416
23107,47.87872
23108,83.68593
23109,67.30228
23110,33.305824
23111,30.538809
23112,41.177402
23113,51.01019
23114,57.68286
23115,56.373875
23116,86.26528
23117,64.65221
23118,34.855797
23119,31.903774
23120,37.304924
23121,50.736965
23122,55.143414
23123,51.157837
23124,79.29661
23125,63.744675
23126,36.340096
23127,32.721386
23128,38.716827
23129,49.69774
23130,52.41068
23131,50.2176
23132,77.514626
23133,65.503555
23134,36.925323
23135,32.755215
23136,36.633316
23137,48.574608
23138,54.270706
23139,48.02931
23140,76.53677
23141,66.3548
23142,35.06019
23143,29.220272
23144,37.724518
23145,49.191624
23146,56.401985
23147,49.715942
23148,81.22069
23149,68.18023
23150,40.478592
23151,33.43355
23152,36.499104
23153,45.502865
23154,60.713875
23155,43.882706
23156,81.12621
23157,66.62788
23158,35.011604
23159,28.850368
23160,34.8988
23161,49.599182
23162,56.753963
23163,46.923542
23164,83.319336
23165,66.54156
23166,35.457626
23167,30.999222
23168,35.90368
23169,48.24562
23170,54.885117
23171,47.49221
23172,80.078186
23173,67.611946
23174,36.628456
23175,31.337852
23176,37.069393
23177,46.972927
23178,55.260708
23179,47.964405
23180,79.962204
23181,67.22999
23182,36.44917
23183,30.403278
23184,36.44248
23185,49.31863
23186,58.778545
23187,47.557682
23188,82.92384
23189,65.70636
23190,35.50933
23191,29.162086
23192,37.423073
23193,56.36343
23194,60.66063
23195,51.825172
23196,83.78331
23197,63.747185
23198,36.69453
23199,30.832104
23200,38.684616
23201,45.88744
23202,55.841084
23203,46.653477
23204,80.961266
23205,65.872986
23206,36.27089
23207,31.222134
23208,37.013832
23209,47.696545
23210,55.277847
23211,47.7815
23212,80.22377
23213,63.760357
23214,33.393356
23215,31.18106
23216,41.422855
23217,47.69881
23218,54.603577
23219,54.580154
23220,76.44578
23221,66.14904
23222,36.30668
23223,30.234644
23224,36.145332
23225,47.7661
23226,56.438015
23227,46.58389
23228,83.83867
23229,66.19699
23230,33.82585
23231,29.692957
23232,40.019054
23233,49.976624
23234,51.295834
23235,53.85013
23236,80.10253
23237,66.21919
23238,35.76407
23239,31.599623
23240,36.356144
23241,47.80209
23242,52.632378
23243,48.233482
23244,76.67508
23245,67.72006
23246,38.617203
23247,29.944294
23248,35.23417
23249,46.407177
23250,58.34724
23251,43.809727
23252,82.69505
23253,66.14872
23254,38.765533
23255,30.930004
23256,37.141136
23257,53.25137
23258,59.756332
23259,46.781578
23260,83.41294
23261,64.30066
23262,35.876457
23263,31.196259
23264,38.68653
23265,48.618195
23266,59.529034
23267,49.060844
23268,81.2478
23269,67.58481
23270,36.352104
23271,31.066078
23272,36.59472
23273,43.115395
23274,57.165462
23275,45.765015
23276,82.26097
23277,67.07282
23278,34.806126
23279,31.060734
23280,36.681225
23281,47.32633
23282,55.188152
23283,49.701492
23284,80.16882
23285,64.172195
23286,33.374172
23287,29.670414
23288,38.816837
23289,49.86171
23290,53.42859
23291,52.188683
23292,76.71156
23293,66.95184
23294,35.961647
23295,31.140224
23296,36.425392
23297,47.606384
23298,55.160408
23299,47.649715
23300,80.873505
23301,66.18758
23302,35.934063
23303,31.676775
23304,34.766777
23305,48.721252
23306,53.612843
23307,46.71035
23308,79.47218
23309,68.17448
23310,36.60754
23311,30.153429
23312,33.174072
23313,47.04524
23314,54.612915
23315,44.484734
23316,82.9619
23317,68.01302
23318,32.96563
23319,29.40239
23320,34.163857
23321,51.949604
23322,56.03892
23323,50.34188
23324,80.55535
23325,66.5442
23326,38.308956
23327,30.420677
23328,35.603745
23329,51.41632
23330,59.422924
23331,44.432617
23332,84.94179
23333,65.85652
23334,35.58186
23335,30.66745
23336,37.44922
23337,51.768387
23338,54.09364
23339,51.268963
23340,78.45834
23341,66.60285
23342,37.10775
23343,29.785656
23344,38.36737
23345,47.585423
23346,57.742714
23347,47.26152
23348,84.67149
23349,67.13619
23350,36.297268
23351,29.466263
23352,35.90685
23353,50.09166
23354,54.161594
23355,47.80166
23356,81.82277
23357,64.80803
23358,35.324165
23359,32.005707
23360,37.596287
23361,47.435127
23362,54.624847
23363,48.736343
23364,76.089615
23365,69.67684
23366,40.179737
23367,31.692125
23368,34.787422
23369,45.2933
23370,58.898445
23371,43.226902
23372,89.37066
23373,67.733635
23374,34.149956
23375,28.420815
23376,38.128197
23377,49.663776
23378,56.26938
23379,52.091103
23380,82.868744
23381,66.32985
23382,37.550243
23383,31.014954
23384,35.666546
23385,48.568974
23386,56.37332
23387,45.086727
23388,84.47984
23389,66.28009
23390,36.924892
23391,32.166462
23392,37.844875
23393,45.806065
23394,57.268967
23395,47.73208
23396,78.4756
23397,63.953854
23398,36.027306
23399,31.708532
23400,35.21424
23401,42.26146
23402,51.015198
23403,44.13186
23404,75.01549
23405,64.50611
23406,33.282124
23407,30.178646
23408,39.444786
23409,51.33253
23410,55.25172
23411,53.970604
23412,81.882355
23413,65.04532
23414,37.552803
23415,29.284018
23416,41.530067
23417,52.611736
23418,58.841553
23419,53.320286
23420,83.666275
23421,67.50701
23422,42.938717
23423,32.15357
23424,35.81526
23425,47.306202
23426,58.884384
23427,40.541424
23428,83.7825
23429,66.92666
23430,36.386127
23431,30.393131
23432,40.145927
23433,48.51236
23434,59.476162
23435,51.255066
23436,79.7482
23437,61.675804
23438,35.811024
23439,32.650673
23440,36.080875
23441,48.727905
23442,55.680134
23443,47.04999
23444,73.97392
23445,65.06975
23446,32.850624
23447,30.343622
23448,33.677475
23449,49.273403
23450,59.66121
23451,47.464703
23452,77.53279
23453,65.52414
23454,34.993378
23455,32.397877
23456,40.385494
23457,51.24477
23458,57.949142
23459,54.52333
23460,78.912895
23461,67.22037
23462,34.681232
23463,31.127064
23464,36.274605
23465,41.954445
23466,55.644783
23467,46.832195
23468,76.995995
23469,65.012985
23470,36.274918
23471,31.36174
23472,32.90799
23473,50.261887
23474,54.147697
23475,44.814342
23476,77.00896
23477,66.3445
23478,36.78093
23479,31.26016
23480,37.73223
23481,49.87161
23482,55.184692
23483,47.903347
23484,80.43317
23485,65.34957
23486,39.17583
23487,31.580769
23488,38.45153
23489,46.87521
23490,50.799603
23491,47.216625
23492,82.65347
23493,68.1646
23494,38.541214
23495,31.923332
23496,36.088165
23497,45.543503
23498,56.061752
23499,45.18983
23500,82.63947
23501,66.53277
23502,36.27974
23503,29.720139
23504,36.405247
23505,45.3988
23506,57.50839
23507,46.615562
23508,81.6308
23509,65.3784
23510,40.01572
23511,30.728172
23512,34.87139
23513,49.856365
23514,54.110867
23515,43.301765
23516,78.424286
23517,67.01944
23518,35.1823
23519,29.116158
23520,35.68567
23521,49.741062
23522,51.92905
23523,48.49928
23524,81.21398
23525,66.55531
23526,36.26351
23527,33.046368
23528,36.662834
23529,49.837383
23530,58.641914
23531,49.296165
23532,80.16351
23533,67.799
23534,37.630344
23535,31.536018
23536,34.77472
23537,45.05845
23538,58.081886
23539,44.3468
23540,81.95238
23541,67.67496
23542,36.33506
23543,30.722631
23544,35.66297
23545,49.310265
23546,53.287193
23547,47.45501
23548,81.56774
23549,64.173355
23550,37.521297
23551,32.784187
23552,38.699886
23553,46.493538
23554,56.48911
23555,46.827633
23556,80.617935
23557,65.52869
23558,34.390907
23559,32.337074
23560,35.47908
23561,49.339634
23562,54.624725
23563,49.801926
23564,81.04176
23565,65.84663
23566,34.893093
23567,29.771004
23568,39.29145
23569,50.615246
23570,53.71298
23571,51.889866
23572,79.87268
23573,63.826035
23574,34.58478
23575,32.533108
23576,39.403908
23577,51.895336
23578,54.189114
23579,52.64881
23580,76.44201
23581,65.69311
23582,36.50328
23583,31.71655
23584,35.323566
23585,48.952835
23586,53.374413
23587,46.18926
23588,79.439674
23589,66.27011
23590,36.003525
23591,31.246738
23592,39.330814
23593,47.050392
23594,55.310146
23595,50.37719
23596,79.65878
23597,64.63128
23598,38.1913
23599,32.24919
23600,37.663574
23601,42.851818
23602,59.797577
23603,45.93316
23604,81.68793
23605,68.59725
23606,36.053677
23607,29.50317
23608,34.540543
23609,49.661644
23610,58.163548
23611,47.600735
23612,83.17569
23613,65.26869
23614,36.85373
23615,31.522467
23616,35.888878
23617,50.20594
23618,59.17269
23619,46.462452
23620,83.383995
23621,64.27382
23622,35.508575
23623,31.671635
23624,37.566124
23625,49.712227
23626,54.309635
23627,48.636154
23628,74.48537
23629,64.42278
23630,37.215385
23631,32.637794
23632,40.873066
23633,46.689243
23634,53.735664
23635,50.15712
23636,76.19603
23637,65.10083
23638,37.597584
23639,31.186749
23640,36.34008
23641,44.874996
23642,56.650677
23643,44.601685
23644,83.60332
23645,66.64494
23646,40.43149
23647,32.016457
23648,34.163124
23649,43.255535
23650,59.75967
23651,40.57502
23652,82.53264
23653,66.51245
23654,37.888065
23655,31.292656
23656,36.352146
23657,47.31525
23658,59.201393
23659,46.382977
23660,82.111206
23661,68.25189
23662,37.633476
23663,30.588818
23664,36.49469
23665,47.53554
23666,57.939545
23667,46.63862
23668,80.90967
23669,66.091835
23670,37.5015
23671,29.935822
23672,39.421516
23673,46.258083
23674,59.508602
23675,48.75304
23676,83.42357
23677,67.139114
23678,35.29235
23679,29.732193
23680,36.93331
23681,46.224426
23682,55.95862
23683,48.59304
23684,83.56273
23685,64.676125
23686,34.505844
23687,32.213284
23688,40.664574
23689,49.942047
23690,60.170513
23691,54.34898
23692,82.0929
23693,66.12337
23694,36.131203
23695,32.232647
23696,38.967537
23697,49.876892
23698,55.53488
23699,50.801308
23700,75.44206
23701,69.678024
23702,36.299683
23703,29.135315
23704,37.46914
23705,50.30627
23706,59.95708
23707,50.085083
23708,85.26651
23709,64.39002
23710,35.36403
23711,32.35168
23712,35.817833
23713,52.575512
23714,53.92789
23715,48.936646
23716,73.905655
23717,67.19296
23718,37.09552
23719,29.414236
23720,37.12468
23721,49.99107
23722,55.641567
23723,48.36162
23724,85.86199
23725,66.15322
23726,37.03757
23727,31.034113
23728,37.2293
23729,52.100567
23730,57.337006
23731,49.602173
23732,80.24219
23733,65.72821
23734,34.283615
23735,30.498749
23736,39.67224
23737,47.940605
23738,54.42565
23739,52.60582
23740,81.14375
23741,62.97779
23742,39.748005
23743,31.9973
23744,37.986565
23745,46.773933
23746,56.240726
23747,45.197433
23748,77.670456
23749,64.87021
23750,36.06161
23751,30.404606
23752,36.27912
23753,51.975315
23754,57.984253
23755,49.102566
23756,78.81324
23757,66.895065
23758,40.04826
23759,32.635635
23760,35.524048
23761,50.03458
23762,57.348434
23763,45.49285
23764,78.11938
23765,67.53897
23766,41.720634
23767,31.357426
23768,35.520935
23769,47.866222
23770,61.13535
23771,42.179043
23772,84.31452
23773,66.57246
23774,34.829323
23775,29.475248
23776,38.83892
23777,50.67026
23778,59.923508
23779,52.032654
23780,85.82467
23781,65.3904
23782,34.79522
23783,31.40471
23784,37.14225
23785,50.350773
23786,54.363297
23787,48.95651
23788,76.84563
23789,63.676353
23790,35.73472
23791,32.212933
23792,37.26404
23793,51.51379
23794,61.039337
23795,50.143604
23796,79.66192
23797,63.866356
23798,37.22154
23799,29.861034
23800,37.34784
23801,45.435112
23802,57.20218
23803,45.32565
23804,81.46252
23805,65.413376
23806,37.047367
23807,30.28101
23808,39.639854
23809,47.953365
23810,59.5245
23811,50.278175
23812,82.24128
23813,65.35448
23814,41.848164
23815,32.705772
23816,34.384727
23817,48.768642
23818,56.300774
23819,41.841248
23820,83.3891
23821,65.735825
23822,38.17762
23823,30.880537
23824,41.877903
23825,52.218143
23826,52.25817
23827,52.65449
23828,78.48455
23829,66.02266
23830,35.940186
23831,31.297632
23832,37.51461
23833,51.667492
23834,56.939354
23835,50.192936
23836,78.848495
23837,68.03156
23838,35.269073
23839,29.171244
23840,35.991547
23841,49.09261
23842,57.17269
23843,47.704758
23844,85.75801
23845,67.014984
23846,35.888027
23847,30.02641
23848,37.01597
23849,47.18495
23850,57.132046
23851,48.441727
23852,80.66145
23853,64.52461
23854,40.615646
23855,31.943132
23856,35.908676
23857,51.059814
23858,58.556625
23859,45.547062
23860,83.166985
23861,67.46939
23862,35.4041
23863,30.285305
23864,37.421356
23865,48.566605
23866,60.65779
23867,49.769337
23868,82.34646
23869,64.87021
23870,36.06161
23871,30.404606
23872,36.27912
23873,51.975315
23874,57.984253
23875,49.102566
23876,78.81324
23877,67.107666
23878,33.57261
23879,28.742352
23880,37.55544
23881,48.029896
23882,58.39048
23883,49.96555
23884,77.949234
23885,68.27969
23886,40.844124
23887,30.951702
23888,37.77308
23889,49.167202
23890,58.465908
23891,45.323933
23892,84.489044
23893,65.092445
23894,40.630726
23895,31.43332
23896,37.70069
23897,48.087894
23898,56.89142
23899,44.821335
23900,83.2079
23901,64.0275
23902,40.254173
23903,30.779144
23904,40.406273
23905,49.290146
23906,53.747334
23907,48.516197
23908,77.93509
23909,66.881
23910,37.65722
23911,30.046465
23912,37.579163
23913,49.977776
23914,61.46425
23915,48.62878
23916,84.05888
23917,66.75335
23918,39.07415
23919,30.884949
23920,39.04032
23921,48.30934
23922,53.81524
23923,49.146362
23924,80.33012
23925,67.16489
23926,35.78028
23927,30.962875
23928,36.07997
23929,49.196716
23930,57.014606
23931,47.668453
23932,81.343704
23933,65.6938
23934,34.779697
23935,31.661627
23936,37.342842
23937,47.402363
23938,55.216015
23939,50.112236
23940,78.87708
23941,66.113525
23942,36.568283
23943,32.789238
23944,37.094482
23945,52.582253
23946,55.985943
23947,50.042595
23948,81.10068
23949,67.64212
23950,36.612347
23951,29.860945
23952,35.430424
23953,52.356613
23954,57.124638
23955,48.68309
23956,83.49382
23957,65.389275
23958,34.278625
23959,29.684776
23960,37.33084
23961,49.825584
23962,54.976868
23963,48.672466
23964,78.465965
23965,66.119896
23966,34.70391
23967,29.054125
23968,37.09701
23969,49.834175
23970,56.14027
23971,49.858093
23972,82.32237
23973,64.60748
23974,35.666107
23975,29.983942
23976,39.679226
23977,47.52066
23978,57.419518
23979,49.791805
23980,79.031815
23981,65.48877
23982,37.965416
23983,31.19952
23984,38.382896
23985,47.82392
23986,55.878265
23987,47.920593
23988,78.90098
23989,64.56586
23990,36.293106
23991,33.08229
23992,37.215744
23993,51.271603
23994,56.830437
23995,50.43267
23996,77.625885
23997,64.17608
23998,38.795254
23999,31.841145
24000,37.505783
24001,50.255802
24002,53.85669
24003,45.940643
24004,78.33875
24005,68.04894
24006,34.912636
24007,30.675241
24008,36.99868
24009,47.298008
24010,55.19795
24011,49.788563
24012,79.27659
24013,66.27716
24014,38.53057
24015,30.36764
24016,38.50544
24017,51.782112
24018,56.199352
24019,49.07327
24020,83.62994
24021,66.42941
24022,36.21866
24023,31.041079
24024,35.877533
24025,46.355316
24026,54.991352
24027,46.962124
24028,82.17604
24029,66.00067
24030,38.631435
24031,30.470427
24032,36.790527
24033,48.857643
24034,55.6522
24035,46.31609
24036,83.956535
24037,68.42258
24038,36.644283
24039,28.712383
24040,35.117523
24041,46.565926
24042,56.236176
24043,45.81369
24044,82.78591
24045,67.42615
24046,38.395157
24047,29.641703
24048,34.94675
24049,50.576916
24050,56.195667
24051,45.95365
24052,83.02524
24053,67.003204
24054,38.580353
24055,30.712067
24056,37.239845
24057,46.8729
24058,54.76613
24059,46.41278
24060,79.38351
24061,66.05316
24062,36.38527
24063,30.611696
24064,37.77431
24065,46.86425
24066,54.71613
24067,48.068947
24068,79.56097
24069,68.42258
24070,36.644283
24071,28.712383
24072,35.117523
24073,46.565926
24074,56.236176
24075,45.81369
24076,82.78591
24077,66.95425
24078,39.266964
24079,31.03439
24080,34.98217
24081,48.73283
24082,59.763836
24083,44.564007
24084,84.39471
24085,67.372314
24086,35.536133
24087,29.230928
24088,39.809456
24089,47.50663
24090,58.711746
24091,50.31098
24092,82.00372
24093,64.98236
24094,36.21138
24095,31.997707
24096,38.03761
24097,48.855843
24098,55.567474
24099,48.5313
24100,75.896255
24101,66.76203
24102,37.739365
24103,30.749062
24104,38.643227
24105,49.724174
24106,56.167305
24107,49.242737
24108,80.921036
24109,66.05316
24110,36.38527
24111,30.611696
24112,37.77431
24113,46.86425
24114,54.71613
24115,48.068947
24116,79.56097
24117,68.125946
24118,38.19108
24119,31.746166
24120,34.468338
24121,51.572384
24122,59.431843
24123,45.4956
24124,82.42656
24125,66.565674
24126,36.843567
24127,30.014116
24128,40.11723
24129,54.15132
24130,59.940697
24131,52.54018
24132,81.84941
24133,64.5711
24134,37.851406
24135,31.800138
24136,36.49374
24137,46.155293
24138,54.603943
24139,45.7364
24140,77.28906
24141,67.478134
24142,37.740875
24143,32.69187
24144,36.1861
24145,45.760742
24146,59.812767
24147,46.92752
24148,80.1236
24149,67.85848
24150,36.007137
24151,31.599972
24152,36.772346
24153,48.65993
24154,56.40056
24155,49.36963
24156,79.50194
24157,65.72711
24158,36.855564
24159,31.759779
24160,38.623516
24161,49.812614
24162,53.843815
24163,49.419777
24164,79.16987
24165,66.691986
24166,36.275154
24167,30.745096
24168,38.108776
24169,49.7867
24170,54.164097
24171,49.44198
24172,79.17256
24173,66.745895
24174,40.567944
24175,31.189632
24176,36.47698
24177,48.82193
24178,55.563942
24179,44.925014
24180,80.01111
24181,68.55924
24182,38.355324
24183,31.31519
24184,34.982254
24185,55.17061
24186,59.485786
24187,47.516224
24188,81.5708
24189,67.70989
24190,40.51361
24191,33.120758
24192,36.03022
24193,44.644604
24194,59.318436
24195,43.436127
24196,80.72986
24197,65.84787
24198,36.640213
24199,30.729748
24200,37.1206
24201,49.263767
24202,54.90893
24203,48.629883
24204,76.20766
24205,68.17584
24206,37.77059
24207,30.038832
24208,35.077675
24209,46.99047
24210,56.487206
24211,45.072136
24212,84.815994
24213,65.67916
24214,38.031284
24215,31.48912
24216,38.286316
24217,46.319077
24218,56.408936
24219,47.535126
24220,80.2735
24221,66.748825
24222,34.488945
24223,30.165066
24224,37.126892
24225,49.526356
24226,55.59294
24227,50.648285
24228,81.50029
24229,64.21033
24230,37.133076
24231,30.951044
24232,38.15013
24233,50.538864
24234,57.101425
24235,49.857487
24236,82.24357
24237,66.74145
24238,40.200386
24239,30.884651
24240,36.683952
24241,49.239765
24242,57.9252
24243,45.32646
24244,82.16551
24245,64.79535
24246,34.986816
24247,32.186028
24248,35.681946
24249,45.127018
24250,55.752563
24251,46.776596
24252,81.27351
24253,67.84596
24254,35.19126
24255,30.04446
24256,34.988228
24257,48.44318
24258,52.061413
24259,47.96239
24260,79.64576
24261,66.75759
24262,38.348724
24263,30.858566
24264,37.267204
24265,47.89796
24266,54.012123
24267,47.054573
24268,79.99182
24269,65.50054
24270,31.195383
24271,30.042545
24272,34.24093
24273,54.048206
24274,55.928467
24275,52.827583
24276,76.82979
24277,66.55379
24278,35.19143
24279,31.457783
24280,37.586838
24281,45.828453
24282,59.96299
24283,49.61887
24284,85.68184
24285,62.958855
24286,40.114697
24287,32.697525
24288,40.313736
24289,46.959133
24290,52.05075
24291,48.179485
24292,78.89799
24293,66.11305
24294,34.50846
24295,28.571262
24296,37.65484
24297,48.187847
24298,57.398964
24299,49.935825
24300,82.54647
24301,68.1261
24302,39.126667
24303,30.745586
24304,36.312088
24305,48.541027
24306,59.62284
24307,46.61246
24308,84.851456
24309,64.58658
24310,37.129105
24311,30.567669
24312,37.165783
24313,41.922924
24314,59.41297
24315,43.936535
24316,83.24512
24317,67.89258
24318,36.253105
24319,31.0205
24320,34.77967
24321,49.877586
24322,57.516426
24323,47.279316
24324,82.51667
24325,65.85321
24326,34.91205
24327,27.437737
24328,38.743107
24329,48.28352
24330,51.832146
24331,49.867054
24332,80.15143
24333,65.81036
24334,37.083767
24335,30.665276
24336,39.489803
24337,49.648636
24338,58.45659
24339,49.678013
24340,81.34783
24341,66.99182
24342,38.501137
24343,29.63177
24344,36.358562
24345,47.30505
24346,56.372704
24347,45.75967
24348,84.81123
24349,67.3889
24350,36.779114
24351,29.963352
24352,34.83768
24353,46.99289
24354,56.968647
24355,45.31326
24356,82.350006
24357,67.86908
24358,39.83539
24359,30.512058
24360,39.878212
24361,50.597454
24362,55.86125
24363,49.3653
24364,84.61206
24365,66.54338
24366,35.43707
24367,30.857351
24368,34.172825
24369,50.682106
24370,56.191536
24371,46.347206
24372,78.781265
24373,66.77813
24374,35.54608
24375,30.890585
24376,35.388237
24377,51.927467
24378,54.46815
24379,49.168907
24380,80.280045
24381,66.039375
24382,37.599766
24383,32.524506
24384,38.84282
24385,52.86705
24386,60.55387
24387,50.56144
24388,80.09029
24389,66.94242
24390,39.64893
24391,30.269058
24392,35.548363
24393,48.01644
24394,57.062984
24395,43.433052
24396,82.49181
24397,66.07228
24398,34.687286
24399,30.495361
24400,35.250404
24401,43.444
24402,53.1684
24403,46.101326
24404,78.746704
24405,67.77084
24406,39.93542
24407,32.074635
24408,37.486984
24409,45.248653
24410,57.661064
24411,45.133358
24412,84.48511
24413,67.47135
24414,39.78879
24415,29.657288
24416,37.12947
24417,47.11241
24418,60.1404
24419,44.753696
24420,89.28722
24421,66.026344
24422,36.826782
24423,30.83572
24424,35.11676
24425,47.92018
24426,56.181816
24427,45.912914
24428,80.4777
24429,67.5744
24430,34.92391
24431,31.074642
24432,34.835213
24433,46.622036
24434,52.850708
24435,47.2859
24436,76.516335
24437,66.926796
24438,33.802185
24439,31.30197
24440,33.427155
24441,51.798225
24442,54.245472
24443,49.155712
24444,80.47233
24445,64.6651
24446,37.263306
24447,30.403702
24448,35.374725
24449,45.211
24450,53.488415
24451,44.683792
24452,78.21746
24453,67.09683
24454,37.024963
24455,29.361195
24456,35.962208
24457,47.208202
24458,59.141037
24459,46.421185
24460,83.04765
24461,65.00258
24462,36.884003
24463,30.681477
24464,37.218098
24465,49.200794
24466,54.908722
24467,48.43815
24468,79.043144
24469,66.924995
24470,40.335037
24471,32.629402
24472,32.666954
24473,47.368656
24474,60.978928
24475,41.228924
24476,83.213806
24477,68.05308
24478,39.023438
24479,32.507782
24480,35.127163
24481,47.50703
24482,53.94179
24483,44.966816
24484,78.90078
24485,65.130585
24486,35.13718
24487,34.228096
24488,36.356094
24489,47.86808
24490,53.25167
24491,49.67874
24492,73.58566
24493,67.22093
24494,35.368317
24495,29.994997
24496,36.232975
24497,51.904797
24498,56.672974
24499,50.73874
24500,84.875
24501,66.177574
24502,34.63981
24503,31.724834
24504,37.880264
24505,51.409203
24506,55.3606
24507,51.112988
24508,81.45525
24509,66.15145
24510,38.18843
24511,31.084671
24512,38.07687
24513,46.107643
24514,56.63883
24515,47.40323
24516,81.6761
24517,66.43904
24518,34.42856
24519,29.041885
24520,35.731438
24521,51.151295
24522,54.696987
24523,48.76533
24524,81.6553
24525,64.48461
24526,39.35501
24527,35.18806
24528,38.384064
24529,47.69294
24530,61.880653
24531,44.51783
24532,80.287384
24533,69.56551
24534,38.074093
24535,28.534351
24536,34.8359
24537,48.869778
24538,57.378494
24539,45.89245
24540,83.87166
24541,65.72938
24542,36.319923
24543,30.28839
24544,33.249783
24545,54.032852
24546,56.43702
24547,46.50151
24548,78.48042
24549,63.039448
24550,37.453316
24551,32.72056
24552,35.72556
24553,39.275764
24554,56.683098
24555,42.339302
24556,78.01362
24557,64.64505
24558,34.630634
24559,32.156303
24560,41.348938
24561,46.05283
24562,57.99098
24563,53.712204
24564,79.826996
24565,64.087524
24566,32.570076
24567,30.339165
24568,41.468365
24569,48.134205
24570,61.33853
24571,55.69376
24572,80.63576
24573,67.22321
24574,34.298187
24575,30.098816
24576,35.256927
24577,47.587227
24578,53.559517
24579,48.472557
24580,80.02017
24581,66.32103
24582,37.15616
24583,31.80036
24584,38.46618
24585,50.82928
24586,54.52124
24587,50.47342
24588,77.63733
24589,67.197754
24590,38.876045
24591,28.631443
24592,38.331997
24593,46.4324
24594,59.78784
24595,46.928356
24596,88.99758
24597,68.276924
24598,38.34832
24599,30.584011
24600,35.846123
24601,50.07264
24602,58.466976
24603,46.69374
24604,85.61612
24605,67.53453
24606,37.490597
24607,31.364092
24608,35.94919
24609,48.986988
24610,55.4099
24611,47.018135
24612,78.829315
24613,65.70682
24614,36.57036
24615,30.641134
24616,39.086002
24617,53.292313
24618,57.97705
24619,52.212097
24620,81.64906
24621,64.28639
24622,38.34215
24623,32.493023
24624,36.077873
24625,51.096535
24626,57.820175
24627,46.776512
24628,75.56323
24629,65.88881
24630,36.757515
24631,31.275093
24632,38.85947
24633,50.529488
24634,53.55341
24635,50.016243
24636,78.11438
24637,69.23505
24638,39.28475
24639,30.486782
24640,32.942883
24641,45.30274
24642,56.755455
24643,41.57763
24644,82.03964
24645,67.89044
24646,37.284897
24647,30.313385
24648,35.415016
24649,44.8713
24650,60.667572
24651,44.676487
24652,84.21153
24653,69.929115
24654,37.823635
24655,30.394499
24656,33.702316
24657,45.99639
24658,57.098526
24659,44.712753
24660,89.17025
24661,66.482475
24662,33.49659
24663,29.934248
24664,33.29836
24665,47.145664
24666,51.51201
24667,46.942497
24668,76.820625
24669,66.852455
24670,39.593346
24671,31.239769
24672,37.904747
24673,47.336254
24674,56.039635
24675,46.581947
24676,80.1727
24677,67.39127
24678,40.21978
24679,32.0776
24680,36.085648
24681,45.818497
24682,54.288464
24683,43.617554
24684,82.56088
24685,66.99985
24686,38.513977
24687,32.600513
24688,35.211395
24689,45.45293
24690,57.217335
24691,44.62356
24692,83.147835
24693,67.37863
24694,35.495064
24695,29.614109
24696,36.221985
24697,51.22893
24698,57.225864
24699,49.35797
24700,82.5683
24701,65.33734
24702,40.7407
24703,30.69371
24704,38.42936
24705,46.08581
24706,57.496704
24707,45.44211
24708,82.46249
24709,68.23038
24710,36.645317
24711,28.956245
24712,36.843277
24713,48.986572
24714,58.44329
24715,48.172432
24716,84.638596
24717,66.363495
24718,40.054646
24719,32.252083
24720,39.382717
24721,46.928013
24722,59.30517
24723,47.626614
24724,83.12537
24725,66.87883
24726,36.226555
24727,31.546333
24728,35.513676
24729,48.264046
24730,54.557716
24731,47.08682
24732,79.334816
24733,64.71329
24734,35.26817
24735,33.032402
24736,37.886246
24737,57.88595
24738,62.78102
24739,53.69791
24740,79.52199
24741,65.66272
24742,35.94735
24743,30.366444
24744,37.993145
24745,50.23335
24746,59.22632
24747,49.94322
24748,83.850845
24749,67.33276
24750,38.90545
24751,31.16851
24752,33.74799
24753,47.82193
24754,59.564568
24755,43.2111
24756,81.38586
24757,64.72862
24758,37.9711
24759,32.74691
24760,39.190403
24761,51.42711
24762,57.868656
24763,49.675407
24764,77.20127
24765,71.89434
24766,43.735676
24767,30.862928
24768,33.440308
24769,49.234024
24770,64.23471
24771,40.374367
24772,90.86577
24773,66.04574
24774,37.26323
24775,31.980247
24776,36.362103
24777,48.548874
24778,57.99508
24779,46.283157
24780,83.13669
24781,67.482506
24782,38.39294
24783,30.25467
24784,35.957428
24785,49.75285
24786,56.64183
24787,46.998375
24788,83.55818
24789,69.89993
24790,37.84713
24791,28.6384
24792,36.78522
24793,45.83105
24794,57.284924
24795,46.18485
24796,86.898735
24797,65.77504
24798,35.81262
24799,31.585987
24800,35.49053
24801,48.804794
24802,57.74206
24803,47.383877
24804,77.68069
24805,66.3134
24806,34.4903
24807,30.823784
24808,36.059685
24809,50.61509
24810,53.83375
24811,50.21236
24812,79.85739
24813,65.58234
24814,36.474274
24815,30.997683
24816,39.332275
24817,50.82828
24818,57.2971
24819,50.58903
24820,81.563126
24821,67.085175
24822,35.946518
24823,30.283634
24824,36.00657
24825,50.120716
24826,56.52131
24827,48.925003
24828,81.46198
24829,64.782104
24830,36.017788
24831,30.22015
24832,38.764805
24833,49.460045
24834,51.468994
24835,49.87991
24836,78.27492
24837,67.215996
24838,35.358006
24839,31.093363
24840,36.10572
24841,50.443356
24842,56.248886
24843,49.831856
24844,78.56848
24845,66.92929
24846,34.095276
24847,30.203182
24848,33.373215
24849,49.142952
24850,53.36391
24851,47.143387
24852,77.78991
24853,68.72656
24854,37.1728
24855,30.50043
24856,35.420937
24857,46.153763
24858,57.87887
24859,45.937458
24860,85.656906
24861,66.65081
24862,38.448563
24863,30.075077
24864,36.27748
24865,47.95312
24866,55.895145
24867,45.06931
24868,81.514175
24869,65.61747
24870,33.040993
24871,30.38686
24872,39.672485
24873,49.159218
24874,59.695858
24875,53.662148
24876,80.75281
24877,65.53315
24878,39.15876
24879,33.19356
24880,38.198647
24881,47.621487
24882,56.95173
24883,47.32077
24884,77.48163
24885,65.733734
24886,37.459908
24887,30.487236
24888,38.33886
24889,47.56504
24890,58.06862
24891,47.43813
24892,83.81291
24893,65.639435
24894,36.72306
24895,30.911366
24896,36.26299
24897,45.504333
24898,54.792732
24899,46.213135
24900,79.45791
24901,66.006714
24902,38.116722
24903,30.412884
24904,35.248318
24905,51.201557
24906,57.812553
24907,46.16469
24908,81.13798
24909,65.4891
24910,39.325077
24911,32.452652
24912,40.53887
24913,45.756012
24914,55.723927
24915,48.516525
24916,79.89559
24917,68.024086
24918,38.99064
24919,32.072754
24920,36.527092
24921,46.832047
24922,55.016582
24923,45.796894
24924,82.031296
24925,66.43935
24926,35.468082
24927,31.61178
24928,35.68432
24929,49.175835
24930,54.581146
24931,48.51536
24932,78.79721
24933,66.06649
24934,38.35621
24935,31.44968
24936,35.570282
24937,44.995865
24938,59.100132
24939,44.421524
24940,78.61759
24941,68.228516
24942,36.674904
24943,29.59955
24944,37.69654
24945,49.75786
24946,56.948166
24947,48.261593
24948,83.95103
24949,66.36685
24950,38.322594
24951,31.710308
24952,36.93244
24953,46.76878
24954,55.740204
24955,46.30854
24956,83.93321
24957,66.9135
24958,33.540195
24959,32.191887
24960,38.34324
24961,49.632416
24962,57.490364
24963,54.138916
24964,81.834625
24965,64.637215
24966,36.724007
24967,31.611435
24968,40.518105
24969,52.26074
24970,56.004673
24971,52.663994
24972,80.4216
24973,65.93466
24974,35.48967
24975,31.02235
24976,38.22694
24977,50.221626
24978,59.13324
24979,51.179443
24980,80.5251
24981,67.36987
24982,39.727184
24983,31.710821
24984,39.01203
24985,47.175846
24986,57.871933
24987,47.503147
24988,82.00927
24989,65.430756
24990,39.467545
24991,31.409698
24992,36.791916
24993,48.790073
24994,55.376297
24995,46.02328
24996,82.04002
24997,65.29366
24998,36.872253
24999,31.462677
25000,40.249672
25001,54.724747
25002,56.651966
25003,53.73162
25004,75.94516
25005,64.76409
25006,38.946922
25007,31.503595
25008,38.811943
25009,49.434517
25010,56.59576
25011,48.147236
25012,79.518425
25013,67.26506
25014,36.025322
25015,29.894024
25016,39.469692
25017,55.880295
25018,60.49505
25019,53.804703
25020,81.77779
25021,65.567566
25022,37.06783
25023,30.495079
25024,37.949844
25025,48.829945
25026,55.279236
25027,48.483696
25028,82.3948
25029,64.63317
25030,34.1414
25031,31.645023
25032,38.231903
25033,46.955482
25034,56.239647
25035,49.864994
25036,79.27223
25037,66.227905
25038,36.92533
25039,31.519382
25040,35.509007
25041,50.788345
25042,58.814384
25043,47.887253
25044,82.88987
25045,65.69437
25046,36.53318
25047,32.08649
25048,36.33509
25049,47.23667
25050,57.09621
25051,47.686604
25052,79.02649
25053,66.70015
25054,37.80259
25055,31.098927
25056,32.174625
25057,42.906273
25058,58.517017
25059,40.21709
25060,81.95383
25061,66.58775
25062,33.8073
25063,29.659382
25064,37.60614
25065,51.239246
25066,51.45329
25067,52.49624
25068,77.63233
25069,65.06591
25070,36.80577
25071,31.222683
25072,37.39454
25073,50.00999
25074,54.72971
25075,49.319817
25076,75.467575
25077,66.91466
25078,37.138412
25079,30.416485
25080,35.752914
25081,48.273796
25082,51.54015
25083,46.398087
25084,82.413956
25085,63.053043
25086,37.8231
25087,32.536423
25088,39.904945
25089,50.162357
25090,57.90455
25091,50.67786
25092,77.9554
25093,64.34868
25094,37.150833
25095,32.553238
25096,38.87034
25097,47.789352
25098,56.54174
25099,48.341545
25100,76.167404
25101,66.357185
25102,37.629684
25103,30.369661
25104,37.94945
25105,47.429096
25106,58.292236
25107,47.525513
25108,89.02028
25109,64.87678
25110,36.478107
25111,31.436424
25112,37.330563
25113,55.208828
25114,58.185314
25115,50.109142
25116,77.34345
25117,65.51371
25118,36.37188
25119,30.490845
25120,36.9086
25121,49.8469
25122,54.047302
25123,48.822716
25124,81.97039
25125,66.10748
25126,34.597748
25127,29.83777
25128,35.662518
25129,48.022312
25130,56.533386
25131,48.250042
25132,79.80374
25133,63.053043
25134,37.8231
25135,32.536423
25136,39.904945
25137,50.162357
25138,57.90455
25139,50.67786
25140,77.9554
25141,68.048325
25142,37.883675
25143,30.877426
25144,39.71372
25145,49.48933
25146,63.224365
25147,51.231045
25148,85.84658
25149,66.59389
25150,36.952393
25151,31.499449
25152,37.156284
25153,45.065285
25154,58.937904
25155,46.535007
25156,81.81298
25157,68.34572
25158,38.092995
25159,28.97595
25160,33.677807
25161,46.83003
25162,57.67237
25163,43.58879
25164,81.89214
25165,64.725685
25166,36.964333
25167,31.953215
25168,38.090794
25169,52.7789
25170,52.12957
25171,50.689354
25172,76.576126
25173,66.18985
25174,31.517986
25175,32.015965
25176,37.0798
25177,49.284332
25178,62.405884
25179,53.265965
25180,79.30526
25181,65.49821
25182,38.562965
25183,31.335047
25184,39.760464
25185,50.47319
25186,58.13972
25187,49.154438
25188,76.78252
25189,64.22435
25190,37.117363
25191,31.710922
25192,36.954514
25193,42.71472
25194,59.121243
25195,45.60299
25196,79.36276
25197,64.99898
25198,38.979683
25199,32.880737
25200,35.575516
25201,45.76535
25202,57.844994
25203,42.269238
25204,78.00545
25205,67.16261
25206,36.384995
25207,30.095257
25208,38.33775
25209,50.206318
25210,57.40062
25211,50.40704
25212,79.58612
25213,64.89318
25214,36.043945
25215,33.04837
25216,37.100655
25217,45.267418
25218,60.367752
25219,48.19701
25220,78.45567
25221,66.48588
25222,32.946922
25223,30.369234
25224,38.69539
25225,48.13703
25226,56.94377
25227,53.38728
25228,79.08528
25229,66.2927
25230,36.449516
25231,30.465681
25232,36.662025
25233,48.80095
25234,55.676113
25235,48.13585
25236,80.50698
25237,67.09326
25238,35.88652
25239,29.311317
25240,37.985218
25241,48.693996
25242,56.993767
25243,50.49878
25244,81.19088
25245,66.449234
25246,40.976475
25247,32.227165
25248,34.980934
25249,42.652
25250,56.120605
25251,40.460342
25252,78.584076
25253,67.643745
25254,38.24047
25255,30.198027
25256,36.073727
25257,47.315983
25258,55.268616
25259,45.55231
25260,87.53982
25261,65.80051
25262,37.233276
25263,31.873093
25264,37.69574
25265,47.76459
25266,55.490265
25267,48.459953
25268,81.69784
25269,67.22669
25270,40.411057
25271,31.942162
25272,38.32142
25273,48.2801
25274,58.487442
25275,46.32232
25276,79.20953
25277,65.459595
25278,38.74528
25279,29.99415
25280,44.024994
25281,50.75915
25282,54.9155
25283,54.12857
25284,82.01695
25285,66.88209
25286,36.63532
25287,30.94181
25288,35.828953
25289,47.529346
25290,58.090355
25291,47.23931
25292,79.61636
25293,66.50137
25294,40.461517
25295,30.569592
25296,41.270935
25297,51.712994
25298,55.29026
25299,50.527966
25300,79.70748
25301,65.12296
25302,34.231735
25303,33.861305
25304,35.304066
25305,47.20808
25306,56.60479
25307,47.099403
25308,80.027855
25309,64.68394
25310,35.615612
25311,32.400917
25312,35.764256
25313,54.043514
25314,57.819225
25315,50.39241
25316,75.68057
25317,67.286255
25318,36.18345
25319,30.122423
25320,38.193253
25321,45.54106
25322,55.781036
25323,48.88196
25324,80.10843
25325,65.48304
25326,36.634785
25327,30.334114
25328,36.57545
25329,47.360916
25330,56.943275
25331,47.63927
25332,80.38185
25333,67.027435
25334,34.162865
25335,31.084368
25336,34.178047
25337,47.499382
25338,57.21647
25339,46.952286
25340,80.716995
25341,63.14585
25342,33.301224
25343,31.829441
25344,38.00654
25345,47.001194
25346,56.779743
25347,50.34063
25348,76.50024
25349,66.56674
25350,40.07365
25351,31.002428
25352,34.259537
25353,45.34573
25354,56.85559
25355,41.743134
25356,82.77105
25357,65.68283
25358,41.1354
25359,31.965164
25360,36.470993
25361,43.2802
25362,54.294983
25363,42.090908
25364,84.533676
25365,63.893253
25366,33.590794
25367,31.164007
25368,35.02973
25369,49.526787
25370,54.540165
25371,49.401947
25372,75.80919
25373,67.24522
25374,34.86743
25375,31.035112
25376,36.574852
25377,49.663803
25378,55.126625
25379,50.13727
25380,80.31471
25381,66.60746
25382,37.846992
25383,30.53857
25384,36.33724
25385,48.150475
25386,55.667316
25387,45.57223
25388,80.1322
25389,69.36214
25390,33.0832
25391,28.041718
25392,38.350925
25393,49.100365
25394,61.407814
25395,52.615574
25396,89.94672
25397,65.25288
25398,36.474632
25399,31.847094
25400,35.56047
25401,48.1297
25402,53.56812
25403,46.47879
25404,77.371704
25405,64.72139
25406,38.956802
25407,29.636938
25408,37.915337
25409,44.22102
25410,56.966675
25411,45.127342
25412,85.80567
25413,66.31111
25414,34.973038
25415,30.235067
25416,37.442005
25417,48.007694
25418,55.203773
25419,49.512825
25420,81.753944
25421,64.71908
25422,35.288174
25423,31.444494
25424,37.025246
25425,47.367355
25426,53.07581
25427,49.030018
25428,77.632545
25429,65.406006
25430,35.952034
25431,30.842453
25432,35.0924
25433,50.84437
25434,57.013596
25435,47.81541
25436,79.43091
25437,66.31111
25438,34.973038
25439,30.235067
25440,37.442005
25441,48.007694
25442,55.203773
25443,49.512825
25444,81.753944
25445,67.38609
25446,36.369507
25447,31.472225
25448,36.614754
25449,46.67705
25450,58.84275
25451,46.980717
25452,79.936104
25453,65.60624
25454,38.8562
25455,31.511866
25456,37.46986
25457,47.478436
25458,57.554882
25459,46.55613
25460,80.24959
25461,64.3397
25462,36.53123
25463,32.589493
25464,37.472424
25465,53.4363
25466,54.087288
25467,49.355682
25468,74.6441
25469,65.61583
25470,34.072323
25471,30.209753
25472,35.65223
25473,45.561783
25474,55.25439
25475,47.711727
25476,80.93565
25477,63.83561
25478,35.84685
25479,31.175095
25480,37.79392
25481,47.77056
25482,58.200314
25483,47.820354
25484,77.5748
25485,64.90394
25486,33.833145
25487,31.700401
25488,35.310127
25489,51.18744
25490,54.85583
25491,49.801212
25492,77.093895
25493,66.34431
25494,36.874443
25495,28.623287
25496,35.719604
25497,42.410625
25498,58.530144
25499,43.024296
25500,85.34737
25501,66.18047
25502,38.912083
25503,31.100777
25504,37.8108
25505,44.77487
25506,58.806404
25507,44.97749
25508,81.07387
25509,65.858406
25510,35.961227
25511,30.960888
25512,39.176212
25513,46.68098
25514,57.539234
25515,49.901024
25516,83.805786
25517,67.37322
25518,34.985493
25519,30.1366
25520,35.81538
25521,45.756
25522,56.438786
25523,47.919518
25524,79.282394
25525,65.828094
25526,38.59066
25527,31.705189
25528,38.121696
25529,50.229908
25530,58.96698
25531,48.317177
25532,80.659195
25533,66.66629
25534,37.77587
25535,31.696249
25536,36.232277
25537,49.362648
25538,59.066994
25539,47.558693
25540,79.71191
25541,65.361786
25542,36.35324
25543,31.97287
25544,35.822037
25545,48.7339
25546,58.65569
25547,46.338013
25548,76.346085
25549,65.12148
25550,34.723663
25551,31.475578
25552,36.699875
25553,49.9839
25554,52.021423
25555,49.565807
25556,77.732254
25557,69.324615
25558,38.630684
25559,30.570246
25560,36.909203
25561,50.427765
25562,61.84
25563,46.364563
25564,86.56467
25565,64.40388
25566,34.832508
25567,33.217087
25568,40.352005
25569,44.132404
25570,53.015686
25571,51.41215
25572,75.252014
25573,64.275444
25574,36.221382
25575,31.041716
25576,36.134037
25577,45.781685
25578,52.62803
25579,45.230656
25580,78.538574
25581,65.79028
25582,38.808353
25583,32.32128
25584,37.06522
25585,47.733795
25586,56.878483
25587,46.92099
25588,79.48951
25589,66.565544
25590,40.915546
25591,31.299555
25592,39.306557
25593,48.400047
25594,56.804222
25595,47.330166
25596,81.16499
25597,62.89385
25598,35.78794
25599,32.226418
25600,39.436836
25601,46.327168
25602,54.77305
25603,50.665993
25604,77.240906
25605,66.83255
25606,36.887177
25607,30.859978
25608,36.14294
25609,41.81476
25610,61.034813
25611,44.987103
25612,83.60083
25613,65.56936
25614,35.766857
25615,30.956398
25616,39.48958
25617,52.643055
25618,55.509644
25619,52.419857
25620,80.40576
25621,66.47937
25622,38.743767
25623,31.22936
25624,38.01198
25625,47.727154
25626,55.302135
25627,46.523586
25628,79.27298
25629,65.95885
25630,37.7142
25631,30.695217
25632,37.66175
25633,49.71897
25634,55.55571
25635,48.52383
25636,83.76484
25637,66.510925
25638,39.268898
25639,31.79145
25640,36.583286
25641,46.678402
25642,57.10774
25643,44.937424
25644,78.96738
25645,68.06315
25646,37.231567
25647,30.037933
25648,38.926476
25649,49.233334
25650,58.90306
25651,48.967308
25652,83.12875
25653,65.30205
25654,37.04799
25655,31.401222
25656,37.53883
25657,49.202503
25658,55.594246
25659,48.80401
25660,81.48304
25661,62.839283
25662,33.75559
25663,31.941996
25664,40.986324
25665,49.6228
25666,52.823097
25667,54.605225
25668,74.92011
25669,67.6297
25670,38.444557
25671,29.093195
25672,37.044895
25673,48.416725
25674,57.586685
25675,45.934494
25676,84.94601
25677,69.06425
25678,39.002693
25679,30.437042
25680,35.804016
25681,47.620594
25682,58.58383
25683,45.00358
25684,84.453514
25685,65.77757
25686,36.915543
25687,30.630806
25688,38.204323
25689,44.391846
25690,55.28448
25691,46.677265
25692,80.24666
25693,66.66865
25694,36.260338
25695,29.923782
25696,35.975464
25697,53.05423
25698,56.491882
25699,48.57136
25700,83.51863
25701,66.061676
25702,35.52248
25703,32.24861
25704,37.276558
25705,51.62552
25706,57.515404
25707,50.675648
25708,77.00698
25709,65.61935
25710,36.47297
25711,30.653278
25712,35.06425
25713,52.566956
25714,54.11246
25715,47.39739
25716,80.74715
25717,64.540665
25718,36.084526
25719,30.975622
25720,38.961624
25721,50.09975
25722,55.088646
25723,50.857887
25724,77.89962
25725,65.15125
25726,36.25969
25727,31.295767
25728,35.312042
25729,47.610306
25730,52.41708
25731,46.911762
25732,77.68654
25733,66.49991
25734,34.478104
25735,29.508148
25736,38.90242
25737,52.57496
25738,59.33416
25739,52.672222
25740,81.35712
25741,65.70999
25742,35.489536
25743,31.444435
25744,37.78998
25745,48.43652
25746,54.70164
25747,49.67004
25748,78.578316
25749,65.42137
25750,38.08673
25751,32.057266
25752,37.952675
25753,48.897472
25754,55.877567
25755,47.162228
25756,78.09723
25757,64.85349
25758,34.877243
25759,29.648853
25760,37.3094
25761,42.26432
25762,57.034637
25763,46.747295
25764,78.11701
25765,64.27585
25766,35.897263
25767,31.341063
25768,34.282444
25769,46.033096
25770,60.9777
25771,43.564045
25772,80.419304
25773,66.43457
25774,36.577545
25775,31.833511
25776,37.94481
25777,52.47247
25778,56.10951
25779,50.06944
25780,83.81809
25781,66.351616
25782,39.734432
25783,31.419403
25784,38.45893
25785,48.915516
25786,55.08796
25787,47.57968
25788,82.08127
25789,65.935844
25790,38.101772
25791,32.729458
25792,38.219997
25793,51.11527
25794,54.83715
25795,49.144077
25796,77.71385
25797,67.560974
25798,36.740025
25799,31.717602
25800,38.714005
25801,47.226414
25802,57.518623
25803,49.004436
25804,78.89374
25805,67.2664
25806,34.683945
25807,30.37121
25808,34.955704
25809,48.12183
25810,56.520386
25811,47.765446
25812,81.414
25813,68.374405
25814,36.457344
25815,28.762695
25816,36.091824
25817,42.51252
25818,63.008224
25819,45.06792
25820,83.97035
25821,66.63148
25822,35.893982
25823,31.876175
25824,36.60862
25825,43.210796
25826,55.018356
25827,46.695206
25828,81.53277
25829,68.255775
25830,37.37422
25831,29.754372
25832,38.87919
25833,46.917213
25834,64.30199
25835,49.547558
25836,89.67531
25837,67.323654
25838,35.205933
25839,30.549126
25840,37.503914
25841,46.141407
25842,55.93734
25843,49.204575
25844,79.604385
25845,69.58354
25846,35.631542
25847,29.446829
25848,37.14351
25849,45.988815
25850,60.17526
25851,48.534523
25852,83.8261
25853,66.62017
25854,40.103645
25855,30.83905
25856,36.682533
25857,47.799057
25858,56.95838
25859,44.979233
25860,80.376884
25861,64.696434
25862,36.376747
25863,30.491102
25864,37.862183
25865,50.98204
25866,52.686535
25867,49.831257
25868,79.277626
25869,65.53785
25870,39.758965
25871,31.000874
25872,36.691437
25873,47.500763
25874,58.794136
25875,44.438786
25876,84.45713
25877,67.55306
25878,38.18313
25879,30.105614
25880,39.149788
25881,48.1847
25882,53.612244
25883,48.849014
25884,75.71004
25885,65.47131
25886,39.188103
25887,31.344837
25888,40.66794
25889,52.96631
25890,56.69286
25891,52.048782
25892,81.30786
25893,65.71095
25894,37.99846
25895,31.403337
25896,42.202354
25897,48.20325
25898,61.289375
25899,50.96357
25900,81.73608
25901,64.91947
25902,35.258373
25903,30.33959
25904,36.718056
25905,52.81898
25906,56.442505
25907,49.97575
25908,78.96634
25909,67.241776
25910,37.436028
25911,28.900114
25912,36.195015
25913,48.690845
25914,52.954205
25915,46.710155
25916,83.00786
25917,66.85919
25918,33.69618
25919,32.4353
25920,36.250744
25921,52.500954
25922,56.67041
25923,51.73399
25924,75.726875
25925,66.456375
25926,44.12471
25927,33.56649
25928,42.01377
25929,45.436203
25930,54.65924
25931,46.588787
25932,80.07641
25933,67.18945
25934,35.120655
25935,29.315182
25936,35.4085
25937,49.039204
25938,52.769215
25939,48.78097
25940,83.78853
25941,66.007935
25942,35.908875
25943,29.99763
25944,34.46978
25945,48.451084
25946,52.38293
25947,45.461876
25948,78.921745
25949,64.205284
25950,38.25082
25951,30.812826
25952,37.451977
25953,45.713844
25954,55.904068
25955,44.626087
25956,79.23226
25957,66.00905
25958,36.404938
25959,31.305902
25960,38.104614
25961,49.443848
25962,56.925312
25963,49.945717
25964,81.64964
25965,66.847084
25966,35.038063
25967,30.488256
25968,38.337982
25969,45.879032
25970,58.018307
25971,50.383255
25972,81.499016
25973,65.58149
25974,35.368557
25975,29.208971
25976,37.078568
25977,38.760426
25978,60.022163
25979,43.93548
25980,78.23605
25981,66.25769
25982,36.817787
25983,29.776833
25984,37.8415
25985,48.449356
25986,56.553
25987,48.840195
25988,83.455475
25989,67.75093
25990,39.634094
25991,30.210558
25992,38.78518
25993,46.035122
25994,60.421734
25995,46.50524
25996,86.209656
25997,63.827713
25998,38.433403
25999,28.663103
26000,37.323982
26001,50.039623
26002,60.049397
26003,46.613876
26004,84.69331
26005,64.74617
26006,38.11658
26007,31.830465
26008,35.052433
26009,46.198555
26010,56.54143
26011,43.961655
26012,79.193954
26013,66.884705
26014,37.428078
26015,31.655544
26016,38.381657
26017,45.633896
26018,58.719185
26019,48.3205
26020,76.78937
26021,66.52624
26022,39.03681
26023,31.83812
26024,39.111916
26025,48.6278
26026,59.215088
26027,48.63273
26028,84.43885
26029,66.18909
26030,37.045555
26031,32.39333
26032,37.56246
26033,47.49681
26034,56.956062
26035,48.265667
26036,80.383835
26037,66.77543
26038,35.87304
26039,30.985565
26040,36.57388
26041,45.20114
26042,55.21187
26043,47.100834
26044,81.40222
26045,65.975365
26046,35.825195
26047,29.760845
26048,37.11985
26049,46.80808
26050,57.509254
26051,47.8171
26052,81.74802
26053,67.73978
26054,36.147064
26055,31.815495
26056,36.576492
26057,48.5323
26058,56.512123
26059,48.9179
26060,79.85121
26061,67.06701
26062,35.905235
26063,30.80939
26064,38.771866
26065,52.25498
26066,59.515163
26067,51.87364
26068,83.19194
26069,66.58771
26070,36.487328
26071,30.730595
26072,36.689316
26073,47.18956
26074,58.3913
26075,46.734444
26076,82.34157
26077,67.62076
26078,36.351223
26079,29.014553
26080,35.99063
26081,47.730152
26082,56.743546
26083,47.07154
26084,79.195595
26085,65.646675
26086,35.90629
26087,29.41062
26088,35.33745
26089,46.817623
26090,56.482853
26091,45.84096
26092,75.79087
26093,67.6017
26094,40.042763
26095,30.195564
26096,39.499283
26097,46.554672
26098,61.58767
26099,47.166172
26100,86.73943
26101,62.862648
26102,38.064304
26103,32.246655
26104,44.179676
26105,45.30068
26106,55.98665
26107,51.23985
26108,79.86349
26109,65.903625
26110,37.23655
26111,31.027617
26112,35.175007
26113,51.37928
26114,57.722687
26115,47.295757
26116,82.43736
26117,66.57805
26118,38.725876
26119,30.842186
26120,36.67066
26121,47.744
26122,57.67701
26123,46.343933
26124,79.606094
26125,65.939545
26126,42.578403
26127,32.194252
26128,38.22109
26129,50.515633
26130,57.12102
26131,44.931717
26132,79.01683
26133,66.454895
26134,38.177925
26135,30.917612
26136,35.728874
26137,51.012154
26138,55.269238
26139,46.668602
26140,81.587234
26141,65.77629
26142,37.36493
26143,31.41089
26144,38.873085
26145,48.6433
26146,55.387314
26147,49.96224
26148,78.603226
26149,65.51355
26150,36.120895
26151,30.812298
26152,37.968544
26153,50.029964
26154,59.22657
26155,50.054962
26156,81.49694
26157,66.18312
26158,35.54827
26159,31.838385
26160,33.05937
26161,43.98467
26162,55.85405
26163,43.56743
26164,83.13783
26165,65.95201
26166,36.189926
26167,30.097954
26168,38.546764
26169,46.36037
26170,59.049507
26171,48.766937
26172,82.02515
26173,65.76336
26174,37.997128
26175,31.358902
26176,38.14005
26177,44.81461
26178,59.99613
26179,47.427414
26180,81.955
26181,65.684456
26182,35.38269
26183,30.296818
26184,35.37551
26185,47.00217
26186,53.18846
26187,46.61548
26188,77.70007
26189,65.56683
26190,37.30139
26191,32.29235
26192,38.37801
26193,45.46875
26194,59.775845
26195,47.84838
26196,83.99999
26197,68.189575
26198,37.208305
26199,30.285728
26200,35.810936
26201,48.96943
26202,55.78738
26203,47.327335
26204,82.35876
26205,67.290565
26206,37.40982
26207,29.474821
26208,37.461433
26209,49.77934
26210,56.53907
26211,47.675125
26212,87.93966
26213,67.64739
26214,37.86503
26215,29.519983
26216,36.61705
26217,48.39865
26218,55.643314
26219,45.891586
26220,83.82626
26221,65.08093
26222,36.64331
26223,31.76377
26224,38.537586
26225,53.167583
26226,56.560608
26227,50.622982
26228,77.959625
26229,65.17723
26230,34.601334
26231,30.037169
26232,35.280697
26233,54.438606
26234,54.431957
26235,49.570248
26236,78.57941
26237,67.806725
26238,37.692093
26239,30.194986
26240,36.90087
26241,47.425777
26242,54.386158
26243,46.32638
26244,83.93807
26245,65.79518
26246,34.622635
26247,31.226393
26248,37.06272
26249,48.94275
26250,54.94269
26251,50.744637
26252,81.44517
26253,66.41783
26254,35.264156
26255,29.71545
26256,37.058487
26257,49.566914
26258,57.609184
26259,48.37459
26260,84.18603
26261,67.15746
26262,36.188095
26263,30.273554
26264,38.560448
26265,51.14145
26266,56.220585
26267,50.568176
26268,83.539856
26269,65.92937
26270,34.78932
26271,29.318678
26272,37.157112
26273,44.305626
26274,58.19748
26275,47.461914
26276,79.42619
26277,66.63342
26278,38.85887
26279,32.252823
26280,37.638073
26281,45.57118
26282,60.933983
26283,45.981125
26284,86.720184
26285,66.64327
26286,36.644535
26287,29.965778
26288,33.162056
26289,43.812717
26290,59.009533
26291,42.729187
26292,82.50978
26293,69.332634
26294,41.4076
26295,32.490604
26296,33.428673
26297,49.406006
26298,59.069344
26299,42.31518
26300,83.1024
26301,64.57384
26302,36.76447
26303,31.717241
26304,37.42841
26305,46.758354
26306,57.40149
26307,47.696186
26308,79.4067
26309,66.00247
26310,38.199356
26311,33.315792
26312,36.81345
26313,52.68163
26314,57.020973
26315,48.991646
26316,76.84146
26317,65.237885
26318,35.529366
26319,31.8216
26320,40.46964
26321,51.594604
26322,57.588425
26323,52.36779
26324,80.74948
26325,64.26048
26326,36.25535
26327,33.114784
26328,36.124252
26329,54.010124
26330,55.952404
26331,50.281837
26332,78.58667
26333,65.17981
26334,36.000977
26335,31.19349
26336,37.63626
26337,47.28911
26338,58.649757
26339,49.46797
26340,79.84078
26341,65.263504
26342,39.60296
26343,33.82724
26344,36.243362
26345,51.34713
26346,53.792053
26347,47.054417
26348,79.04825
26349,66.498184
26350,39.410538
26351,30.634687
26352,38.64842
26353,45.133564
26354,57.72875
26355,46.911625
26356,85.15639
26357,67.492645
26358,35.78779
26359,29.489796
26360,36.867348
26361,51.942142
26362,57.75319
26363,50.125534
26364,86.765854
26365,65.64287
26366,35.870743
26367,30.310442
26368,38.00328
26369,45.808815
26370,60.281647
26371,48.43948
26372,82.36781
26373,67.99419
26374,39.387974
26375,32.964508
26376,34.954254
26377,43.614647
26378,53.7685
26379,43.425396
26380,82.131256
26381,65.185196
26382,40.19535
26383,32.531044
26384,37.868645
26385,50.458035
26386,56.98474
26387,46.51385
26388,77.53669
26389,65.42276
26390,36.065624
26391,30.0305
26392,38.72674
26393,50.90924
26394,56.669315
26395,51.699436
26396,82.97305
26397,66.33162
26398,34.998207
26399,29.14409
26400,34.49569
26401,52.109547
26402,55.845795
26403,47.455364
26404,82.23189
26405,66.6496
26406,38.11318
26407,31.10967
26408,37.267887
26409,47.803562
26410,55.90078
26411,47.22929
26412,86.12486
26413,65.37125
26414,40.199562
26415,32.173557
26416,36.363083
26417,46.402035
26418,57.25319
26419,44.058376
26420,80.1424
26421,66.6252
26422,35.755875
26423,31.558168
26424,37.03434
26425,49.6394
26426,56.75065
26427,49.937737
26428,78.48518
26429,65.36868
26430,36.029037
26431,29.869541
26432,40.57588
26433,53.664352
26434,59.964474
26435,54.57562
26436,85.59021
26437,67.171
26438,38.26702
26439,32.2235
26440,36.588142
26441,46.942055
26442,57.937366
26443,46.886032
26444,81.23672
26445,65.74844
26446,37.09036
26447,30.143013
26448,38.11075
26449,51.904198
26450,57.23975
26451,49.170864
26452,78.81967
26453,66.85283
26454,37.97863
26455,29.141476
26456,37.86177
26457,53.309586
26458,60.760838
26459,49.556427
26460,86.981155
26461,65.09683
26462,35.747704
26463,30.818403
26464,37.7401
26465,48.390842
26466,57.595135
26467,49.685383
26468,81.14896
26469,67.97268
26470,36.487183
26471,28.949951
26472,36.95209
26473,48.731976
26474,57.28256
26475,48.04332
26476,83.17139
26477,67.00076
26478,35.006855
26479,30.764011
26480,35.684296
26481,51.880775
26482,55.45015
26483,49.53272
26484,82.300026
26485,65.259796
26486,36.619423
26487,30.88566
26488,37.463932
26489,48.329784
26490,57.24217
26491,48.43255
26492,80.49008
26493,71.01068
26494,37.852985
26495,29.426079
26496,33.43038
26497,49.07014
26498,55.648853
26499,45.263336
26500,83.572495
26501,66.01192
26502,34.590748
26503,30.607687
26504,39.34046
26505,50.85163
26506,58.338818
26507,53.311554
26508,81.58218
26509,67.495155
26510,36.82112
26511,29.8861
26512,36.424404
26513,48.43594
26514,54.828926
26515,47.92817
26516,82.234825
26517,68.31216
26518,37.335915
26519,29.887901
26520,34.96871
26521,46.160263
26522,54.578346
26523,45.065247
26524,82.91417
26525,63.52932
26526,39.0207
26527,32.17801
26528,39.416916
26529,46.771534
26530,56.30556
26531,45.093838
26532,76.03094
26533,65.78548
26534,38.34316
26535,30.064194
26536,39.15513
26537,48.486225
26538,56.317795
26539,48.742527
26540,84.66411
26541,67.08555
26542,34.59984
26543,30.36554
26544,37.481064
26545,50.24397
26546,57.626488
26547,50.880318
26548,83.9803
26549,65.85921
26550,37.08445
26551,30.597706
26552,35.634377
26553,48.79146
26554,54.94123
26555,46.210285
26556,78.32724
26557,64.77484
26558,36.52005
26559,33.06134
26560,36.671577
26561,47.89566
26562,55.708744
26563,47.24016
26564,77.93443
26565,65.287575
26566,38.036842
26567,30.609295
26568,37.363297
26569,45.212284
26570,56.36498
26571,46.09316
26572,82.32262
26573,65.743515
26574,36.4292
26575,30.401514
26576,36.044266
26577,49.699173
26578,56.184895
26579,47.719334
26580,81.90491
26581,68.14612
26582,41.547234
26583,32.371243
26584,33.34171
26585,43.94786
26586,54.995434
26587,39.908302
26588,80.0736
26589,65.51758
26590,39.456757
26591,32.46037
26592,37.851677
26593,47.815144
26594,57.954887
26595,46.984806
26596,81.437775
26597,66.05969
26598,38.006744
26599,31.597387
26600,33.23372
26601,53.424416
26602,55.581013
26603,44.96541
26604,78.08467
26605,65.476006
26606,36.426548
26607,30.76974
26608,34.079414
26609,52.352325
26610,52.628315
26611,46.50324
26612,80.5929
26613,68.07568
26614,38.433907
26615,30.401968
26616,36.610313
26617,45.124645
26618,54.858036
26619,44.916008
26620,79.87326
26621,66.87384
26622,36.081135
26623,30.489573
26624,37.615852
26625,47.153362
26626,57.9167
26627,48.606323
26628,79.16015
26629,67.279724
26630,40.812378
26631,31.865932
26632,36.288296
26633,46.845222
26634,52.58443
26635,43.61386
26636,80.94497
26637,66.818436
26638,38.45076
26639,30.249931
26640,36.836082
26641,46.336754
26642,55.72885
26643,44.665035
26644,86.16
26645,67.503235
26646,36.237923
26647,30.080593
26648,36.819946
26649,50.667786
26650,55.086525
26651,49.322304
26652,83.85037
26653,67.1742
26654,34.0335
26655,29.65974
26656,34.918236
26657,49.129333
26658,51.405125
26659,48.771374
26660,82.20983
26661,67.11879
26662,39.090183
26663,31.2668
26664,35.798927
26665,50.69752
26666,57.86984
26667,46.419914
26668,85.234436
26669,64.28566
26670,35.452904
26671,31.027496
26672,41.613445
26673,52.79831
26674,57.522217
26675,55.12818
26676,80.52489
26677,68.20253
26678,35.548237
26679,29.965084
26680,36.343445
26681,48.853237
26682,56.442696
26683,49.252037
26684,80.33973
26685,64.44392
26686,38.515198
26687,33.08454
26688,36.73979
26689,48.15077
26690,57.38969
26691,45.34021
26692,79.44643
26693,65.59608
26694,32.97577
26695,30.324224
26696,37.114178
26697,46.42196
26698,56.18301
26699,50.240314
26700,79.022705
26701,64.581985
26702,36.6939
26703,30.904074
26704,37.67731
26705,50.026524
26706,56.902256
26707,49.079903
26708,81.287224
26709,67.07437
26710,38.166115
26711,31.307621
26712,35.61221
26713,43.385853
26714,55.58056
26715,43.990463
26716,80.86836
26717,65.38536
26718,34.54467
26719,30.172285
26720,40.535095
26721,53.205482
26722,57.692795
26723,55.453945
26724,80.68544
26725,65.8351
26726,38.02644
26727,32.55089
26728,36.414864
26729,49.677826
26730,58.748623
26731,46.916355
26732,81.2567
26733,65.244064
26734,38.312126
26735,30.864742
26736,36.654484
26737,47.568295
26738,54.32849
26739,45.652557
26740,78.41296
26741,66.76586
26742,38.378708
26743,31.118624
26744,38.29117
26745,47.119114
26746,61.965416
26747,46.759403
26748,83.06242
26749,65.57834
26750,36.544243
26751,31.030188
26752,37.139343
26753,47.610294
26754,55.944183
26755,48.653225
26756,79.808975
26757,65.12808
26758,36.81012
26759,30.800632
26760,40.22247
26761,53.32541
26762,59.83385
26763,52.953365
26764,82.942825
26765,63.977695
26766,38.558258
26767,30.95736
26768,38.4047
26769,50.87359
26770,55.765617
26771,48.534607
26772,81.519684
26773,66.868195
26774,35.339714
26775,31.00276
26776,36.291527
26777,48.86908
26778,53.267914
26779,49.49226
26780,81.60534
26781,65.66758
26782,35.495533
26783,30.491291
26784,37.472122
26785,46.06265
26786,56.918648
26787,48.610023
26788,80.092575
26789,65.448875
26790,36.791424
26791,31.201143
26792,33.7396
26793,52.4497
26794,55.888992
26795,46.337143
26796,78.433105
26797,66.57154
26798,39.93373
26799,30.678604
26800,35.89099
26801,46.033173
26802,54.75749
26803,43.73626
26804,80.80399
26805,66.89302
26806,35.060646
26807,31.452156
26808,34.275074
26809,49.07204
26810,54.98937
26811,47.41966
26812,79.13368
26813,67.4388
26814,36.73403
26815,31.31635
26816,35.9849
26817,48.63867
26818,58.171402
26819,47.04809
26820,81.85132
26821,65.236305
26822,36.586
26823,30.718098
26824,35.950665
26825,43.98948
26826,54.781376
26827,45.191387
26828,77.90308
26829,65.08508
26830,34.02608
26831,32.34036
26832,37.028545
26833,49.908806
26834,61.838264
26835,50.31296
26836,75.51196
26837,67.00925
26838,38.765984
26839,31.724045
26840,33.634262
26841,44.740334
26842,61.035156
26843,41.763725
26844,82.360565
26845,65.24341
26846,36.995277
26847,32.28915
26848,38.711395
26849,50.76238
26850,58.62448
26851,50.884327
26852,75.17114
26853,65.90319
26854,38.017242
26855,32.30403
26856,36.492897
26857,48.74526
26858,61.17138
26859,46.245667
26860,74.7416
26861,65.699104
26862,34.951332
26863,31.522564
26864,37.81215
26865,43.97751
26866,56.986298
26867,48.12625
26868,80.5837
26869,65.53732
26870,38.45945
26871,31.38552
26872,38.038956
26873,49.04367
26874,59.698154
26875,47.91438
26876,80.7074
26877,67.863495
26878,33.466484
26879,29.423553
26880,35.7941
26881,50.090042
26882,56.66719
26883,49.38845
26884,79.40329
26885,66.59491
26886,38.11235
26887,29.40176
26888,38.313873
26889,48.313976
26890,54.928085
26891,47.903084
26892,84.72284
26893,66.42164
26894,37.30757
26895,31.005033
26896,36.80597
26897,47.174538
26898,55.628716
26899,46.80468
26900,82.25166
26901,68.13583
26902,38.297676
26903,31.82132
26904,35.895126
26905,47.465218
26906,58.962082
26907,45.558117
26908,84.12467
26909,66.18984
26910,36.780098
26911,30.688152
26912,37.583977
26913,48.161484
26914,53.751854
26915,48.76308
26916,78.77878
26917,65.42399
26918,35.51197
26919,29.881535
26920,41.093067
26921,44.401836
26922,56.015038
26923,49.739292
26924,79.1853
26925,65.68532
26926,36.26577
26927,30.646425
26928,38.043705
26929,49.413933
26930,54.58201
26931,49.471096
26932,80.57584
26933,66.44344
26934,47.871128
26935,34.160763
26936,38.369686
26937,44.392235
26938,66.12993
26939,42.215042
26940,89.955414
26941,66.18801
26942,40.100784
26943,30.430988
26944,40.24046
26945,46.74719
26946,58.41926
26947,47.298313
26948,84.289825
26949,66.73234
26950,37.03872
26951,31.310562
26952,35.71116
26953,53.031944
26954,59.345146
26955,47.843067
26956,79.08632
26957,66.50924
26958,35.80991
26959,30.711115
26960,38.53356
26961,47.52859
26962,59.20839
26963,49.690865
26964,77.52225
26965,66.7168
26966,38.13485
26967,31.105333
26968,36.82505
26969,53.281418
26970,59.678555
26971,48.16924
26972,87.22483
26973,65.32976
26974,39.99159
26975,32.05651
26976,38.615463
26977,48.78133
26978,59.2205
26979,47.241947
26980,82.502686
26981,67.06105
26982,39.729813
26983,29.787067
26984,39.36299
26985,49.3672
26986,56.733482
26987,47.285587
26988,83.34947
26989,67.45688
26990,43.54185
26991,30.820715
26992,39.477005
26993,45.62941
26994,57.411015
26995,44.46528
26996,84.295044
26997,64.04831
26998,37.25775
26999,35.209797
27000,37.924828
27001,51.984093
27002,57.07096
27003,48.80984
27004,75.76812
27005,66.08386
27006,35.597816
27007,32.670082
27008,36.71075
27009,46.406864
27010,54.461056
27011,48.217175
27012,77.29326
27013,64.2571
27014,39.161537
27015,32.49197
27016,38.665165
27017,48.24933
27018,54.800175
27019,47.49861
27020,80.629684
27021,65.628075
27022,37.08635
27023,30.761646
27024,35.406933
27025,49.20706
27026,59.748024
27027,46.245937
27028,82.02394
27029,67.640015
27030,36.935463
27031,30.750347
27032,33.73935
27033,41.953938
27034,58.52087
27035,40.641186
27036,77.33746
27037,65.86947
27038,38.82598
27039,31.95156
27040,36.251778
27041,45.45733
27042,51.366005
27043,43.641342
27044,75.50227
27045,67.71845
27046,37.994293
27047,30.125969
27048,37.8809
27049,46.091125
27050,57.03621
27051,47.55011
27052,83.981514
27053,65.03967
27054,34.093273
27055,30.867332
27056,38.941048
27057,48.69964
27058,56.387672
27059,52.527992
27060,78.58528
27061,66.66785
27062,36.4853
27063,30.437452
27064,37.32412
27065,47.49567
27066,55.463234
27067,48.211544
27068,83.49797
27069,67.54471
27070,38.869713
27071,30.712082
27072,34.774017
27073,48.470634
27074,58.91732
27075,44.47781
27076,83.1593
27077,65.651505
27078,38.493233
27079,32.150818
27080,39.786415
27081,47.303814
27082,58.75504
27083,49.81265
27084,81.3256
27085,65.471466
27086,39.14027
27087,32.865974
27088,38.27787
27089,52.43711
27090,56.658737
27091,48.237064
27092,77.223434
27093,64.91222
27094,34.431633
27095,31.326834
27096,40.226223
27097,49.622265
27098,55.195915
27099,53.550667
27100,77.644135
27101,67.61734
27102,38.545208
27103,31.033932
27104,35.822124
27105,49.14008
27106,57.581043
27107,45.777245
27108,82.210815
27109,66.664024
27110,36.426796
27111,30.757053
27112,36.768715
27113,44.10183
27114,55.798126
27115,45.85825
27116,75.420654
27117,66.44566
27118,39.03837
27119,31.774467
27120,37.726444
27121,47.59164
27122,57.671673
27123,46.879387
27124,81.86323
